account_id,created_at,region,segment,acquisition_channel
A000001,2024-05-24,LATAM,SMB,organic
A000002,2025-03-18,APAC,SMB,organic
A000003,2024-07-03,APAC,SMB,paid_search
A000004,2024-01-12,EMEA,SMB,referral
A000005,2025-09-06,LATAM,mid_market,outbound
A000006,2024-07-30,LATAM,SMB,outbound
A000007,2023-10-24,NA,SMB,outbound
A000008,2024-07-29,APAC,SMB,outbound
A000009,2024-08-15,APAC,SMB,paid_search
A000010,2023-12-30,NA,SMB,outbound
A000011,2025-07-03,NA,SMB,outbound
A000012,2024-12-14,LATAM,SMB,outbound
A000013,2024-10-07,APAC,enterprise,organic
A000014,2023-11-11,APAC,SMB,outbound
A000015,2024-04-20,APAC,mid_market,organic
A000016,2023-04-09,NA,SMB,paid_search
A000017,2024-09-14,LATAM,mid_market,referral
A000018,2024-11-06,EMEA,SMB,outbound
A000019,2025-02-15,LATAM,SMB,partner
A000020,2023-05-11,NA,mid_market,referral
A000021,2023-09-14,APAC,SMB,outbound
A000022,2025-05-10,LATAM,mid_market,organic
A000023,2025-06-05,LATAM,enterprise,outbound
A000024,2023-05-25,LATAM,SMB,organic
A000025,2024-09-14,EMEA,SMB,partner
A000026,2023-05-28,EMEA,mid_market,referral
A000027,2023-03-01,APAC,SMB,outbound
A000028,2025-08-11,LATAM,mid_market,outbound
A000029,2024-04-15,APAC,mid_market,organic
A000030,2023-10-03,LATAM,SMB,paid_search
A000031,2024-11-29,NA,SMB,referral
A000032,2025-08-07,APAC,SMB,referral
A000033,2024-12-18,APAC,SMB,paid_search
A000034,2024-04-28,LATAM,SMB,outbound
A000035,2023-08-19,APAC,SMB,outbound
A000036,2024-10-22,LATAM,mid_market,paid_search
A000037,2025-06-06,NA,SMB,paid_search
A000038,2025-06-22,APAC,SMB,referral
A000039,2024-04-15,LATAM,SMB,paid_search
A000040,2024-02-15,NA,SMB,partner
A000041,2024-08-23,APAC,SMB,paid_search
A000042,2023-01-24,NA,SMB,organic
A000043,2024-04-24,APAC,mid_market,outbound
A000044,2024-02-24,EMEA,SMB,partner
A000045,2024-12-01,LATAM,SMB,organic
A000046,2024-09-28,APAC,SMB,partner
A000047,2023-04-03,EMEA,SMB,paid_search
A000048,2025-05-12,APAC,mid_market,paid_search
A000049,2024-11-14,EMEA,SMB,outbound
A000050,2024-06-17,EMEA,SMB,partner
A000051,2024-04-20,APAC,mid_market,partner
A000052,2024-01-04,NA,enterprise,organic
A000053,2024-05-20,APAC,SMB,organic
A000054,2025-06-12,EMEA,SMB,organic
A000055,2025-08-21,EMEA,SMB,referral
A000056,2025-05-04,LATAM,SMB,paid_search
A000057,2025-02-27,APAC,SMB,organic
A000058,2023-09-16,NA,SMB,outbound
A000059,2023-11-03,NA,mid_market,outbound
A000060,2024-01-08,APAC,mid_market,outbound
A000061,2023-12-08,NA,mid_market,outbound
A000062,2023-03-23,APAC,SMB,paid_search
A000063,2023-08-05,EMEA,mid_market,organic
A000064,2024-08-09,LATAM,SMB,organic
A000065,2024-05-12,EMEA,mid_market,paid_search
A000066,2024-04-05,APAC,SMB,paid_search
A000067,2023-11-10,NA,SMB,partner
A000068,2023-01-30,EMEA,SMB,organic
A000069,2024-06-21,NA,SMB,paid_search
A000070,2025-04-11,APAC,SMB,outbound
A000071,2025-03-01,NA,SMB,partner
A000072,2024-07-11,APAC,mid_market,outbound
A000073,2024-08-07,APAC,mid_market,outbound
A000074,2025-01-27,LATAM,SMB,outbound
A000075,2025-05-29,APAC,mid_market,partner
A000076,2023-01-16,LATAM,SMB,outbound
A000077,2024-03-22,EMEA,SMB,paid_search
A000078,2024-09-02,NA,SMB,organic
A000079,2024-07-14,APAC,mid_market,partner
A000080,2024-08-18,NA,SMB,referral
A000081,2024-02-21,EMEA,SMB,partner
A000082,2023-10-14,NA,mid_market,partner
A000083,2025-05-25,NA,SMB,organic
A000084,2023-03-18,APAC,SMB,organic
A000085,2023-12-22,NA,SMB,outbound
A000086,2024-11-30,LATAM,SMB,outbound
A000087,2023-05-16,NA,SMB,referral
A000088,2025-01-14,APAC,SMB,paid_search
A000089,2024-08-16,LATAM,SMB,organic
A000090,2024-07-22,APAC,SMB,outbound
A000091,2025-07-09,EMEA,SMB,organic
A000092,2023-02-18,EMEA,SMB,paid_search
A000093,2024-03-16,EMEA,enterprise,partner
A000094,2023-12-14,NA,SMB,organic
A000095,2025-05-16,EMEA,SMB,organic
A000096,2023-06-15,NA,SMB,paid_search
A000097,2023-02-28,NA,SMB,outbound
A000098,2023-11-27,LATAM,SMB,outbound
A000099,2023-02-21,APAC,enterprise,paid_search
A000100,2024-04-16,EMEA,SMB,referral
A000101,2023-01-22,EMEA,SMB,referral
A000102,2024-08-02,EMEA,SMB,referral
A000103,2024-05-25,NA,SMB,organic
A000104,2024-03-02,EMEA,SMB,outbound
A000105,2025-05-04,APAC,SMB,referral
A000106,2024-03-27,APAC,mid_market,outbound
A000107,2025-09-07,EMEA,mid_market,paid_search
A000108,2023-09-15,EMEA,SMB,paid_search
A000109,2025-08-07,LATAM,SMB,outbound
A000110,2025-07-22,NA,SMB,partner
A000111,2023-08-26,APAC,SMB,partner
A000112,2025-09-20,EMEA,SMB,organic
A000113,2025-06-24,EMEA,SMB,organic
A000114,2024-01-23,EMEA,SMB,paid_search
A000115,2024-04-20,NA,SMB,referral
A000116,2024-03-06,LATAM,mid_market,organic
A000117,2024-03-13,EMEA,SMB,referral
A000118,2023-03-26,EMEA,SMB,referral
A000119,2023-03-18,LATAM,SMB,partner
A000120,2023-10-17,EMEA,SMB,outbound
A000121,2024-01-22,APAC,SMB,outbound
A000122,2024-03-01,APAC,SMB,organic
A000123,2024-03-18,NA,SMB,partner
A000124,2023-01-31,EMEA,SMB,referral
A000125,2024-07-08,APAC,SMB,referral
A000126,2024-07-04,EMEA,SMB,outbound
A000127,2024-01-25,EMEA,mid_market,organic
A000128,2025-03-09,LATAM,SMB,paid_search
A000129,2025-03-30,LATAM,SMB,organic
A000130,2025-02-24,EMEA,mid_market,paid_search
A000131,2024-12-16,EMEA,SMB,paid_search
A000132,2024-04-18,APAC,SMB,referral
A000133,2023-07-02,NA,mid_market,paid_search
A000134,2025-04-18,LATAM,SMB,organic
A000135,2023-08-21,NA,mid_market,organic
A000136,2024-04-30,NA,SMB,outbound
A000137,2023-09-13,APAC,SMB,outbound
A000138,2023-04-16,NA,mid_market,outbound
A000139,2023-11-14,EMEA,SMB,paid_search
A000140,2025-06-14,NA,SMB,paid_search
A000141,2024-11-02,LATAM,mid_market,referral
A000142,2024-09-29,NA,SMB,outbound
A000143,2023-09-26,EMEA,SMB,paid_search
A000144,2023-11-28,NA,SMB,outbound
A000145,2024-09-11,LATAM,SMB,referral
A000146,2023-07-12,EMEA,SMB,organic
A000147,2025-03-15,EMEA,SMB,outbound
A000148,2023-02-06,EMEA,mid_market,referral
A000149,2025-01-30,APAC,mid_market,partner
A000150,2024-05-14,APAC,SMB,paid_search
A000151,2025-08-09,LATAM,mid_market,paid_search
A000152,2024-07-10,NA,mid_market,partner
A000153,2023-12-28,NA,SMB,outbound
A000154,2023-11-08,EMEA,SMB,paid_search
A000155,2024-06-02,APAC,SMB,paid_search
A000156,2023-07-16,EMEA,SMB,outbound
A000157,2023-07-15,APAC,SMB,outbound
A000158,2024-09-22,NA,mid_market,paid_search
A000159,2024-10-10,EMEA,mid_market,organic
A000160,2025-09-07,NA,SMB,paid_search
A000161,2025-07-09,APAC,SMB,organic
A000162,2024-05-11,APAC,SMB,outbound
A000163,2025-07-06,NA,SMB,organic
A000164,2023-02-06,LATAM,mid_market,outbound
A000165,2023-10-22,APAC,SMB,referral
A000166,2024-07-19,EMEA,mid_market,organic
A000167,2023-10-27,EMEA,mid_market,referral
A000168,2023-02-17,NA,enterprise,outbound
A000169,2025-05-06,EMEA,SMB,partner
A000170,2025-09-08,EMEA,mid_market,outbound
A000171,2024-08-15,NA,SMB,outbound
A000172,2023-04-23,EMEA,SMB,paid_search
A000173,2023-01-16,NA,SMB,paid_search
A000174,2023-04-10,NA,mid_market,referral
A000175,2023-06-16,LATAM,SMB,paid_search
A000176,2023-06-17,EMEA,mid_market,organic
A000177,2024-11-04,EMEA,SMB,outbound
A000178,2024-08-05,LATAM,mid_market,referral
A000179,2024-05-03,NA,SMB,outbound
A000180,2023-08-12,EMEA,SMB,partner
A000181,2024-02-29,APAC,SMB,paid_search
A000182,2025-02-28,APAC,SMB,partner
A000183,2025-01-17,APAC,mid_market,paid_search
A000184,2024-05-15,EMEA,SMB,paid_search
A000185,2025-06-10,NA,SMB,referral
A000186,2025-07-07,EMEA,SMB,partner
A000187,2023-08-02,APAC,SMB,paid_search
A000188,2025-03-11,LATAM,SMB,referral
A000189,2023-06-10,EMEA,SMB,partner
A000190,2025-03-03,EMEA,SMB,outbound
A000191,2024-02-16,NA,SMB,organic
A000192,2024-11-10,LATAM,SMB,organic
A000193,2024-10-01,APAC,SMB,partner
A000194,2023-07-02,APAC,mid_market,organic
A000195,2025-08-08,NA,SMB,paid_search
A000196,2024-11-06,LATAM,SMB,referral
A000197,2023-12-02,APAC,SMB,referral
A000198,2023-09-06,NA,mid_market,partner
A000199,2025-07-06,APAC,SMB,paid_search
A000200,2025-08-31,LATAM,SMB,referral
A000201,2023-03-19,NA,mid_market,partner
A000202,2024-04-29,APAC,mid_market,outbound
A000203,2023-08-13,EMEA,SMB,partner
A000204,2025-03-19,APAC,SMB,referral
A000205,2023-01-17,APAC,SMB,partner
A000206,2023-01-14,LATAM,SMB,paid_search
A000207,2024-09-27,EMEA,SMB,partner
A000208,2023-12-11,NA,enterprise,organic
A000209,2023-02-12,NA,SMB,referral
A000210,2024-01-02,NA,SMB,partner
A000211,2024-09-21,LATAM,SMB,outbound
A000212,2025-03-11,NA,SMB,referral
A000213,2025-07-29,NA,SMB,outbound
A000214,2024-03-08,EMEA,SMB,outbound
A000215,2024-10-16,LATAM,SMB,outbound
A000216,2025-03-30,LATAM,SMB,organic
A000217,2025-07-10,EMEA,mid_market,outbound
A000218,2025-03-22,EMEA,SMB,referral
A000219,2023-01-23,LATAM,mid_market,paid_search
A000220,2023-06-12,EMEA,mid_market,paid_search
A000221,2024-04-14,LATAM,SMB,referral
A000222,2024-03-14,APAC,SMB,organic
A000223,2023-09-02,EMEA,SMB,paid_search
A000224,2023-01-24,LATAM,SMB,referral
A000225,2025-03-18,LATAM,SMB,outbound
A000226,2024-01-21,APAC,SMB,outbound
A000227,2025-03-10,EMEA,SMB,outbound
A000228,2023-01-08,NA,mid_market,partner
A000229,2024-03-29,EMEA,mid_market,referral
A000230,2023-04-26,NA,SMB,outbound
A000231,2023-10-25,NA,SMB,organic
A000232,2024-12-14,NA,SMB,outbound
A000233,2024-11-12,LATAM,SMB,partner
A000234,2023-09-26,APAC,SMB,organic
A000235,2025-08-17,EMEA,SMB,outbound
A000236,2024-03-30,LATAM,mid_market,partner
A000237,2023-01-20,EMEA,SMB,partner
A000238,2024-03-09,EMEA,SMB,partner
A000239,2025-07-05,NA,mid_market,referral
A000240,2023-09-07,EMEA,SMB,referral
A000241,2024-08-29,EMEA,mid_market,organic
A000242,2023-07-30,EMEA,mid_market,organic
A000243,2023-07-03,APAC,mid_market,paid_search
A000244,2024-06-03,NA,mid_market,organic
A000245,2023-07-07,APAC,mid_market,organic
A000246,2024-04-08,LATAM,mid_market,organic
A000247,2025-07-03,EMEA,SMB,paid_search
A000248,2023-11-25,LATAM,SMB,organic
A000249,2024-05-08,NA,SMB,partner
A000250,2024-08-05,NA,SMB,paid_search
A000251,2024-09-16,EMEA,mid_market,organic
A000252,2025-04-26,APAC,enterprise,paid_search
A000253,2024-05-11,LATAM,SMB,partner
A000254,2024-09-22,LATAM,SMB,partner
A000255,2023-09-30,NA,mid_market,referral
A000256,2025-06-04,APAC,SMB,outbound
A000257,2025-03-18,APAC,SMB,partner
A000258,2023-12-29,EMEA,mid_market,paid_search
A000259,2025-08-05,LATAM,mid_market,organic
A000260,2024-03-01,EMEA,SMB,partner
A000261,2024-11-07,LATAM,SMB,organic
A000262,2025-05-08,APAC,SMB,paid_search
A000263,2023-03-05,APAC,mid_market,referral
A000264,2023-11-22,LATAM,SMB,referral
A000265,2024-01-09,NA,mid_market,referral
A000266,2023-07-24,EMEA,enterprise,referral
A000267,2023-11-18,APAC,SMB,outbound
A000268,2024-06-30,NA,SMB,partner
A000269,2025-04-03,EMEA,mid_market,partner
A000270,2023-04-26,LATAM,mid_market,partner
A000271,2024-04-28,LATAM,SMB,referral
A000272,2024-03-06,EMEA,mid_market,partner
A000273,2023-12-29,EMEA,SMB,outbound
A000274,2023-09-01,LATAM,mid_market,referral
A000275,2023-05-14,APAC,mid_market,referral
A000276,2024-02-17,APAC,SMB,paid_search
A000277,2024-01-02,APAC,mid_market,outbound
A000278,2023-11-02,EMEA,SMB,partner
A000279,2023-09-27,APAC,SMB,organic
A000280,2024-04-12,NA,SMB,outbound
A000281,2024-09-18,NA,mid_market,referral
A000282,2024-12-17,LATAM,mid_market,organic
A000283,2023-09-18,NA,SMB,organic
A000284,2024-11-10,EMEA,mid_market,partner
A000285,2023-04-07,APAC,SMB,referral
A000286,2025-09-22,APAC,SMB,partner
A000287,2025-01-30,APAC,enterprise,paid_search
A000288,2025-06-03,NA,SMB,outbound
A000289,2025-05-01,LATAM,mid_market,organic
A000290,2023-06-26,EMEA,SMB,paid_search
A000291,2025-01-16,APAC,mid_market,outbound
A000292,2023-05-04,APAC,SMB,paid_search
A000293,2025-07-19,EMEA,enterprise,organic
A000294,2024-05-15,LATAM,SMB,partner
A000295,2025-02-12,EMEA,SMB,outbound
A000296,2024-06-02,APAC,mid_market,partner
A000297,2024-07-29,NA,SMB,outbound
A000298,2023-10-05,EMEA,SMB,referral
A000299,2023-02-27,NA,SMB,referral
A000300,2025-03-15,LATAM,SMB,referral
A000301,2023-12-08,NA,SMB,outbound
A000302,2023-12-22,LATAM,SMB,partner
A000303,2023-05-26,NA,SMB,paid_search
A000304,2024-09-23,APAC,SMB,organic
A000305,2024-02-29,LATAM,mid_market,paid_search
A000306,2024-02-02,LATAM,SMB,partner
A000307,2023-11-21,NA,SMB,partner
A000308,2024-07-16,LATAM,SMB,paid_search
A000309,2024-12-23,APAC,enterprise,outbound
A000310,2024-03-06,APAC,SMB,referral
A000311,2023-07-27,NA,mid_market,partner
A000312,2024-04-09,EMEA,mid_market,organic
A000313,2024-01-14,APAC,enterprise,organic
A000314,2023-11-02,LATAM,SMB,partner
A000315,2025-03-12,EMEA,SMB,organic
A000316,2025-08-19,LATAM,SMB,referral
A000317,2025-05-28,LATAM,SMB,outbound
A000318,2023-10-01,LATAM,SMB,organic
A000319,2023-02-27,NA,SMB,paid_search
A000320,2023-03-22,EMEA,SMB,outbound
A000321,2023-06-24,EMEA,SMB,partner
A000322,2023-10-17,NA,enterprise,organic
A000323,2025-07-17,APAC,SMB,partner
A000324,2023-06-01,LATAM,mid_market,outbound
A000325,2023-05-01,EMEA,mid_market,outbound
A000326,2023-06-17,LATAM,SMB,outbound
A000327,2023-11-09,EMEA,mid_market,partner
A000328,2023-10-22,NA,SMB,partner
A000329,2025-01-30,EMEA,SMB,paid_search
A000330,2024-12-01,LATAM,SMB,organic
A000331,2025-07-11,APAC,mid_market,paid_search
A000332,2023-08-28,APAC,mid_market,referral
A000333,2023-08-05,NA,mid_market,paid_search
A000334,2024-02-04,LATAM,SMB,paid_search
A000335,2024-08-24,LATAM,SMB,outbound
A000336,2025-01-19,LATAM,SMB,paid_search
A000337,2023-05-04,NA,SMB,referral
A000338,2024-11-01,LATAM,mid_market,referral
A000339,2023-09-17,NA,SMB,referral
A000340,2024-07-10,NA,SMB,referral
A000341,2024-09-08,APAC,SMB,referral
A000342,2023-12-04,APAC,SMB,paid_search
A000343,2023-04-04,APAC,SMB,paid_search
A000344,2025-05-28,NA,mid_market,organic
A000345,2023-04-10,EMEA,SMB,referral
A000346,2023-10-21,NA,SMB,organic
A000347,2023-09-06,APAC,SMB,outbound
A000348,2023-04-27,NA,mid_market,organic
A000349,2023-03-31,APAC,SMB,referral
A000350,2025-09-12,APAC,mid_market,outbound
A000351,2023-08-20,NA,SMB,outbound
A000352,2024-04-06,APAC,SMB,partner
A000353,2023-08-17,NA,enterprise,outbound
A000354,2025-04-03,EMEA,enterprise,organic
A000355,2024-01-22,EMEA,mid_market,paid_search
A000356,2025-08-19,APAC,SMB,referral
A000357,2023-02-12,APAC,SMB,referral
A000358,2025-02-09,LATAM,SMB,referral
A000359,2025-02-23,APAC,SMB,referral
A000360,2024-10-21,NA,SMB,paid_search
A000361,2024-06-13,NA,mid_market,paid_search
A000362,2024-06-12,NA,SMB,referral
A000363,2025-04-27,APAC,SMB,organic
A000364,2024-05-01,APAC,mid_market,partner
A000365,2024-06-28,EMEA,SMB,referral
A000366,2025-02-26,APAC,SMB,outbound
A000367,2025-07-15,LATAM,mid_market,paid_search
A000368,2023-03-28,NA,mid_market,paid_search
A000369,2025-06-14,NA,SMB,organic
A000370,2025-08-08,NA,SMB,paid_search
A000371,2025-03-24,NA,SMB,outbound
A000372,2023-10-30,LATAM,SMB,organic
A000373,2024-05-18,APAC,SMB,referral
A000374,2025-06-13,EMEA,SMB,organic
A000375,2024-06-26,EMEA,mid_market,organic
A000376,2023-07-24,NA,SMB,outbound
A000377,2024-05-17,EMEA,mid_market,referral
A000378,2024-04-20,APAC,SMB,outbound
A000379,2024-02-21,NA,SMB,paid_search
A000380,2025-08-08,EMEA,enterprise,organic
A000381,2023-11-15,LATAM,mid_market,referral
A000382,2023-04-18,EMEA,mid_market,outbound
A000383,2023-12-24,LATAM,mid_market,partner
A000384,2023-11-20,NA,SMB,referral
A000385,2024-01-23,NA,SMB,outbound
A000386,2024-04-08,LATAM,SMB,paid_search
A000387,2024-03-14,NA,enterprise,referral
A000388,2023-06-16,LATAM,SMB,organic
A000389,2023-12-15,LATAM,SMB,organic
A000390,2023-07-16,LATAM,mid_market,referral
A000391,2023-09-16,EMEA,SMB,referral
A000392,2024-12-12,EMEA,SMB,referral
A000393,2024-05-03,EMEA,SMB,organic
A000394,2025-03-23,EMEA,enterprise,paid_search
A000395,2024-09-20,APAC,SMB,partner
A000396,2023-10-16,LATAM,SMB,outbound
A000397,2023-08-10,LATAM,SMB,referral
A000398,2023-11-17,LATAM,SMB,organic
A000399,2025-04-09,EMEA,SMB,referral
A000400,2023-06-06,APAC,mid_market,outbound
A000401,2025-01-19,APAC,SMB,organic
A000402,2023-04-19,APAC,SMB,paid_search
A000403,2025-08-03,NA,SMB,paid_search
A000404,2024-05-31,LATAM,SMB,outbound
A000405,2023-06-14,LATAM,SMB,outbound
A000406,2023-03-28,LATAM,mid_market,referral
A000407,2024-01-13,NA,mid_market,partner
A000408,2025-02-05,EMEA,SMB,organic
A000409,2023-11-23,APAC,SMB,organic
A000410,2025-06-12,EMEA,SMB,referral
A000411,2024-10-31,LATAM,SMB,referral
A000412,2023-10-28,NA,SMB,outbound
A000413,2024-11-23,NA,SMB,organic
A000414,2025-02-06,LATAM,SMB,organic
A000415,2024-08-27,EMEA,SMB,outbound
A000416,2024-07-16,EMEA,SMB,paid_search
A000417,2025-07-21,APAC,SMB,organic
A000418,2023-08-29,APAC,SMB,organic
A000419,2024-07-09,EMEA,SMB,outbound
A000420,2025-05-07,NA,mid_market,referral
A000421,2025-01-23,LATAM,SMB,partner
A000422,2023-02-10,APAC,SMB,paid_search
A000423,2025-02-19,APAC,SMB,referral
A000424,2023-01-04,APAC,mid_market,outbound
A000425,2025-04-22,LATAM,SMB,outbound
A000426,2025-04-07,APAC,enterprise,partner
A000427,2023-07-25,APAC,mid_market,partner
A000428,2025-06-03,APAC,mid_market,referral
A000429,2024-09-16,EMEA,SMB,referral
A000430,2023-04-06,EMEA,mid_market,referral
A000431,2024-06-19,NA,SMB,organic
A000432,2025-02-26,APAC,SMB,outbound
A000433,2023-11-20,NA,SMB,organic
A000434,2024-10-19,EMEA,SMB,partner
A000435,2024-10-07,APAC,mid_market,organic
A000436,2024-02-04,APAC,SMB,paid_search
A000437,2023-03-02,NA,mid_market,organic
A000438,2023-01-29,NA,mid_market,referral
A000439,2024-01-25,LATAM,SMB,referral
A000440,2025-05-27,EMEA,SMB,outbound
A000441,2024-10-12,NA,SMB,organic
A000442,2023-11-03,EMEA,mid_market,referral
A000443,2024-06-24,EMEA,SMB,outbound
A000444,2025-03-26,NA,enterprise,referral
A000445,2023-07-08,EMEA,SMB,referral
A000446,2024-09-22,NA,SMB,organic
A000447,2024-09-25,APAC,SMB,partner
A000448,2023-05-19,LATAM,SMB,partner
A000449,2025-08-20,LATAM,SMB,partner
A000450,2023-03-13,LATAM,SMB,organic
A000451,2023-07-13,EMEA,SMB,paid_search
A000452,2025-02-09,NA,SMB,paid_search
A000453,2024-12-17,EMEA,SMB,organic
A000454,2023-08-05,EMEA,enterprise,paid_search
A000455,2024-08-11,EMEA,SMB,outbound
A000456,2023-04-27,EMEA,SMB,organic
A000457,2024-11-08,EMEA,SMB,partner
A000458,2023-04-26,EMEA,SMB,referral
A000459,2023-10-27,EMEA,SMB,partner
A000460,2023-07-06,EMEA,SMB,partner
A000461,2025-06-30,LATAM,SMB,paid_search
A000462,2024-07-19,NA,SMB,organic
A000463,2023-10-20,EMEA,SMB,organic
A000464,2023-04-14,NA,SMB,referral
A000465,2024-10-29,NA,SMB,paid_search
A000466,2023-12-07,EMEA,SMB,outbound
A000467,2023-06-07,NA,mid_market,partner
A000468,2024-10-20,NA,SMB,organic
A000469,2024-12-17,LATAM,mid_market,partner
A000470,2024-09-04,APAC,enterprise,outbound
A000471,2023-10-26,LATAM,SMB,partner
A000472,2024-04-10,APAC,SMB,paid_search
A000473,2024-06-17,LATAM,SMB,referral
A000474,2024-08-17,EMEA,mid_market,organic
A000475,2023-02-05,LATAM,SMB,organic
A000476,2023-05-12,APAC,mid_market,partner
A000477,2023-07-24,NA,SMB,referral
A000478,2024-04-12,EMEA,SMB,outbound
A000479,2025-01-23,EMEA,SMB,outbound
A000480,2023-08-11,NA,SMB,referral
A000481,2024-12-11,EMEA,SMB,outbound
A000482,2024-09-24,LATAM,mid_market,referral
A000483,2024-06-25,NA,SMB,referral
A000484,2024-09-08,EMEA,SMB,outbound
A000485,2023-12-15,LATAM,SMB,partner
A000486,2024-08-16,EMEA,SMB,organic
A000487,2025-01-10,LATAM,SMB,outbound
A000488,2024-02-10,NA,mid_market,paid_search
A000489,2025-01-11,LATAM,SMB,referral
A000490,2024-04-28,APAC,SMB,paid_search
A000491,2024-05-02,NA,mid_market,partner
A000492,2023-09-19,LATAM,SMB,referral
A000493,2023-09-04,LATAM,SMB,paid_search
A000494,2023-02-07,EMEA,SMB,partner
A000495,2025-09-21,NA,mid_market,partner
A000496,2023-09-26,NA,enterprise,paid_search
A000497,2025-03-02,NA,SMB,referral
A000498,2025-08-31,LATAM,SMB,partner
A000499,2023-04-10,EMEA,SMB,organic
A000500,2025-08-26,LATAM,SMB,organic
A000501,2023-01-04,EMEA,SMB,referral
A000502,2024-08-12,EMEA,SMB,outbound
A000503,2024-08-07,NA,mid_market,partner
A000504,2025-04-05,APAC,enterprise,partner
A000505,2024-08-23,APAC,mid_market,paid_search
A000506,2023-06-06,LATAM,SMB,organic
A000507,2023-05-25,APAC,SMB,paid_search
A000508,2023-11-21,APAC,mid_market,organic
A000509,2023-10-23,APAC,SMB,outbound
A000510,2023-02-03,APAC,enterprise,paid_search
A000511,2025-03-18,APAC,SMB,referral
A000512,2025-03-31,LATAM,SMB,referral
A000513,2024-08-13,EMEA,mid_market,organic
A000514,2024-12-08,APAC,SMB,partner
A000515,2023-03-05,EMEA,SMB,referral
A000516,2024-06-18,EMEA,SMB,partner
A000517,2025-05-02,EMEA,SMB,paid_search
A000518,2024-04-29,NA,SMB,outbound
A000519,2024-05-19,EMEA,SMB,referral
A000520,2023-08-20,LATAM,SMB,referral
A000521,2023-10-12,EMEA,SMB,partner
A000522,2025-03-06,EMEA,SMB,paid_search
A000523,2023-04-30,LATAM,SMB,organic
A000524,2023-04-24,APAC,mid_market,outbound
A000525,2023-02-23,LATAM,SMB,partner
A000526,2023-05-31,LATAM,SMB,organic
A000527,2024-10-24,NA,mid_market,partner
A000528,2025-06-23,EMEA,SMB,organic
A000529,2024-04-21,LATAM,SMB,partner
A000530,2025-06-27,LATAM,SMB,paid_search
A000531,2024-03-30,LATAM,SMB,paid_search
A000532,2023-05-23,LATAM,SMB,paid_search
A000533,2023-04-06,EMEA,SMB,organic
A000534,2024-01-09,EMEA,mid_market,outbound
A000535,2023-10-09,NA,SMB,organic
A000536,2023-04-22,EMEA,SMB,organic
A000537,2023-06-13,APAC,SMB,organic
A000538,2023-06-14,NA,SMB,referral
A000539,2025-09-14,LATAM,SMB,partner
A000540,2025-07-23,LATAM,SMB,paid_search
A000541,2024-11-07,LATAM,enterprise,organic
A000542,2025-09-26,NA,SMB,paid_search
A000543,2023-05-10,NA,mid_market,paid_search
A000544,2025-07-25,LATAM,SMB,outbound
A000545,2023-12-14,NA,SMB,organic
A000546,2025-08-29,LATAM,mid_market,paid_search
A000547,2023-01-30,LATAM,SMB,partner
A000548,2025-04-20,APAC,enterprise,organic
A000549,2023-07-14,NA,enterprise,referral
A000550,2024-10-17,LATAM,SMB,outbound
A000551,2023-11-10,APAC,SMB,referral
A000552,2023-10-09,LATAM,SMB,partner
A000553,2025-07-31,APAC,enterprise,partner
A000554,2023-09-18,LATAM,mid_market,outbound
A000555,2023-07-27,APAC,SMB,partner
A000556,2023-09-23,LATAM,mid_market,paid_search
A000557,2025-06-13,EMEA,SMB,outbound
A000558,2023-01-06,LATAM,SMB,outbound
A000559,2024-06-27,APAC,mid_market,outbound
A000560,2024-02-26,EMEA,mid_market,partner
A000561,2023-10-22,LATAM,SMB,organic
A000562,2025-03-17,LATAM,SMB,referral
A000563,2024-04-10,EMEA,SMB,organic
A000564,2023-11-22,NA,SMB,paid_search
A000565,2023-05-06,LATAM,mid_market,paid_search
A000566,2024-03-02,NA,SMB,referral
A000567,2024-01-04,LATAM,SMB,paid_search
A000568,2025-04-30,LATAM,SMB,referral
A000569,2025-07-15,APAC,SMB,outbound
A000570,2023-03-09,APAC,SMB,outbound
A000571,2025-07-19,LATAM,SMB,outbound
A000572,2023-01-07,APAC,SMB,paid_search
A000573,2025-07-01,EMEA,mid_market,referral
A000574,2023-11-04,APAC,SMB,referral
A000575,2025-04-26,EMEA,SMB,outbound
A000576,2025-05-11,EMEA,SMB,partner
A000577,2024-09-19,APAC,SMB,organic
A000578,2023-12-23,NA,SMB,partner
A000579,2023-10-07,LATAM,mid_market,paid_search
A000580,2025-07-31,APAC,mid_market,referral
A000581,2025-07-28,EMEA,SMB,partner
A000582,2023-02-25,NA,mid_market,outbound
A000583,2023-07-22,NA,SMB,outbound
A000584,2023-12-07,NA,SMB,outbound
A000585,2023-04-12,LATAM,SMB,referral
A000586,2024-03-18,APAC,mid_market,referral
A000587,2024-01-06,LATAM,SMB,referral
A000588,2023-03-12,LATAM,SMB,referral
A000589,2025-04-16,EMEA,SMB,paid_search
A000590,2024-07-24,LATAM,SMB,paid_search
A000591,2025-08-05,NA,mid_market,organic
A000592,2025-06-20,APAC,SMB,organic
A000593,2024-04-08,LATAM,mid_market,referral
A000594,2025-08-02,NA,mid_market,partner
A000595,2025-01-05,APAC,SMB,paid_search
A000596,2023-06-23,LATAM,SMB,partner
A000597,2023-08-14,LATAM,SMB,partner
A000598,2023-08-26,NA,mid_market,organic
A000599,2023-02-06,EMEA,SMB,paid_search
A000600,2025-03-06,APAC,SMB,organic
A000601,2023-05-15,NA,SMB,organic
A000602,2023-06-28,APAC,SMB,outbound
A000603,2023-03-22,EMEA,SMB,organic
A000604,2023-03-21,NA,mid_market,outbound
A000605,2023-11-13,APAC,SMB,referral
A000606,2024-05-27,EMEA,SMB,referral
A000607,2024-02-05,EMEA,SMB,organic
A000608,2025-05-16,LATAM,SMB,partner
A000609,2023-11-07,APAC,SMB,outbound
A000610,2025-04-21,NA,mid_market,paid_search
A000611,2024-06-04,LATAM,SMB,paid_search
A000612,2024-03-22,EMEA,SMB,referral
A000613,2024-03-09,EMEA,mid_market,organic
A000614,2024-07-05,EMEA,SMB,referral
A000615,2024-05-19,LATAM,SMB,outbound
A000616,2024-06-18,LATAM,SMB,outbound
A000617,2023-05-29,NA,mid_market,organic
A000618,2024-12-04,LATAM,SMB,paid_search
A000619,2025-03-02,APAC,SMB,paid_search
A000620,2025-03-12,NA,SMB,outbound
A000621,2025-08-10,EMEA,mid_market,referral
A000622,2023-10-11,NA,SMB,paid_search
A000623,2023-03-22,LATAM,SMB,organic
A000624,2023-01-18,EMEA,mid_market,outbound
A000625,2025-03-18,EMEA,SMB,partner
A000626,2025-05-16,EMEA,SMB,paid_search
A000627,2023-04-24,APAC,enterprise,partner
A000628,2023-04-09,NA,SMB,partner
A000629,2024-07-23,NA,mid_market,paid_search
A000630,2025-01-05,NA,SMB,partner
A000631,2024-08-13,EMEA,SMB,referral
A000632,2024-08-01,NA,SMB,partner
A000633,2025-08-22,EMEA,mid_market,organic
A000634,2023-07-31,EMEA,SMB,partner
A000635,2025-06-30,NA,SMB,outbound
A000636,2025-09-28,LATAM,SMB,paid_search
A000637,2025-06-11,NA,SMB,referral
A000638,2024-04-26,LATAM,SMB,referral
A000639,2024-05-02,APAC,SMB,referral
A000640,2024-02-13,LATAM,mid_market,referral
A000641,2025-05-30,APAC,mid_market,paid_search
A000642,2023-05-27,NA,SMB,outbound
A000643,2023-04-26,EMEA,SMB,paid_search
A000644,2023-10-20,APAC,mid_market,outbound
A000645,2024-12-24,NA,SMB,organic
A000646,2023-12-06,NA,SMB,referral
A000647,2024-03-05,EMEA,SMB,organic
A000648,2023-10-08,LATAM,SMB,organic
A000649,2025-07-09,NA,mid_market,paid_search
A000650,2025-05-20,EMEA,SMB,organic
A000651,2024-11-28,NA,mid_market,paid_search
A000652,2024-12-30,LATAM,SMB,partner
A000653,2024-01-22,LATAM,SMB,outbound
A000654,2023-09-09,APAC,mid_market,outbound
A000655,2024-08-19,EMEA,mid_market,paid_search
A000656,2024-12-01,LATAM,mid_market,referral
A000657,2025-04-22,EMEA,enterprise,referral
A000658,2024-05-17,APAC,mid_market,referral
A000659,2023-05-29,LATAM,SMB,organic
A000660,2025-09-28,EMEA,SMB,organic
A000661,2025-07-04,LATAM,SMB,organic
A000662,2023-10-25,LATAM,SMB,outbound
A000663,2025-01-31,EMEA,SMB,paid_search
A000664,2023-01-30,EMEA,SMB,outbound
A000665,2023-11-28,APAC,SMB,paid_search
A000666,2023-08-29,APAC,SMB,referral
A000667,2023-12-17,LATAM,enterprise,referral
A000668,2023-10-13,APAC,SMB,outbound
A000669,2025-01-29,NA,mid_market,partner
A000670,2023-07-14,NA,SMB,paid_search
A000671,2023-07-28,EMEA,SMB,organic
A000672,2023-05-17,APAC,SMB,organic
A000673,2023-11-01,NA,SMB,paid_search
A000674,2023-04-05,APAC,SMB,referral
A000675,2024-07-15,APAC,SMB,paid_search
A000676,2023-05-22,APAC,SMB,partner
A000677,2024-05-25,APAC,enterprise,referral
A000678,2024-09-30,APAC,enterprise,organic
A000679,2023-10-17,NA,SMB,paid_search
A000680,2023-10-11,EMEA,enterprise,organic
A000681,2025-08-11,NA,mid_market,paid_search
A000682,2024-04-13,NA,SMB,referral
A000683,2023-08-17,EMEA,mid_market,outbound
A000684,2024-02-18,APAC,SMB,outbound
A000685,2024-01-05,LATAM,SMB,outbound
A000686,2025-03-19,NA,SMB,referral
A000687,2023-04-09,APAC,SMB,paid_search
A000688,2024-01-25,NA,SMB,paid_search
A000689,2024-08-28,EMEA,SMB,paid_search
A000690,2023-11-24,NA,SMB,paid_search
A000691,2024-01-08,EMEA,mid_market,referral
A000692,2023-02-23,APAC,SMB,outbound
A000693,2024-11-11,LATAM,mid_market,paid_search
A000694,2023-05-16,APAC,SMB,paid_search
A000695,2024-09-02,EMEA,SMB,paid_search
A000696,2023-10-20,LATAM,mid_market,outbound
A000697,2023-07-25,EMEA,SMB,referral
A000698,2024-08-12,APAC,mid_market,organic
A000699,2025-09-03,APAC,SMB,partner
A000700,2024-03-28,LATAM,SMB,partner
A000701,2025-05-20,NA,SMB,paid_search
A000702,2024-01-23,EMEA,SMB,referral
A000703,2023-02-01,APAC,mid_market,outbound
A000704,2024-02-20,EMEA,mid_market,referral
A000705,2025-05-03,LATAM,mid_market,partner
A000706,2024-03-30,EMEA,mid_market,paid_search
A000707,2024-02-17,EMEA,SMB,outbound
A000708,2025-04-01,NA,enterprise,organic
A000709,2023-02-25,APAC,SMB,outbound
A000710,2024-09-09,EMEA,SMB,referral
A000711,2024-10-04,LATAM,mid_market,partner
A000712,2024-10-07,APAC,enterprise,referral
A000713,2024-10-27,APAC,SMB,referral
A000714,2025-04-29,LATAM,SMB,paid_search
A000715,2024-03-01,LATAM,SMB,paid_search
A000716,2024-12-03,APAC,mid_market,organic
A000717,2024-10-17,LATAM,SMB,paid_search
A000718,2023-02-14,NA,SMB,paid_search
A000719,2023-08-19,EMEA,SMB,partner
A000720,2023-12-23,EMEA,SMB,outbound
A000721,2024-09-20,EMEA,SMB,paid_search
A000722,2024-07-24,LATAM,SMB,referral
A000723,2025-05-20,EMEA,SMB,referral
A000724,2024-11-20,LATAM,SMB,outbound
A000725,2024-04-17,LATAM,enterprise,partner
A000726,2023-07-19,APAC,SMB,paid_search
A000727,2023-06-04,APAC,SMB,organic
A000728,2023-03-01,APAC,enterprise,partner
A000729,2023-12-12,EMEA,SMB,outbound
A000730,2023-06-10,EMEA,SMB,organic
A000731,2024-04-12,NA,SMB,outbound
A000732,2024-06-17,EMEA,SMB,partner
A000733,2025-01-03,LATAM,SMB,paid_search
A000734,2025-04-05,LATAM,SMB,referral
A000735,2024-01-05,EMEA,mid_market,partner
A000736,2023-07-16,LATAM,mid_market,referral
A000737,2025-04-07,APAC,SMB,partner
A000738,2025-09-06,APAC,mid_market,partner
A000739,2024-11-19,LATAM,SMB,partner
A000740,2024-12-14,APAC,SMB,outbound
A000741,2025-07-10,LATAM,SMB,organic
A000742,2025-05-30,APAC,mid_market,organic
A000743,2023-12-12,LATAM,enterprise,paid_search
A000744,2023-07-24,APAC,mid_market,organic
A000745,2024-10-17,LATAM,SMB,partner
A000746,2024-11-03,LATAM,SMB,paid_search
A000747,2024-10-03,APAC,mid_market,outbound
A000748,2023-09-12,NA,mid_market,outbound
A000749,2023-11-03,LATAM,SMB,organic
A000750,2023-10-11,LATAM,mid_market,partner
A000751,2024-04-11,NA,mid_market,partner
A000752,2023-12-12,EMEA,mid_market,referral
A000753,2023-11-13,EMEA,SMB,paid_search
A000754,2024-05-16,NA,SMB,outbound
A000755,2025-05-31,APAC,mid_market,organic
A000756,2023-12-28,APAC,SMB,outbound
A000757,2024-09-19,NA,SMB,outbound
A000758,2023-01-23,NA,SMB,paid_search
A000759,2023-09-06,APAC,SMB,organic
A000760,2024-10-10,LATAM,SMB,organic
A000761,2023-09-06,EMEA,SMB,referral
A000762,2025-07-29,NA,SMB,referral
A000763,2023-04-12,LATAM,SMB,outbound
A000764,2023-11-05,APAC,SMB,referral
A000765,2025-04-10,APAC,SMB,partner
A000766,2023-05-20,EMEA,SMB,partner
A000767,2023-09-13,NA,SMB,paid_search
A000768,2024-10-24,EMEA,SMB,outbound
A000769,2023-07-03,EMEA,SMB,paid_search
A000770,2023-03-08,APAC,SMB,organic
A000771,2023-11-06,LATAM,SMB,organic
A000772,2024-05-11,LATAM,enterprise,partner
A000773,2024-08-21,EMEA,SMB,partner
A000774,2024-03-29,APAC,SMB,paid_search
A000775,2023-04-14,APAC,SMB,organic
A000776,2024-08-16,NA,SMB,paid_search
A000777,2025-04-20,NA,mid_market,partner
A000778,2025-09-11,EMEA,SMB,outbound
A000779,2025-09-05,EMEA,mid_market,organic
A000780,2024-07-28,APAC,mid_market,partner
A000781,2025-03-12,EMEA,SMB,outbound
A000782,2025-09-30,APAC,mid_market,organic
A000783,2024-07-07,LATAM,mid_market,partner
A000784,2023-07-05,APAC,enterprise,partner
A000785,2024-02-21,NA,SMB,partner
A000786,2024-08-02,NA,SMB,outbound
A000787,2024-08-16,LATAM,SMB,partner
A000788,2023-12-26,APAC,SMB,partner
A000789,2024-11-30,EMEA,mid_market,outbound
A000790,2024-08-23,EMEA,mid_market,paid_search
A000791,2025-06-08,EMEA,mid_market,paid_search
A000792,2025-05-04,NA,SMB,partner
A000793,2023-12-19,LATAM,SMB,referral
A000794,2025-08-30,LATAM,SMB,referral
A000795,2023-03-04,APAC,SMB,partner
A000796,2023-05-25,APAC,SMB,paid_search
A000797,2023-01-01,LATAM,SMB,outbound
A000798,2024-05-28,APAC,mid_market,organic
A000799,2024-07-12,NA,SMB,organic
A000800,2024-07-26,NA,SMB,outbound
A000801,2025-03-31,LATAM,SMB,referral
A000802,2025-01-04,APAC,SMB,paid_search
A000803,2023-10-21,LATAM,mid_market,partner
A000804,2025-08-23,LATAM,SMB,organic
A000805,2024-09-03,EMEA,SMB,organic
A000806,2023-02-09,LATAM,mid_market,referral
A000807,2024-04-07,EMEA,SMB,referral
A000808,2024-02-12,NA,SMB,referral
A000809,2025-08-22,EMEA,SMB,organic
A000810,2024-06-17,LATAM,SMB,organic
A000811,2024-06-30,LATAM,SMB,outbound
A000812,2025-01-31,LATAM,mid_market,partner
A000813,2025-02-16,APAC,SMB,outbound
A000814,2024-11-26,EMEA,SMB,paid_search
A000815,2025-04-10,NA,mid_market,outbound
A000816,2023-06-29,LATAM,mid_market,partner
A000817,2023-04-26,EMEA,enterprise,organic
A000818,2024-08-07,NA,SMB,partner
A000819,2024-08-12,NA,mid_market,outbound
A000820,2024-03-15,NA,SMB,paid_search
A000821,2025-02-24,APAC,SMB,organic
A000822,2024-06-01,NA,SMB,organic
A000823,2023-05-22,LATAM,SMB,partner
A000824,2025-09-28,EMEA,SMB,outbound
A000825,2023-08-28,APAC,SMB,referral
A000826,2023-04-01,LATAM,SMB,referral
A000827,2025-02-08,NA,SMB,paid_search
A000828,2023-12-08,LATAM,SMB,outbound
A000829,2024-08-04,NA,SMB,referral
A000830,2024-06-18,APAC,SMB,outbound
A000831,2024-09-10,APAC,SMB,partner
A000832,2023-06-26,EMEA,SMB,paid_search
A000833,2023-08-03,NA,SMB,partner
A000834,2025-09-23,NA,SMB,referral
A000835,2024-02-20,NA,mid_market,paid_search
A000836,2025-01-06,APAC,SMB,organic
A000837,2023-03-31,EMEA,SMB,partner
A000838,2023-11-02,EMEA,SMB,partner
A000839,2023-10-25,EMEA,SMB,referral
A000840,2025-09-04,APAC,enterprise,referral
A000841,2023-12-09,EMEA,SMB,organic
A000842,2023-12-25,APAC,mid_market,referral
A000843,2024-07-19,LATAM,SMB,paid_search
A000844,2023-02-17,NA,SMB,outbound
A000845,2024-11-25,LATAM,SMB,partner
A000846,2023-09-01,NA,SMB,referral
A000847,2023-03-19,APAC,mid_market,outbound
A000848,2025-02-11,LATAM,SMB,paid_search
A000849,2024-06-02,APAC,SMB,referral
A000850,2023-12-28,APAC,SMB,paid_search
A000851,2025-02-19,LATAM,enterprise,outbound
A000852,2024-11-03,NA,SMB,partner
A000853,2024-07-11,LATAM,SMB,referral
A000854,2024-12-22,LATAM,SMB,partner
A000855,2023-09-18,NA,SMB,referral
A000856,2024-02-05,EMEA,SMB,outbound
A000857,2024-12-27,NA,SMB,paid_search
A000858,2024-04-06,NA,SMB,outbound
A000859,2023-12-06,EMEA,mid_market,outbound
A000860,2023-07-08,EMEA,SMB,partner
A000861,2024-06-13,APAC,SMB,organic
A000862,2024-03-11,NA,SMB,outbound
A000863,2024-12-27,LATAM,SMB,outbound
A000864,2025-08-17,APAC,SMB,partner
A000865,2024-06-14,APAC,enterprise,referral
A000866,2023-04-14,LATAM,SMB,organic
A000867,2023-07-29,APAC,SMB,outbound
A000868,2025-08-20,LATAM,SMB,partner
A000869,2024-11-21,EMEA,mid_market,referral
A000870,2025-03-15,APAC,SMB,organic
A000871,2024-01-01,NA,SMB,paid_search
A000872,2024-12-08,APAC,SMB,outbound
A000873,2024-12-26,EMEA,enterprise,referral
A000874,2023-09-16,APAC,SMB,outbound
A000875,2024-06-28,NA,SMB,organic
A000876,2024-12-21,LATAM,mid_market,organic
A000877,2023-09-16,APAC,enterprise,partner
A000878,2023-07-23,NA,mid_market,paid_search
A000879,2025-09-23,LATAM,mid_market,referral
A000880,2023-03-26,EMEA,mid_market,paid_search
A000881,2023-01-27,APAC,mid_market,referral
A000882,2025-05-16,APAC,SMB,outbound
A000883,2024-08-25,EMEA,SMB,referral
A000884,2023-10-14,NA,enterprise,paid_search
A000885,2024-07-31,NA,SMB,paid_search
A000886,2023-09-08,APAC,SMB,outbound
A000887,2024-08-21,APAC,SMB,referral
A000888,2024-12-05,APAC,SMB,referral
A000889,2023-09-24,LATAM,SMB,referral
A000890,2024-12-27,NA,enterprise,paid_search
A000891,2023-12-24,LATAM,mid_market,referral
A000892,2023-06-03,EMEA,mid_market,paid_search
A000893,2023-09-29,LATAM,mid_market,organic
A000894,2024-10-30,EMEA,SMB,referral
A000895,2023-06-21,EMEA,enterprise,outbound
A000896,2023-10-13,LATAM,enterprise,referral
A000897,2024-11-03,APAC,SMB,partner
A000898,2024-01-31,LATAM,mid_market,outbound
A000899,2025-09-26,LATAM,mid_market,organic
A000900,2024-02-09,NA,mid_market,organic
A000901,2025-05-29,LATAM,SMB,paid_search
A000902,2023-07-29,APAC,SMB,referral
A000903,2023-12-15,LATAM,SMB,referral
A000904,2025-01-01,EMEA,SMB,paid_search
A000905,2023-08-11,LATAM,SMB,organic
A000906,2023-05-11,LATAM,SMB,referral
A000907,2025-03-19,EMEA,SMB,organic
A000908,2024-11-08,APAC,mid_market,paid_search
A000909,2024-03-31,APAC,SMB,paid_search
A000910,2023-02-08,APAC,SMB,outbound
A000911,2024-12-05,EMEA,SMB,paid_search
A000912,2023-02-01,LATAM,mid_market,organic
A000913,2024-06-27,APAC,SMB,referral
A000914,2024-04-25,NA,SMB,paid_search
A000915,2023-08-06,LATAM,SMB,organic
A000916,2024-02-05,NA,enterprise,referral
A000917,2024-04-13,NA,SMB,paid_search
A000918,2025-01-20,APAC,SMB,paid_search
A000919,2024-10-31,LATAM,mid_market,organic
A000920,2023-10-14,LATAM,SMB,outbound
A000921,2023-01-11,EMEA,SMB,organic
A000922,2023-02-23,EMEA,SMB,referral
A000923,2023-04-08,EMEA,SMB,partner
A000924,2024-08-01,APAC,mid_market,referral
A000925,2025-05-22,NA,SMB,outbound
A000926,2023-06-05,EMEA,SMB,partner
A000927,2023-12-25,APAC,mid_market,organic
A000928,2025-07-17,EMEA,mid_market,referral
A000929,2025-07-08,LATAM,SMB,organic
A000930,2024-12-12,APAC,SMB,referral
A000931,2024-08-05,EMEA,mid_market,partner
A000932,2023-05-05,NA,mid_market,partner
A000933,2025-02-03,NA,SMB,referral
A000934,2023-01-22,LATAM,SMB,referral
A000935,2025-03-11,APAC,SMB,organic
A000936,2023-06-17,APAC,mid_market,paid_search
A000937,2023-03-07,APAC,enterprise,partner
A000938,2023-09-07,NA,SMB,referral
A000939,2025-04-20,APAC,SMB,partner
A000940,2023-06-13,EMEA,enterprise,paid_search
A000941,2025-05-08,EMEA,mid_market,organic
A000942,2023-01-10,APAC,mid_market,paid_search
A000943,2024-09-17,EMEA,mid_market,paid_search
A000944,2023-06-30,EMEA,SMB,outbound
A000945,2024-04-25,APAC,SMB,organic
A000946,2023-07-05,LATAM,SMB,outbound
A000947,2023-08-27,APAC,SMB,referral
A000948,2024-12-31,NA,SMB,partner
A000949,2023-02-13,APAC,SMB,referral
A000950,2023-01-06,EMEA,mid_market,paid_search
A000951,2023-05-24,NA,mid_market,partner
A000952,2024-07-07,APAC,SMB,paid_search
A000953,2025-04-04,APAC,SMB,referral
A000954,2023-01-10,NA,SMB,outbound
A000955,2025-05-20,APAC,SMB,outbound
A000956,2025-08-28,NA,mid_market,organic
A000957,2025-05-29,APAC,SMB,paid_search
A000958,2025-02-12,EMEA,SMB,outbound
A000959,2024-03-24,APAC,SMB,paid_search
A000960,2024-01-29,NA,SMB,organic
A000961,2024-08-19,LATAM,enterprise,outbound
A000962,2024-02-21,LATAM,SMB,outbound
A000963,2023-06-22,NA,SMB,outbound
A000964,2025-08-18,LATAM,SMB,outbound
A000965,2023-05-02,LATAM,SMB,partner
A000966,2023-04-15,LATAM,SMB,outbound
A000967,2024-05-14,NA,SMB,paid_search
A000968,2023-10-20,LATAM,mid_market,paid_search
A000969,2023-07-02,EMEA,SMB,referral
A000970,2023-08-01,EMEA,mid_market,referral
A000971,2024-04-02,LATAM,SMB,referral
A000972,2024-08-18,EMEA,SMB,partner
A000973,2024-07-06,LATAM,SMB,paid_search
A000974,2023-11-15,LATAM,SMB,organic
A000975,2023-08-18,APAC,SMB,referral
A000976,2024-05-08,LATAM,SMB,outbound
A000977,2024-09-15,NA,SMB,paid_search
A000978,2025-09-26,EMEA,SMB,organic
A000979,2023-01-14,NA,mid_market,referral
A000980,2025-09-21,APAC,mid_market,outbound
A000981,2024-09-14,APAC,SMB,outbound
A000982,2023-03-28,EMEA,SMB,referral
A000983,2025-09-03,NA,SMB,paid_search
A000984,2024-08-04,APAC,SMB,partner
A000985,2024-12-09,APAC,SMB,partner
A000986,2023-04-28,EMEA,SMB,organic
A000987,2024-12-25,APAC,SMB,paid_search
A000988,2023-02-02,EMEA,mid_market,paid_search
A000989,2024-03-22,APAC,SMB,outbound
A000990,2023-12-31,EMEA,enterprise,organic
A000991,2025-05-18,LATAM,enterprise,outbound
A000992,2024-02-08,EMEA,SMB,outbound
A000993,2024-01-15,EMEA,mid_market,organic
A000994,2023-06-19,NA,SMB,partner
A000995,2023-09-11,APAC,SMB,outbound
A000996,2024-06-02,LATAM,mid_market,organic
A000997,2023-05-31,APAC,SMB,outbound
A000998,2024-02-04,EMEA,SMB,partner
A000999,2024-07-10,EMEA,SMB,referral
A001000,2025-01-29,LATAM,SMB,outbound
A001001,2024-05-22,LATAM,SMB,partner
A001002,2023-05-14,LATAM,SMB,partner
A001003,2023-12-20,LATAM,SMB,paid_search
A001004,2024-05-18,APAC,SMB,organic
A001005,2023-03-25,EMEA,mid_market,outbound
A001006,2023-11-27,EMEA,SMB,partner
A001007,2023-08-29,LATAM,SMB,paid_search
A001008,2024-01-05,NA,SMB,organic
A001009,2024-09-29,EMEA,mid_market,organic
A001010,2024-08-26,LATAM,mid_market,referral
A001011,2023-11-28,NA,mid_market,outbound
A001012,2025-05-09,EMEA,SMB,referral
A001013,2023-11-15,NA,mid_market,paid_search
A001014,2023-01-26,LATAM,mid_market,outbound
A001015,2024-07-25,APAC,mid_market,referral
A001016,2024-06-23,APAC,mid_market,partner
A001017,2023-11-09,LATAM,SMB,partner
A001018,2025-04-02,APAC,SMB,partner
A001019,2025-04-17,LATAM,SMB,paid_search
A001020,2023-01-06,EMEA,SMB,partner
A001021,2023-08-12,LATAM,SMB,outbound
A001022,2023-05-20,APAC,SMB,organic
A001023,2025-03-25,APAC,SMB,referral
A001024,2023-07-02,LATAM,SMB,referral
A001025,2024-01-18,NA,SMB,paid_search
A001026,2025-03-29,LATAM,SMB,outbound
A001027,2024-08-30,NA,SMB,organic
A001028,2025-08-19,NA,mid_market,referral
A001029,2023-05-08,APAC,SMB,referral
A001030,2024-07-09,APAC,SMB,partner
A001031,2023-12-01,NA,SMB,paid_search
A001032,2025-08-21,APAC,SMB,paid_search
A001033,2024-02-14,LATAM,mid_market,organic
A001034,2023-05-17,LATAM,SMB,referral
A001035,2025-06-25,NA,mid_market,partner
A001036,2024-02-19,NA,mid_market,organic
A001037,2024-08-20,APAC,SMB,partner
A001038,2025-01-24,LATAM,SMB,outbound
A001039,2025-07-21,NA,SMB,paid_search
A001040,2023-09-22,APAC,enterprise,paid_search
A001041,2024-03-09,NA,SMB,partner
A001042,2025-08-17,APAC,SMB,referral
A001043,2023-01-20,APAC,enterprise,referral
A001044,2025-08-16,APAC,SMB,partner
A001045,2023-12-06,EMEA,mid_market,organic
A001046,2023-01-22,LATAM,enterprise,organic
A001047,2023-08-20,APAC,mid_market,outbound
A001048,2023-12-29,APAC,SMB,partner
A001049,2023-12-23,LATAM,SMB,partner
A001050,2024-12-18,NA,SMB,referral
A001051,2024-07-10,APAC,SMB,referral
A001052,2025-04-02,APAC,SMB,outbound
A001053,2024-12-31,NA,SMB,partner
A001054,2024-09-07,LATAM,mid_market,organic
A001055,2025-03-04,APAC,SMB,referral
A001056,2025-02-04,EMEA,SMB,paid_search
A001057,2024-03-09,NA,mid_market,organic
A001058,2023-05-12,EMEA,SMB,paid_search
A001059,2024-08-13,EMEA,mid_market,partner
A001060,2025-03-18,LATAM,SMB,outbound
A001061,2023-02-28,NA,SMB,organic
A001062,2025-09-13,NA,SMB,outbound
A001063,2023-11-25,LATAM,SMB,partner
A001064,2024-03-04,LATAM,SMB,outbound
A001065,2023-06-02,LATAM,SMB,organic
A001066,2025-07-12,LATAM,SMB,paid_search
A001067,2025-04-19,APAC,mid_market,partner
A001068,2025-02-19,EMEA,SMB,referral
A001069,2023-04-06,NA,SMB,outbound
A001070,2023-03-29,EMEA,SMB,paid_search
A001071,2025-05-28,EMEA,SMB,outbound
A001072,2025-01-17,LATAM,SMB,partner
A001073,2023-02-15,EMEA,SMB,paid_search
A001074,2024-09-02,LATAM,SMB,partner
A001075,2023-05-17,NA,SMB,referral
A001076,2025-07-25,EMEA,mid_market,outbound
A001077,2023-07-09,EMEA,SMB,paid_search
A001078,2025-04-06,LATAM,SMB,paid_search
A001079,2023-02-23,EMEA,mid_market,outbound
A001080,2025-01-31,NA,enterprise,referral
A001081,2024-06-12,LATAM,mid_market,partner
A001082,2025-04-28,EMEA,enterprise,outbound
A001083,2024-07-25,APAC,mid_market,outbound
A001084,2025-07-31,EMEA,SMB,outbound
A001085,2023-05-23,EMEA,SMB,paid_search
A001086,2024-01-30,NA,mid_market,outbound
A001087,2025-02-12,EMEA,enterprise,partner
A001088,2024-02-29,NA,SMB,referral
A001089,2025-07-17,EMEA,mid_market,partner
A001090,2024-07-23,LATAM,SMB,paid_search
A001091,2024-08-16,LATAM,SMB,referral
A001092,2024-09-28,APAC,SMB,partner
A001093,2023-11-15,APAC,mid_market,paid_search
A001094,2023-12-10,NA,SMB,outbound
A001095,2024-10-19,NA,SMB,organic
A001096,2025-02-27,EMEA,SMB,partner
A001097,2023-09-14,EMEA,SMB,outbound
A001098,2024-11-01,EMEA,SMB,organic
A001099,2024-05-17,EMEA,mid_market,partner
A001100,2023-07-08,EMEA,enterprise,organic
A001101,2024-03-16,NA,SMB,outbound
A001102,2023-12-03,APAC,SMB,partner
A001103,2025-07-15,LATAM,mid_market,outbound
A001104,2024-05-26,LATAM,mid_market,partner
A001105,2025-06-24,NA,SMB,paid_search
A001106,2023-03-03,LATAM,SMB,referral
A001107,2025-03-15,LATAM,SMB,partner
A001108,2025-09-29,EMEA,SMB,referral
A001109,2025-09-26,LATAM,mid_market,paid_search
A001110,2024-10-31,APAC,SMB,paid_search
A001111,2023-04-14,EMEA,SMB,outbound
A001112,2024-02-20,EMEA,mid_market,paid_search
A001113,2024-08-01,NA,SMB,organic
A001114,2024-04-15,EMEA,SMB,referral
A001115,2024-05-22,NA,mid_market,referral
A001116,2024-09-23,LATAM,mid_market,outbound
A001117,2024-05-28,NA,SMB,outbound
A001118,2024-04-05,EMEA,SMB,paid_search
A001119,2023-11-12,NA,SMB,paid_search
A001120,2025-02-08,NA,SMB,partner
A001121,2023-04-05,NA,SMB,organic
A001122,2024-01-04,NA,SMB,outbound
A001123,2025-05-02,APAC,mid_market,partner
A001124,2023-08-03,NA,SMB,referral
A001125,2024-05-10,EMEA,SMB,referral
A001126,2025-07-28,APAC,mid_market,organic
A001127,2025-03-23,LATAM,enterprise,referral
A001128,2025-02-25,APAC,SMB,partner
A001129,2023-06-25,APAC,mid_market,paid_search
A001130,2025-04-24,LATAM,SMB,referral
A001131,2025-08-07,APAC,SMB,paid_search
A001132,2025-01-10,APAC,mid_market,organic
A001133,2024-03-30,LATAM,SMB,partner
A001134,2023-12-29,APAC,enterprise,referral
A001135,2024-01-30,APAC,SMB,paid_search
A001136,2023-08-23,LATAM,mid_market,outbound
A001137,2024-03-26,NA,mid_market,paid_search
A001138,2024-12-06,NA,SMB,partner
A001139,2025-05-15,LATAM,SMB,outbound
A001140,2023-06-13,LATAM,enterprise,paid_search
A001141,2025-09-24,EMEA,mid_market,referral
A001142,2023-04-18,NA,mid_market,organic
A001143,2023-05-11,APAC,SMB,paid_search
A001144,2025-09-05,NA,SMB,paid_search
A001145,2024-04-22,NA,SMB,partner
A001146,2024-08-22,NA,SMB,outbound
A001147,2024-10-26,LATAM,SMB,organic
A001148,2025-08-15,EMEA,SMB,referral
A001149,2024-10-19,APAC,SMB,outbound
A001150,2024-09-23,NA,SMB,paid_search
A001151,2025-01-31,EMEA,SMB,paid_search
A001152,2024-12-19,EMEA,SMB,referral
A001153,2023-07-07,LATAM,SMB,referral
A001154,2023-12-19,EMEA,SMB,outbound
A001155,2023-12-13,APAC,SMB,outbound
A001156,2025-07-06,EMEA,mid_market,partner
A001157,2025-06-17,APAC,SMB,partner
A001158,2025-03-23,APAC,SMB,paid_search
A001159,2025-07-06,EMEA,enterprise,partner
A001160,2025-06-14,APAC,SMB,partner
A001161,2025-06-09,APAC,mid_market,paid_search
A001162,2023-04-08,NA,SMB,referral
A001163,2024-03-08,APAC,SMB,outbound
A001164,2025-07-09,NA,SMB,partner
A001165,2025-06-26,APAC,SMB,outbound
A001166,2024-02-18,NA,SMB,paid_search
A001167,2025-04-24,APAC,mid_market,outbound
A001168,2024-10-05,APAC,SMB,partner
A001169,2024-02-19,APAC,SMB,outbound
A001170,2025-07-12,LATAM,mid_market,referral
A001171,2025-01-24,NA,SMB,paid_search
A001172,2023-06-28,NA,SMB,paid_search
A001173,2024-05-08,APAC,mid_market,referral
A001174,2024-08-10,EMEA,SMB,organic
A001175,2024-11-02,EMEA,SMB,paid_search
A001176,2023-05-20,NA,SMB,organic
A001177,2024-09-21,NA,SMB,partner
A001178,2024-11-30,LATAM,mid_market,organic
A001179,2024-04-16,APAC,SMB,organic
A001180,2024-04-28,EMEA,SMB,partner
A001181,2024-10-18,NA,SMB,partner
A001182,2025-03-21,NA,mid_market,outbound
A001183,2024-04-17,EMEA,SMB,organic
A001184,2025-06-22,APAC,SMB,organic
A001185,2023-07-26,LATAM,SMB,organic
A001186,2024-05-31,LATAM,mid_market,outbound
A001187,2023-03-21,EMEA,SMB,partner
A001188,2025-04-27,APAC,SMB,paid_search
A001189,2025-06-05,APAC,SMB,referral
A001190,2025-07-16,APAC,SMB,organic
A001191,2024-04-23,APAC,SMB,organic
A001192,2024-11-21,EMEA,SMB,partner
A001193,2023-12-31,APAC,SMB,partner
A001194,2023-11-03,APAC,SMB,referral
A001195,2024-02-25,NA,SMB,organic
A001196,2024-04-20,NA,SMB,referral
A001197,2023-05-31,EMEA,SMB,paid_search
A001198,2024-11-27,APAC,SMB,referral
A001199,2023-07-27,LATAM,mid_market,paid_search
A001200,2023-07-23,NA,mid_market,partner
A001201,2023-12-14,LATAM,enterprise,partner
A001202,2024-09-03,NA,SMB,organic
A001203,2024-02-05,NA,mid_market,partner
A001204,2025-07-01,APAC,SMB,organic
A001205,2023-08-20,LATAM,SMB,partner
A001206,2025-05-21,NA,enterprise,paid_search
A001207,2024-04-18,NA,mid_market,referral
A001208,2024-03-07,APAC,SMB,organic
A001209,2024-12-17,LATAM,SMB,paid_search
A001210,2023-03-30,EMEA,mid_market,paid_search
A001211,2023-04-11,EMEA,SMB,referral
A001212,2025-08-01,NA,SMB,outbound
A001213,2024-11-12,NA,SMB,partner
A001214,2023-07-30,LATAM,SMB,partner
A001215,2025-02-09,LATAM,SMB,outbound
A001216,2023-01-07,NA,SMB,organic
A001217,2023-09-23,LATAM,SMB,partner
A001218,2024-04-05,NA,SMB,outbound
A001219,2025-09-08,LATAM,SMB,organic
A001220,2025-01-16,EMEA,SMB,paid_search
A001221,2023-09-02,LATAM,SMB,organic
A001222,2024-08-11,NA,SMB,referral
A001223,2023-02-04,EMEA,SMB,outbound
A001224,2023-12-11,LATAM,SMB,paid_search
A001225,2023-02-26,NA,mid_market,organic
A001226,2025-09-10,APAC,SMB,referral
A001227,2025-01-23,LATAM,SMB,referral
A001228,2023-09-12,EMEA,SMB,outbound
A001229,2023-02-21,NA,SMB,organic
A001230,2024-07-22,APAC,mid_market,referral
A001231,2025-02-07,EMEA,SMB,referral
A001232,2023-02-27,APAC,SMB,referral
A001233,2023-07-16,LATAM,mid_market,referral
A001234,2025-08-21,APAC,mid_market,paid_search
A001235,2023-04-23,APAC,SMB,outbound
A001236,2025-07-29,LATAM,mid_market,outbound
A001237,2025-05-25,LATAM,SMB,organic
A001238,2023-08-08,LATAM,SMB,partner
A001239,2023-11-29,APAC,mid_market,partner
A001240,2024-05-29,APAC,SMB,partner
A001241,2024-03-21,NA,mid_market,referral
A001242,2023-02-20,LATAM,SMB,paid_search
A001243,2024-10-16,APAC,SMB,paid_search
A001244,2023-09-16,APAC,SMB,referral
A001245,2025-01-09,NA,SMB,partner
A001246,2024-12-29,LATAM,SMB,paid_search
A001247,2024-09-19,APAC,mid_market,referral
A001248,2024-05-22,NA,enterprise,partner
A001249,2025-09-22,APAC,SMB,organic
A001250,2024-02-25,NA,SMB,partner
A001251,2024-10-11,NA,SMB,referral
A001252,2025-09-08,LATAM,SMB,outbound
A001253,2023-09-07,EMEA,SMB,paid_search
A001254,2023-02-04,APAC,SMB,referral
A001255,2023-08-07,EMEA,SMB,partner
A001256,2024-12-25,APAC,SMB,partner
A001257,2024-10-16,APAC,SMB,paid_search
A001258,2023-04-14,NA,SMB,organic
A001259,2023-11-14,EMEA,mid_market,outbound
A001260,2025-05-10,APAC,SMB,organic
A001261,2025-09-25,APAC,SMB,referral
A001262,2023-06-28,LATAM,enterprise,outbound
A001263,2023-06-10,EMEA,SMB,referral
A001264,2024-07-09,LATAM,mid_market,partner
A001265,2024-10-13,NA,SMB,partner
A001266,2025-04-11,NA,SMB,referral
A001267,2023-02-21,EMEA,SMB,referral
A001268,2025-06-14,EMEA,mid_market,referral
A001269,2023-11-14,NA,SMB,outbound
A001270,2023-08-24,LATAM,enterprise,paid_search
A001271,2023-10-17,NA,mid_market,partner
A001272,2024-10-25,NA,enterprise,organic
A001273,2023-01-28,APAC,SMB,organic
A001274,2024-03-14,APAC,SMB,partner
A001275,2025-05-30,LATAM,SMB,organic
A001276,2025-04-09,LATAM,SMB,referral
A001277,2023-10-06,APAC,SMB,outbound
A001278,2024-05-24,APAC,SMB,organic
A001279,2023-05-22,LATAM,SMB,partner
A001280,2025-08-04,EMEA,mid_market,paid_search
A001281,2025-01-15,EMEA,SMB,outbound
A001282,2025-03-27,NA,mid_market,referral
A001283,2023-08-31,LATAM,enterprise,organic
A001284,2024-05-24,LATAM,SMB,outbound
A001285,2024-04-21,LATAM,mid_market,paid_search
A001286,2023-03-11,EMEA,SMB,partner
A001287,2025-07-14,NA,mid_market,partner
A001288,2023-08-29,APAC,mid_market,paid_search
A001289,2025-03-01,APAC,SMB,referral
A001290,2025-09-22,NA,enterprise,organic
A001291,2025-03-02,NA,mid_market,outbound
A001292,2025-02-08,APAC,SMB,partner
A001293,2025-04-26,EMEA,SMB,outbound
A001294,2025-09-01,LATAM,SMB,organic
A001295,2024-04-27,EMEA,mid_market,organic
A001296,2023-11-17,LATAM,SMB,outbound
A001297,2023-06-28,EMEA,mid_market,partner
A001298,2025-09-03,EMEA,SMB,partner
A001299,2023-02-25,LATAM,enterprise,partner
A001300,2024-01-20,LATAM,mid_market,organic
A001301,2024-11-28,NA,SMB,organic
A001302,2025-08-17,EMEA,SMB,organic
A001303,2023-08-25,APAC,SMB,referral
A001304,2023-09-24,NA,SMB,referral
A001305,2024-01-30,NA,SMB,organic
A001306,2023-11-20,APAC,SMB,organic
A001307,2024-10-01,LATAM,mid_market,outbound
A001308,2024-11-07,APAC,SMB,referral
A001309,2025-02-16,NA,SMB,referral
A001310,2024-03-29,EMEA,SMB,organic
A001311,2023-05-26,LATAM,mid_market,referral
A001312,2023-04-07,APAC,SMB,paid_search
A001313,2023-08-13,APAC,mid_market,outbound
A001314,2023-04-15,LATAM,SMB,organic
A001315,2024-01-27,EMEA,SMB,referral
A001316,2023-12-05,EMEA,SMB,paid_search
A001317,2024-09-23,EMEA,SMB,outbound
A001318,2025-08-19,APAC,SMB,outbound
A001319,2023-12-04,NA,mid_market,partner
A001320,2023-08-04,LATAM,SMB,partner
A001321,2025-08-28,APAC,SMB,referral
A001322,2023-02-22,EMEA,SMB,organic
A001323,2023-02-17,APAC,mid_market,paid_search
A001324,2024-01-30,LATAM,SMB,referral
A001325,2023-08-01,LATAM,SMB,referral
A001326,2023-07-19,EMEA,mid_market,referral
A001327,2023-12-28,NA,mid_market,partner
A001328,2025-07-03,EMEA,SMB,paid_search
A001329,2023-06-19,APAC,enterprise,outbound
A001330,2024-12-29,NA,mid_market,organic
A001331,2023-08-14,APAC,SMB,partner
A001332,2024-07-06,NA,SMB,partner
A001333,2023-08-12,EMEA,SMB,paid_search
A001334,2023-11-23,APAC,SMB,paid_search
A001335,2024-02-28,LATAM,mid_market,outbound
A001336,2025-01-13,EMEA,mid_market,organic
A001337,2025-03-13,NA,SMB,paid_search
A001338,2024-09-07,LATAM,SMB,outbound
A001339,2023-11-03,APAC,SMB,partner
A001340,2024-03-19,LATAM,SMB,partner
A001341,2025-06-09,EMEA,SMB,paid_search
A001342,2023-01-08,NA,SMB,referral
A001343,2024-03-13,NA,SMB,partner
A001344,2025-01-28,EMEA,SMB,referral
A001345,2024-04-18,EMEA,mid_market,partner
A001346,2023-04-12,APAC,SMB,paid_search
A001347,2024-11-03,APAC,SMB,outbound
A001348,2023-05-14,LATAM,SMB,organic
A001349,2024-08-19,NA,SMB,organic
A001350,2025-07-30,NA,SMB,organic
A001351,2024-05-29,APAC,mid_market,referral
A001352,2023-06-13,LATAM,mid_market,paid_search
A001353,2023-04-17,APAC,SMB,referral
A001354,2024-07-04,APAC,SMB,referral
A001355,2024-03-27,NA,mid_market,paid_search
A001356,2023-03-09,NA,mid_market,partner
A001357,2024-12-28,EMEA,SMB,paid_search
A001358,2023-01-24,LATAM,SMB,organic
A001359,2024-11-13,NA,SMB,organic
A001360,2023-05-21,EMEA,SMB,partner
A001361,2023-08-01,APAC,SMB,organic
A001362,2023-11-02,EMEA,mid_market,referral
A001363,2024-04-13,APAC,SMB,paid_search
A001364,2023-02-03,NA,SMB,partner
A001365,2023-03-08,LATAM,mid_market,outbound
A001366,2024-01-08,LATAM,SMB,paid_search
A001367,2025-02-02,APAC,mid_market,paid_search
A001368,2024-03-29,NA,SMB,paid_search
A001369,2025-09-21,APAC,SMB,paid_search
A001370,2023-12-02,APAC,SMB,organic
A001371,2025-06-18,APAC,enterprise,referral
A001372,2025-01-28,NA,mid_market,paid_search
A001373,2025-08-01,LATAM,SMB,paid_search
A001374,2025-06-20,NA,SMB,outbound
A001375,2023-11-04,LATAM,SMB,outbound
A001376,2023-10-17,EMEA,mid_market,partner
A001377,2024-01-14,APAC,SMB,referral
A001378,2023-08-08,LATAM,mid_market,paid_search
A001379,2024-10-15,APAC,SMB,referral
A001380,2023-03-11,APAC,SMB,partner
A001381,2024-02-21,NA,SMB,referral
A001382,2024-11-29,APAC,SMB,organic
A001383,2024-06-02,EMEA,SMB,referral
A001384,2023-11-05,LATAM,SMB,referral
A001385,2023-07-20,LATAM,SMB,paid_search
A001386,2023-01-28,EMEA,enterprise,outbound
A001387,2024-02-25,LATAM,mid_market,organic
A001388,2024-08-30,APAC,SMB,paid_search
A001389,2024-07-10,APAC,SMB,referral
A001390,2024-03-11,NA,SMB,partner
A001391,2024-08-06,NA,SMB,outbound
A001392,2025-04-10,EMEA,SMB,referral
A001393,2024-11-26,NA,SMB,organic
A001394,2024-02-07,EMEA,SMB,organic
A001395,2024-04-19,EMEA,enterprise,partner
A001396,2024-12-18,LATAM,SMB,outbound
A001397,2024-02-22,NA,SMB,outbound
A001398,2025-09-12,LATAM,mid_market,partner
A001399,2023-07-27,LATAM,SMB,organic
A001400,2023-03-24,APAC,mid_market,outbound
A001401,2023-07-06,NA,SMB,outbound
A001402,2024-06-10,LATAM,SMB,referral
A001403,2025-04-19,EMEA,mid_market,paid_search
A001404,2024-01-11,APAC,SMB,referral
A001405,2023-08-07,LATAM,mid_market,outbound
A001406,2024-11-16,EMEA,SMB,partner
A001407,2025-09-24,NA,SMB,referral
A001408,2024-10-13,NA,SMB,paid_search
A001409,2023-03-16,APAC,SMB,organic
A001410,2025-01-02,LATAM,SMB,paid_search
A001411,2025-04-21,LATAM,SMB,paid_search
A001412,2023-08-06,NA,SMB,referral
A001413,2024-12-04,EMEA,SMB,partner
A001414,2024-07-31,APAC,SMB,paid_search
A001415,2025-01-17,EMEA,SMB,paid_search
A001416,2023-01-18,LATAM,SMB,referral
A001417,2023-02-07,EMEA,SMB,paid_search
A001418,2025-09-07,EMEA,SMB,partner
A001419,2023-12-10,LATAM,SMB,organic
A001420,2024-09-20,EMEA,SMB,partner
A001421,2024-01-13,LATAM,SMB,paid_search
A001422,2024-03-07,NA,mid_market,outbound
A001423,2023-10-21,EMEA,SMB,referral
A001424,2025-03-18,EMEA,mid_market,partner
A001425,2024-05-20,LATAM,SMB,paid_search
A001426,2023-01-09,APAC,SMB,partner
A001427,2023-11-30,EMEA,SMB,partner
A001428,2024-09-23,LATAM,mid_market,outbound
A001429,2025-03-13,APAC,SMB,partner
A001430,2024-02-13,EMEA,mid_market,partner
A001431,2024-03-11,NA,SMB,partner
A001432,2025-03-18,APAC,SMB,organic
A001433,2024-08-04,NA,SMB,referral
A001434,2024-05-25,LATAM,SMB,partner
A001435,2025-05-28,APAC,SMB,referral
A001436,2023-11-24,NA,SMB,outbound
A001437,2023-02-22,APAC,SMB,organic
A001438,2025-07-04,EMEA,SMB,partner
A001439,2025-02-14,APAC,mid_market,referral
A001440,2024-12-18,LATAM,mid_market,paid_search
A001441,2023-12-13,EMEA,SMB,partner
A001442,2024-11-29,NA,SMB,paid_search
A001443,2024-04-26,APAC,SMB,partner
A001444,2025-03-08,LATAM,mid_market,partner
A001445,2024-11-14,EMEA,SMB,partner
A001446,2024-10-09,EMEA,SMB,paid_search
A001447,2024-03-30,EMEA,SMB,partner
A001448,2025-01-18,APAC,SMB,organic
A001449,2023-08-08,APAC,SMB,outbound
A001450,2024-12-22,NA,mid_market,referral
A001451,2024-04-22,APAC,SMB,partner
A001452,2023-06-02,LATAM,SMB,paid_search
A001453,2025-06-19,NA,SMB,organic
A001454,2024-12-12,NA,SMB,outbound
A001455,2025-02-23,LATAM,SMB,partner
A001456,2025-04-27,EMEA,SMB,partner
A001457,2025-08-07,EMEA,SMB,partner
A001458,2024-02-05,LATAM,SMB,paid_search
A001459,2023-04-05,APAC,SMB,partner
A001460,2025-04-14,LATAM,SMB,paid_search
A001461,2025-05-10,NA,SMB,referral
A001462,2024-06-27,APAC,SMB,partner
A001463,2025-08-21,APAC,SMB,referral
A001464,2023-10-27,APAC,SMB,paid_search
A001465,2025-05-30,EMEA,SMB,outbound
A001466,2025-05-14,EMEA,SMB,partner
A001467,2023-01-15,LATAM,SMB,organic
A001468,2024-09-13,EMEA,mid_market,outbound
A001469,2025-06-13,EMEA,enterprise,outbound
A001470,2024-08-12,EMEA,SMB,referral
A001471,2024-03-13,NA,SMB,paid_search
A001472,2023-05-01,APAC,mid_market,partner
A001473,2025-04-15,EMEA,mid_market,referral
A001474,2024-05-22,LATAM,SMB,outbound
A001475,2024-12-29,APAC,SMB,outbound
A001476,2023-12-18,LATAM,mid_market,outbound
A001477,2023-05-04,EMEA,SMB,outbound
A001478,2024-12-27,LATAM,SMB,referral
A001479,2023-03-20,APAC,SMB,paid_search
A001480,2024-03-10,APAC,mid_market,referral
A001481,2025-04-30,NA,SMB,outbound
A001482,2023-05-13,APAC,mid_market,outbound
A001483,2023-04-01,EMEA,mid_market,outbound
A001484,2023-07-23,EMEA,SMB,referral
A001485,2024-07-02,EMEA,SMB,organic
A001486,2025-05-02,NA,SMB,paid_search
A001487,2025-02-06,APAC,enterprise,referral
A001488,2024-02-01,NA,enterprise,partner
A001489,2023-11-19,LATAM,mid_market,outbound
A001490,2024-11-21,NA,SMB,referral
A001491,2025-06-10,LATAM,enterprise,partner
A001492,2024-01-25,EMEA,SMB,outbound
A001493,2023-04-19,APAC,SMB,partner
A001494,2025-08-29,EMEA,SMB,partner
A001495,2023-05-16,APAC,SMB,paid_search
A001496,2024-05-03,EMEA,SMB,outbound
A001497,2025-03-26,EMEA,SMB,referral
A001498,2024-02-19,NA,SMB,outbound
A001499,2025-01-05,APAC,SMB,partner
A001500,2025-08-07,LATAM,SMB,paid_search
A001501,2025-08-13,NA,SMB,partner
A001502,2023-06-12,NA,SMB,referral
A001503,2025-06-11,EMEA,SMB,organic
A001504,2025-06-28,APAC,SMB,organic
A001505,2025-08-17,NA,enterprise,partner
A001506,2023-03-14,NA,SMB,organic
A001507,2024-02-18,LATAM,SMB,partner
A001508,2023-03-21,EMEA,SMB,organic
A001509,2023-12-24,APAC,SMB,partner
A001510,2023-10-14,NA,SMB,partner
A001511,2024-02-15,NA,mid_market,paid_search
A001512,2024-08-27,LATAM,SMB,partner
A001513,2024-06-14,LATAM,SMB,organic
A001514,2023-02-14,NA,SMB,outbound
A001515,2025-02-25,LATAM,SMB,paid_search
A001516,2024-03-11,APAC,mid_market,organic
A001517,2025-09-05,EMEA,SMB,outbound
A001518,2024-01-18,LATAM,mid_market,referral
A001519,2025-06-30,NA,SMB,partner
A001520,2024-09-14,LATAM,SMB,partner
A001521,2024-10-05,LATAM,SMB,referral
A001522,2025-06-07,APAC,SMB,referral
A001523,2024-06-06,NA,SMB,referral
A001524,2023-04-28,NA,SMB,partner
A001525,2024-09-09,EMEA,SMB,paid_search
A001526,2024-07-16,APAC,SMB,outbound
A001527,2023-10-13,APAC,SMB,partner
A001528,2024-12-23,EMEA,SMB,referral
A001529,2024-06-11,APAC,mid_market,paid_search
A001530,2023-12-06,NA,mid_market,referral
A001531,2025-04-12,NA,SMB,organic
A001532,2024-05-24,LATAM,enterprise,referral
A001533,2023-10-06,APAC,SMB,referral
A001534,2023-11-09,EMEA,SMB,partner
A001535,2024-08-23,EMEA,SMB,organic
A001536,2024-08-26,LATAM,SMB,paid_search
A001537,2023-02-23,EMEA,mid_market,referral
A001538,2024-07-15,EMEA,SMB,paid_search
A001539,2024-08-23,APAC,mid_market,referral
A001540,2024-09-13,NA,mid_market,paid_search
A001541,2025-07-03,LATAM,SMB,organic
A001542,2023-09-03,LATAM,SMB,organic
A001543,2025-05-25,LATAM,SMB,organic
A001544,2025-02-20,APAC,SMB,partner
A001545,2023-09-20,LATAM,SMB,partner
A001546,2024-08-10,EMEA,enterprise,organic
A001547,2023-03-08,NA,SMB,organic
A001548,2024-11-11,LATAM,mid_market,referral
A001549,2023-01-07,LATAM,mid_market,paid_search
A001550,2025-05-21,APAC,SMB,referral
A001551,2023-07-15,LATAM,SMB,partner
A001552,2023-01-20,EMEA,enterprise,referral
A001553,2024-11-18,LATAM,SMB,partner
A001554,2023-08-12,LATAM,SMB,outbound
A001555,2025-07-25,LATAM,enterprise,referral
A001556,2023-07-13,LATAM,SMB,referral
A001557,2025-04-09,APAC,mid_market,referral
A001558,2024-11-29,NA,SMB,outbound
A001559,2024-11-13,NA,SMB,paid_search
A001560,2024-07-11,NA,SMB,organic
A001561,2024-08-18,APAC,mid_market,paid_search
A001562,2023-07-22,NA,SMB,paid_search
A001563,2024-04-13,NA,SMB,outbound
A001564,2025-08-02,EMEA,SMB,organic
A001565,2023-11-13,EMEA,mid_market,paid_search
A001566,2025-08-04,APAC,SMB,paid_search
A001567,2025-06-23,EMEA,SMB,referral
A001568,2024-12-27,APAC,SMB,partner
A001569,2023-08-26,EMEA,SMB,partner
A001570,2023-02-05,NA,SMB,organic
A001571,2024-08-18,NA,SMB,referral
A001572,2023-12-30,LATAM,SMB,partner
A001573,2023-07-16,LATAM,SMB,paid_search
A001574,2024-10-14,APAC,SMB,organic
A001575,2023-02-14,NA,SMB,paid_search
A001576,2023-09-13,NA,mid_market,referral
A001577,2023-11-17,LATAM,SMB,referral
A001578,2024-12-25,APAC,mid_market,partner
A001579,2023-11-21,NA,enterprise,paid_search
A001580,2023-10-15,APAC,SMB,organic
A001581,2024-11-29,NA,SMB,referral
A001582,2024-01-11,EMEA,mid_market,paid_search
A001583,2025-04-19,LATAM,mid_market,partner
A001584,2025-08-16,LATAM,SMB,referral
A001585,2023-11-25,EMEA,SMB,partner
A001586,2024-03-16,LATAM,mid_market,outbound
A001587,2024-12-27,APAC,SMB,organic
A001588,2023-09-13,NA,SMB,organic
A001589,2025-08-06,EMEA,SMB,partner
A001590,2025-07-29,LATAM,SMB,referral
A001591,2025-01-15,LATAM,SMB,referral
A001592,2025-09-23,EMEA,SMB,referral
A001593,2025-04-23,APAC,mid_market,organic
A001594,2024-03-04,APAC,mid_market,paid_search
A001595,2025-01-13,EMEA,mid_market,partner
A001596,2023-02-02,EMEA,enterprise,paid_search
A001597,2025-09-11,APAC,mid_market,referral
A001598,2024-07-11,EMEA,mid_market,paid_search
A001599,2023-04-18,EMEA,SMB,organic
A001600,2025-05-07,LATAM,SMB,organic
A001601,2025-01-17,NA,SMB,outbound
A001602,2023-06-17,APAC,mid_market,partner
A001603,2025-05-06,LATAM,SMB,outbound
A001604,2025-09-17,LATAM,SMB,partner
A001605,2025-05-02,EMEA,SMB,outbound
A001606,2023-05-26,EMEA,SMB,outbound
A001607,2025-01-04,EMEA,mid_market,referral
A001608,2024-06-16,LATAM,SMB,outbound
A001609,2025-07-30,NA,SMB,outbound
A001610,2024-10-28,EMEA,SMB,organic
A001611,2025-04-03,APAC,enterprise,referral
A001612,2024-11-18,APAC,SMB,partner
A001613,2025-01-10,LATAM,SMB,partner
A001614,2024-01-31,NA,SMB,referral
A001615,2024-06-17,LATAM,mid_market,organic
A001616,2025-04-04,APAC,SMB,outbound
A001617,2025-04-23,NA,SMB,organic
A001618,2023-12-19,LATAM,SMB,referral
A001619,2025-02-08,LATAM,SMB,outbound
A001620,2024-08-20,LATAM,SMB,partner
A001621,2024-07-13,NA,mid_market,organic
A001622,2025-01-24,NA,SMB,partner
A001623,2025-05-16,NA,SMB,outbound
A001624,2025-06-19,NA,mid_market,outbound
A001625,2025-05-07,APAC,mid_market,paid_search
A001626,2025-08-30,EMEA,SMB,partner
A001627,2024-06-09,APAC,SMB,outbound
A001628,2024-12-25,EMEA,SMB,partner
A001629,2024-07-26,EMEA,SMB,partner
A001630,2023-07-03,LATAM,SMB,referral
A001631,2024-12-04,EMEA,SMB,partner
A001632,2023-12-16,LATAM,mid_market,referral
A001633,2024-03-16,LATAM,SMB,outbound
A001634,2025-04-17,APAC,mid_market,outbound
A001635,2023-01-10,NA,SMB,referral
A001636,2024-08-17,EMEA,SMB,partner
A001637,2025-02-04,NA,enterprise,outbound
A001638,2025-08-08,LATAM,SMB,organic
A001639,2025-03-20,LATAM,SMB,partner
A001640,2023-04-17,NA,mid_market,paid_search
A001641,2025-07-26,NA,SMB,referral
A001642,2024-02-19,LATAM,SMB,referral
A001643,2023-06-07,EMEA,SMB,organic
A001644,2023-01-12,APAC,SMB,partner
A001645,2023-01-25,EMEA,SMB,referral
A001646,2024-08-31,NA,SMB,referral
A001647,2023-07-10,NA,mid_market,partner
A001648,2023-12-09,NA,mid_market,organic
A001649,2023-09-25,NA,mid_market,paid_search
A001650,2023-10-25,NA,SMB,referral
A001651,2025-05-06,APAC,mid_market,referral
A001652,2025-05-04,EMEA,mid_market,outbound
A001653,2023-07-28,EMEA,SMB,outbound
A001654,2023-10-15,LATAM,SMB,outbound
A001655,2024-02-22,LATAM,SMB,referral
A001656,2025-03-03,EMEA,enterprise,organic
A001657,2024-09-30,LATAM,SMB,partner
A001658,2024-06-15,NA,SMB,organic
A001659,2023-06-25,NA,enterprise,outbound
A001660,2023-08-05,LATAM,SMB,outbound
A001661,2025-01-09,EMEA,SMB,partner
A001662,2025-08-02,LATAM,SMB,partner
A001663,2024-04-10,APAC,SMB,organic
A001664,2024-02-22,NA,SMB,referral
A001665,2023-07-28,APAC,SMB,partner
A001666,2025-05-07,EMEA,mid_market,partner
A001667,2023-10-07,EMEA,enterprise,paid_search
A001668,2024-11-28,EMEA,SMB,partner
A001669,2024-07-11,LATAM,SMB,outbound
A001670,2025-09-02,LATAM,SMB,organic
A001671,2024-11-29,EMEA,SMB,paid_search
A001672,2023-12-01,NA,mid_market,paid_search
A001673,2025-06-05,LATAM,SMB,paid_search
A001674,2025-03-11,APAC,SMB,organic
A001675,2023-04-07,LATAM,SMB,outbound
A001676,2024-10-05,APAC,SMB,partner
A001677,2024-07-27,APAC,SMB,referral
A001678,2024-08-25,LATAM,mid_market,organic
A001679,2025-01-27,NA,SMB,outbound
A001680,2024-09-12,LATAM,SMB,organic
A001681,2024-08-24,APAC,mid_market,referral
A001682,2023-03-11,APAC,SMB,partner
A001683,2023-02-28,EMEA,SMB,outbound
A001684,2023-11-05,LATAM,SMB,organic
A001685,2025-03-16,APAC,SMB,paid_search
A001686,2023-09-15,LATAM,mid_market,partner
A001687,2023-03-17,EMEA,SMB,referral
A001688,2024-08-14,EMEA,mid_market,partner
A001689,2023-09-09,LATAM,SMB,paid_search
A001690,2024-12-17,EMEA,SMB,partner
A001691,2025-05-22,EMEA,enterprise,partner
A001692,2023-08-23,APAC,mid_market,paid_search
A001693,2024-05-07,LATAM,SMB,referral
A001694,2024-11-24,NA,SMB,paid_search
A001695,2024-01-18,NA,enterprise,paid_search
A001696,2025-09-10,LATAM,enterprise,partner
A001697,2023-12-14,NA,SMB,organic
A001698,2023-03-31,NA,SMB,referral
A001699,2023-10-21,NA,SMB,paid_search
A001700,2025-06-03,APAC,SMB,paid_search
A001701,2024-08-18,APAC,mid_market,paid_search
A001702,2023-11-30,EMEA,SMB,outbound
A001703,2024-07-21,APAC,mid_market,partner
A001704,2025-01-08,NA,SMB,partner
A001705,2025-01-01,EMEA,SMB,outbound
A001706,2025-06-23,APAC,SMB,referral
A001707,2024-07-09,LATAM,SMB,paid_search
A001708,2024-09-24,NA,mid_market,organic
A001709,2025-08-25,EMEA,enterprise,paid_search
A001710,2024-10-12,NA,mid_market,referral
A001711,2024-06-20,APAC,SMB,organic
A001712,2025-02-01,LATAM,mid_market,organic
A001713,2023-06-21,EMEA,SMB,outbound
A001714,2024-07-06,APAC,SMB,paid_search
A001715,2025-05-20,EMEA,mid_market,referral
A001716,2024-11-08,LATAM,enterprise,paid_search
A001717,2025-08-21,APAC,mid_market,partner
A001718,2023-07-04,EMEA,SMB,outbound
A001719,2023-10-13,EMEA,SMB,partner
A001720,2023-04-01,EMEA,enterprise,referral
A001721,2025-03-29,EMEA,SMB,organic
A001722,2024-04-08,LATAM,mid_market,organic
A001723,2023-03-22,EMEA,mid_market,referral
A001724,2024-01-17,LATAM,SMB,partner
A001725,2025-07-04,LATAM,mid_market,partner
A001726,2023-07-29,LATAM,SMB,referral
A001727,2024-05-07,LATAM,enterprise,paid_search
A001728,2024-09-25,LATAM,SMB,paid_search
A001729,2025-06-12,APAC,SMB,outbound
A001730,2025-03-20,APAC,mid_market,paid_search
A001731,2024-08-25,EMEA,SMB,referral
A001732,2023-12-14,EMEA,SMB,paid_search
A001733,2024-12-01,NA,mid_market,outbound
A001734,2023-11-08,EMEA,enterprise,organic
A001735,2023-04-19,EMEA,SMB,referral
A001736,2023-06-18,EMEA,mid_market,outbound
A001737,2024-12-22,EMEA,mid_market,organic
A001738,2024-05-02,LATAM,SMB,outbound
A001739,2024-01-09,LATAM,SMB,paid_search
A001740,2024-01-18,NA,SMB,paid_search
A001741,2023-09-01,APAC,SMB,partner
A001742,2024-02-20,EMEA,SMB,partner
A001743,2025-08-08,NA,SMB,partner
A001744,2025-05-16,EMEA,SMB,partner
A001745,2024-08-02,APAC,mid_market,paid_search
A001746,2025-06-08,APAC,mid_market,outbound
A001747,2023-07-01,NA,SMB,outbound
A001748,2025-07-23,LATAM,SMB,paid_search
A001749,2025-01-08,LATAM,enterprise,partner
A001750,2025-08-12,NA,SMB,outbound
A001751,2024-03-17,LATAM,SMB,referral
A001752,2024-05-13,LATAM,SMB,organic
A001753,2024-06-29,EMEA,SMB,referral
A001754,2023-02-06,NA,SMB,referral
A001755,2024-11-10,LATAM,enterprise,paid_search
A001756,2025-06-25,LATAM,SMB,paid_search
A001757,2023-06-16,LATAM,mid_market,partner
A001758,2023-08-27,APAC,SMB,organic
A001759,2025-04-18,EMEA,SMB,organic
A001760,2024-12-06,APAC,SMB,partner
A001761,2024-07-23,NA,SMB,paid_search
A001762,2024-04-20,NA,SMB,referral
A001763,2024-09-19,EMEA,SMB,paid_search
A001764,2024-11-23,EMEA,mid_market,paid_search
A001765,2024-01-04,NA,mid_market,partner
A001766,2023-11-25,LATAM,SMB,outbound
A001767,2024-10-21,NA,SMB,referral
A001768,2025-06-12,NA,mid_market,paid_search
A001769,2025-09-11,EMEA,mid_market,partner
A001770,2023-12-04,EMEA,mid_market,organic
A001771,2023-03-19,APAC,SMB,referral
A001772,2024-12-14,LATAM,SMB,referral
A001773,2024-03-29,APAC,mid_market,organic
A001774,2024-10-18,APAC,SMB,outbound
A001775,2023-09-15,APAC,SMB,organic
A001776,2023-12-16,EMEA,SMB,outbound
A001777,2025-06-21,LATAM,SMB,organic
A001778,2024-03-29,NA,SMB,outbound
A001779,2025-08-16,APAC,SMB,referral
A001780,2023-12-09,EMEA,SMB,outbound
A001781,2023-06-26,APAC,SMB,organic
A001782,2024-12-07,EMEA,mid_market,outbound
A001783,2025-06-23,EMEA,SMB,outbound
A001784,2024-10-17,LATAM,SMB,referral
A001785,2023-01-11,APAC,SMB,paid_search
A001786,2025-07-06,APAC,SMB,organic
A001787,2024-11-16,LATAM,SMB,partner
A001788,2023-08-25,APAC,SMB,organic
A001789,2023-07-18,LATAM,SMB,organic
A001790,2024-04-08,NA,SMB,referral
A001791,2024-07-29,EMEA,mid_market,partner
A001792,2024-03-12,APAC,mid_market,organic
A001793,2024-11-13,NA,SMB,referral
A001794,2025-06-20,NA,SMB,partner
A001795,2024-08-22,APAC,SMB,referral
A001796,2025-05-26,LATAM,mid_market,outbound
A001797,2024-06-07,EMEA,SMB,organic
A001798,2024-07-30,EMEA,SMB,outbound
A001799,2023-11-01,EMEA,SMB,organic
A001800,2025-06-18,EMEA,SMB,paid_search
A001801,2025-05-07,APAC,SMB,organic
A001802,2025-08-24,APAC,mid_market,outbound
A001803,2025-06-12,APAC,SMB,organic
A001804,2023-05-29,NA,enterprise,referral
A001805,2024-08-09,NA,SMB,referral
A001806,2025-04-13,EMEA,SMB,paid_search
A001807,2024-11-07,LATAM,SMB,referral
A001808,2023-04-29,LATAM,SMB,paid_search
A001809,2023-04-08,NA,SMB,referral
A001810,2024-10-14,EMEA,SMB,paid_search
A001811,2025-07-30,EMEA,SMB,organic
A001812,2025-04-11,NA,mid_market,partner
A001813,2023-04-17,NA,SMB,referral
A001814,2025-03-11,LATAM,SMB,partner
A001815,2023-11-12,LATAM,mid_market,referral
A001816,2023-02-21,LATAM,SMB,paid_search
A001817,2023-09-16,APAC,SMB,referral
A001818,2024-10-18,APAC,SMB,referral
A001819,2025-06-22,EMEA,SMB,outbound
A001820,2023-04-12,APAC,SMB,partner
A001821,2023-09-08,EMEA,mid_market,organic
A001822,2024-11-06,LATAM,mid_market,organic
A001823,2025-05-12,NA,SMB,paid_search
A001824,2023-12-05,NA,SMB,partner
A001825,2023-07-13,EMEA,SMB,referral
A001826,2024-08-17,EMEA,SMB,referral
A001827,2024-12-15,APAC,SMB,paid_search
A001828,2023-01-31,LATAM,SMB,outbound
A001829,2023-12-02,LATAM,SMB,outbound
A001830,2025-04-11,NA,SMB,referral
A001831,2023-07-24,EMEA,SMB,organic
A001832,2024-01-29,NA,SMB,partner
A001833,2025-04-03,NA,enterprise,paid_search
A001834,2025-01-09,LATAM,SMB,referral
A001835,2025-08-16,LATAM,mid_market,outbound
A001836,2024-04-10,APAC,SMB,outbound
A001837,2024-10-06,NA,SMB,paid_search
A001838,2024-02-14,EMEA,SMB,organic
A001839,2025-06-12,APAC,SMB,partner
A001840,2023-09-25,APAC,SMB,referral
A001841,2023-04-24,APAC,SMB,outbound
A001842,2024-11-10,NA,SMB,partner
A001843,2024-11-18,LATAM,SMB,referral
A001844,2025-07-25,LATAM,SMB,referral
A001845,2025-06-29,LATAM,mid_market,paid_search
A001846,2024-12-26,NA,mid_market,outbound
A001847,2024-12-15,APAC,mid_market,paid_search
A001848,2024-09-24,EMEA,mid_market,partner
A001849,2025-01-08,APAC,mid_market,paid_search
A001850,2024-05-22,APAC,mid_market,partner
A001851,2024-05-04,EMEA,SMB,organic
A001852,2025-02-16,EMEA,SMB,organic
A001853,2024-10-30,APAC,SMB,organic
A001854,2023-06-19,EMEA,SMB,organic
A001855,2023-01-07,LATAM,SMB,paid_search
A001856,2024-12-09,NA,SMB,partner
A001857,2024-08-05,EMEA,enterprise,organic
A001858,2024-11-04,NA,SMB,partner
A001859,2025-09-24,EMEA,SMB,partner
A001860,2024-06-08,EMEA,SMB,organic
A001861,2023-07-29,NA,SMB,organic
A001862,2024-08-12,EMEA,mid_market,partner
A001863,2023-06-28,APAC,SMB,outbound
A001864,2023-09-18,EMEA,SMB,organic
A001865,2024-08-03,EMEA,mid_market,paid_search
A001866,2023-06-15,LATAM,mid_market,paid_search
A001867,2025-09-02,EMEA,SMB,referral
A001868,2023-05-25,APAC,SMB,paid_search
A001869,2023-02-19,LATAM,mid_market,outbound
A001870,2024-11-01,APAC,enterprise,referral
A001871,2025-09-15,EMEA,SMB,organic
A001872,2025-09-24,EMEA,SMB,organic
A001873,2023-11-24,LATAM,enterprise,organic
A001874,2023-05-11,APAC,mid_market,organic
A001875,2023-10-28,EMEA,SMB,organic
A001876,2024-08-05,APAC,SMB,referral
A001877,2024-05-23,NA,SMB,paid_search
A001878,2024-12-20,LATAM,SMB,outbound
A001879,2024-04-24,EMEA,mid_market,paid_search
A001880,2024-09-09,EMEA,SMB,outbound
A001881,2024-11-21,LATAM,enterprise,paid_search
A001882,2023-07-13,EMEA,SMB,partner
A001883,2024-02-21,NA,enterprise,organic
A001884,2024-08-26,APAC,SMB,referral
A001885,2024-11-19,LATAM,SMB,organic
A001886,2023-01-05,APAC,SMB,organic
A001887,2023-11-27,NA,SMB,organic
A001888,2024-09-12,APAC,SMB,paid_search
A001889,2023-09-30,EMEA,SMB,outbound
A001890,2023-09-23,APAC,SMB,organic
A001891,2024-10-11,APAC,SMB,partner
A001892,2024-08-11,NA,SMB,paid_search
A001893,2025-06-25,APAC,SMB,paid_search
A001894,2025-06-24,LATAM,mid_market,referral
A001895,2023-01-24,NA,SMB,organic
A001896,2023-03-29,NA,SMB,outbound
A001897,2025-08-09,EMEA,SMB,paid_search
A001898,2023-02-03,APAC,SMB,referral
A001899,2025-08-24,LATAM,SMB,outbound
A001900,2025-04-21,LATAM,SMB,paid_search
A001901,2025-05-23,LATAM,mid_market,outbound
A001902,2024-04-02,EMEA,SMB,paid_search
A001903,2025-09-10,NA,SMB,paid_search
A001904,2024-01-31,EMEA,SMB,referral
A001905,2025-02-21,NA,SMB,referral
A001906,2023-03-19,LATAM,SMB,partner
A001907,2023-11-13,NA,SMB,partner
A001908,2023-12-28,EMEA,mid_market,partner
A001909,2023-02-18,NA,SMB,paid_search
A001910,2023-08-29,EMEA,SMB,referral
A001911,2025-01-01,EMEA,SMB,referral
A001912,2023-04-08,NA,SMB,referral
A001913,2024-09-09,NA,SMB,organic
A001914,2023-01-15,LATAM,SMB,referral
A001915,2024-10-28,NA,mid_market,organic
A001916,2023-03-02,LATAM,mid_market,organic
A001917,2023-12-21,LATAM,SMB,paid_search
A001918,2024-11-02,APAC,SMB,paid_search
A001919,2023-03-07,LATAM,enterprise,outbound
A001920,2023-03-09,LATAM,SMB,partner
A001921,2023-10-10,LATAM,SMB,paid_search
A001922,2025-06-08,EMEA,SMB,partner
A001923,2025-01-10,LATAM,mid_market,paid_search
A001924,2023-11-25,EMEA,enterprise,outbound
A001925,2024-05-23,NA,SMB,referral
A001926,2024-07-06,APAC,mid_market,paid_search
A001927,2023-01-17,LATAM,SMB,outbound
A001928,2023-11-20,NA,SMB,paid_search
A001929,2023-08-31,APAC,SMB,organic
A001930,2023-01-25,EMEA,SMB,outbound
A001931,2023-03-26,NA,enterprise,outbound
A001932,2023-06-29,EMEA,SMB,paid_search
A001933,2024-02-02,NA,SMB,organic
A001934,2024-04-10,LATAM,SMB,paid_search
A001935,2024-09-27,NA,mid_market,paid_search
A001936,2024-03-05,NA,SMB,referral
A001937,2025-02-17,NA,SMB,paid_search
A001938,2024-08-15,EMEA,SMB,organic
A001939,2024-10-18,APAC,SMB,organic
A001940,2025-08-28,NA,SMB,paid_search
A001941,2025-03-30,APAC,SMB,outbound
A001942,2023-02-17,APAC,SMB,paid_search
A001943,2024-10-25,LATAM,SMB,organic
A001944,2024-12-30,EMEA,mid_market,paid_search
A001945,2025-01-31,EMEA,mid_market,organic
A001946,2024-07-13,NA,SMB,outbound
A001947,2024-12-28,EMEA,SMB,referral
A001948,2025-08-03,LATAM,SMB,partner
A001949,2025-05-04,LATAM,SMB,referral
A001950,2023-02-25,NA,mid_market,referral
A001951,2025-03-03,LATAM,SMB,paid_search
A001952,2025-02-13,LATAM,SMB,partner
A001953,2025-08-22,EMEA,SMB,paid_search
A001954,2024-11-10,NA,mid_market,referral
A001955,2025-01-30,EMEA,SMB,partner
A001956,2024-06-18,APAC,SMB,referral
A001957,2024-09-23,LATAM,mid_market,partner
A001958,2024-09-04,NA,mid_market,referral
A001959,2024-11-27,EMEA,mid_market,partner
A001960,2025-07-11,EMEA,mid_market,organic
A001961,2023-12-11,LATAM,SMB,outbound
A001962,2023-03-23,EMEA,enterprise,outbound
A001963,2025-06-05,NA,mid_market,partner
A001964,2024-07-30,EMEA,SMB,partner
A001965,2024-11-10,APAC,mid_market,organic
A001966,2024-06-21,APAC,SMB,referral
A001967,2024-04-14,LATAM,SMB,paid_search
A001968,2025-08-04,NA,SMB,referral
A001969,2024-08-28,NA,SMB,referral
A001970,2024-10-15,LATAM,SMB,outbound
A001971,2025-01-21,NA,mid_market,partner
A001972,2024-02-26,NA,mid_market,partner
A001973,2023-10-12,APAC,SMB,partner
A001974,2025-06-14,EMEA,enterprise,partner
A001975,2025-02-25,NA,mid_market,partner
A001976,2024-06-03,EMEA,mid_market,partner
A001977,2024-07-10,NA,mid_market,organic
A001978,2024-05-15,NA,SMB,paid_search
A001979,2023-06-11,NA,mid_market,organic
A001980,2023-11-18,EMEA,SMB,referral
A001981,2024-11-06,EMEA,SMB,organic
A001982,2025-02-14,APAC,mid_market,outbound
A001983,2023-11-06,NA,SMB,outbound
A001984,2023-02-15,LATAM,SMB,organic
A001985,2024-09-02,EMEA,SMB,partner
A001986,2025-08-06,APAC,SMB,partner
A001987,2023-07-18,EMEA,SMB,organic
A001988,2023-08-02,LATAM,SMB,paid_search
A001989,2025-09-27,EMEA,SMB,organic
A001990,2025-08-17,EMEA,SMB,organic
A001991,2025-01-06,LATAM,SMB,partner
A001992,2025-08-22,NA,SMB,referral
A001993,2025-05-27,EMEA,SMB,outbound
A001994,2023-06-12,APAC,SMB,referral
A001995,2024-10-21,EMEA,SMB,referral
A001996,2024-05-19,EMEA,SMB,partner
A001997,2025-06-14,EMEA,SMB,organic
A001998,2024-06-03,NA,SMB,partner
A001999,2024-09-10,EMEA,mid_market,outbound
A002000,2023-06-20,NA,SMB,partner
A002001,2025-01-06,LATAM,SMB,referral
A002002,2024-02-27,EMEA,SMB,paid_search
A002003,2025-02-20,APAC,SMB,organic
A002004,2024-07-03,EMEA,SMB,organic
A002005,2024-11-29,NA,SMB,paid_search
A002006,2024-03-27,APAC,enterprise,organic
A002007,2023-08-15,LATAM,SMB,paid_search
A002008,2024-04-02,EMEA,SMB,partner
A002009,2024-05-07,APAC,mid_market,partner
A002010,2023-07-07,APAC,SMB,paid_search
A002011,2023-04-20,NA,mid_market,paid_search
A002012,2023-07-08,EMEA,SMB,outbound
A002013,2023-10-02,APAC,SMB,partner
A002014,2023-01-18,EMEA,SMB,partner
A002015,2025-09-11,LATAM,SMB,partner
A002016,2023-06-07,APAC,SMB,paid_search
A002017,2024-01-16,EMEA,SMB,referral
A002018,2023-02-04,LATAM,SMB,organic
A002019,2023-09-20,LATAM,mid_market,organic
A002020,2025-06-30,APAC,SMB,referral
A002021,2023-09-14,NA,mid_market,referral
A002022,2023-03-03,LATAM,SMB,referral
A002023,2025-09-02,NA,SMB,paid_search
A002024,2023-10-02,LATAM,mid_market,organic
A002025,2025-08-08,APAC,mid_market,organic
A002026,2023-11-30,NA,SMB,paid_search
A002027,2023-11-14,APAC,SMB,referral
A002028,2025-08-04,EMEA,SMB,organic
A002029,2024-04-22,LATAM,SMB,referral
A002030,2025-06-11,LATAM,SMB,outbound
A002031,2024-08-28,LATAM,enterprise,paid_search
A002032,2025-08-05,EMEA,SMB,outbound
A002033,2023-05-23,APAC,mid_market,organic
A002034,2024-06-09,LATAM,SMB,outbound
A002035,2025-01-11,NA,SMB,paid_search
A002036,2023-03-12,NA,mid_market,referral
A002037,2023-01-18,APAC,SMB,paid_search
A002038,2025-06-17,APAC,mid_market,paid_search
A002039,2023-01-23,NA,SMB,outbound
A002040,2024-10-14,LATAM,SMB,partner
A002041,2025-04-12,APAC,SMB,organic
A002042,2024-09-27,NA,SMB,referral
A002043,2024-11-23,EMEA,SMB,outbound
A002044,2024-11-02,APAC,mid_market,partner
A002045,2024-12-20,NA,mid_market,referral
A002046,2025-04-24,EMEA,SMB,organic
A002047,2025-02-17,LATAM,enterprise,paid_search
A002048,2023-08-28,EMEA,SMB,referral
A002049,2024-07-25,EMEA,mid_market,organic
A002050,2023-05-04,NA,SMB,organic
A002051,2025-04-24,NA,SMB,paid_search
A002052,2023-08-28,APAC,SMB,referral
A002053,2023-05-24,EMEA,SMB,partner
A002054,2025-03-14,LATAM,SMB,outbound
A002055,2025-04-12,LATAM,mid_market,outbound
A002056,2024-02-20,APAC,SMB,referral
A002057,2023-10-18,LATAM,SMB,referral
A002058,2024-02-12,NA,SMB,outbound
A002059,2025-03-17,EMEA,mid_market,referral
A002060,2024-04-02,LATAM,SMB,organic
A002061,2024-02-25,EMEA,SMB,organic
A002062,2024-02-22,NA,SMB,outbound
A002063,2024-12-15,NA,mid_market,paid_search
A002064,2023-05-11,NA,SMB,outbound
A002065,2025-01-25,EMEA,SMB,paid_search
A002066,2025-01-24,NA,SMB,organic
A002067,2023-03-23,NA,SMB,referral
A002068,2023-06-15,NA,mid_market,outbound
A002069,2023-01-05,APAC,SMB,organic
A002070,2024-01-01,LATAM,mid_market,referral
A002071,2023-09-12,NA,SMB,organic
A002072,2023-08-16,LATAM,SMB,outbound
A002073,2024-07-15,EMEA,SMB,paid_search
A002074,2023-03-15,LATAM,SMB,referral
A002075,2024-02-20,EMEA,SMB,referral
A002076,2023-08-11,LATAM,SMB,organic
A002077,2025-01-16,NA,mid_market,paid_search
A002078,2025-07-24,APAC,mid_market,organic
A002079,2024-06-25,LATAM,enterprise,paid_search
A002080,2025-05-28,EMEA,SMB,outbound
A002081,2024-06-02,LATAM,mid_market,partner
A002082,2024-12-21,EMEA,mid_market,referral
A002083,2023-09-12,LATAM,SMB,paid_search
A002084,2023-11-01,APAC,mid_market,paid_search
A002085,2023-12-09,APAC,SMB,organic
A002086,2025-01-24,LATAM,SMB,partner
A002087,2025-04-09,LATAM,SMB,referral
A002088,2023-07-18,NA,SMB,organic
A002089,2025-01-29,EMEA,SMB,paid_search
A002090,2025-05-16,EMEA,SMB,referral
A002091,2024-05-15,NA,SMB,outbound
A002092,2025-06-27,APAC,mid_market,partner
A002093,2025-02-28,APAC,SMB,outbound
A002094,2024-04-16,APAC,enterprise,referral
A002095,2023-09-10,LATAM,SMB,referral
A002096,2025-06-28,LATAM,SMB,outbound
A002097,2024-06-08,EMEA,SMB,referral
A002098,2023-10-05,APAC,SMB,outbound
A002099,2024-03-24,EMEA,SMB,outbound
A002100,2023-01-03,LATAM,SMB,partner
A002101,2025-04-24,LATAM,SMB,referral
A002102,2023-03-22,LATAM,SMB,outbound
A002103,2024-03-27,APAC,SMB,referral
A002104,2025-08-23,EMEA,mid_market,partner
A002105,2023-05-08,EMEA,mid_market,referral
A002106,2023-09-01,NA,enterprise,outbound
A002107,2025-06-12,LATAM,mid_market,paid_search
A002108,2025-02-08,EMEA,SMB,paid_search
A002109,2023-12-11,EMEA,SMB,organic
A002110,2025-09-07,EMEA,SMB,partner
A002111,2024-06-28,NA,SMB,outbound
A002112,2024-06-03,EMEA,enterprise,outbound
A002113,2023-04-07,EMEA,SMB,organic
A002114,2023-07-12,APAC,SMB,organic
A002115,2025-06-02,NA,SMB,paid_search
A002116,2023-11-25,LATAM,mid_market,paid_search
A002117,2023-09-05,LATAM,SMB,outbound
A002118,2023-06-16,LATAM,mid_market,paid_search
A002119,2025-07-07,NA,SMB,outbound
A002120,2024-09-20,LATAM,enterprise,partner
A002121,2025-04-24,APAC,SMB,outbound
A002122,2024-04-27,APAC,SMB,outbound
A002123,2023-01-12,EMEA,SMB,referral
A002124,2023-08-24,NA,SMB,referral
A002125,2023-10-17,NA,SMB,outbound
A002126,2023-10-26,NA,mid_market,organic
A002127,2025-05-03,EMEA,SMB,referral
A002128,2024-07-13,LATAM,mid_market,organic
A002129,2023-03-03,NA,SMB,paid_search
A002130,2023-02-05,APAC,SMB,paid_search
A002131,2025-01-21,LATAM,mid_market,partner
A002132,2024-10-10,EMEA,mid_market,outbound
A002133,2024-09-05,APAC,mid_market,referral
A002134,2025-05-04,APAC,SMB,partner
A002135,2025-03-21,EMEA,SMB,referral
A002136,2023-12-12,APAC,mid_market,outbound
A002137,2025-02-28,LATAM,SMB,organic
A002138,2025-04-12,APAC,SMB,outbound
A002139,2024-06-22,NA,SMB,referral
A002140,2023-01-01,LATAM,SMB,organic
A002141,2025-08-28,NA,SMB,partner
A002142,2025-02-01,APAC,mid_market,partner
A002143,2024-06-16,LATAM,SMB,organic
A002144,2023-08-06,LATAM,mid_market,partner
A002145,2024-12-13,APAC,SMB,outbound
A002146,2024-05-25,EMEA,enterprise,outbound
A002147,2024-01-28,LATAM,mid_market,paid_search
A002148,2025-05-17,EMEA,mid_market,organic
A002149,2024-06-10,APAC,SMB,partner
A002150,2023-08-02,NA,SMB,referral
A002151,2024-06-07,LATAM,SMB,referral
A002152,2023-05-28,EMEA,SMB,referral
A002153,2025-07-04,LATAM,SMB,partner
A002154,2025-04-26,APAC,SMB,partner
A002155,2025-01-04,LATAM,mid_market,partner
A002156,2025-06-13,LATAM,SMB,paid_search
A002157,2023-05-01,NA,SMB,organic
A002158,2024-12-14,EMEA,SMB,referral
A002159,2023-10-02,EMEA,mid_market,paid_search
A002160,2024-09-27,NA,SMB,referral
A002161,2023-07-16,NA,mid_market,outbound
A002162,2024-01-19,NA,mid_market,referral
A002163,2024-10-24,APAC,SMB,paid_search
A002164,2024-07-11,APAC,SMB,partner
A002165,2025-08-26,NA,SMB,referral
A002166,2023-05-05,NA,SMB,referral
A002167,2023-03-24,NA,mid_market,organic
A002168,2023-11-07,NA,SMB,paid_search
A002169,2024-02-08,NA,enterprise,partner
A002170,2024-08-13,APAC,SMB,paid_search
A002171,2023-01-15,LATAM,SMB,outbound
A002172,2025-08-24,LATAM,SMB,outbound
A002173,2023-04-08,LATAM,SMB,organic
A002174,2024-10-02,NA,SMB,referral
A002175,2023-12-05,NA,SMB,outbound
A002176,2025-06-22,LATAM,mid_market,outbound
A002177,2024-06-06,EMEA,SMB,paid_search
A002178,2024-02-16,EMEA,SMB,partner
A002179,2023-11-28,EMEA,SMB,outbound
A002180,2024-06-14,NA,SMB,organic
A002181,2024-04-17,LATAM,SMB,referral
A002182,2024-09-09,NA,mid_market,paid_search
A002183,2025-04-20,LATAM,enterprise,outbound
A002184,2024-05-13,EMEA,mid_market,organic
A002185,2024-03-21,NA,mid_market,organic
A002186,2023-11-01,EMEA,SMB,organic
A002187,2023-12-05,APAC,SMB,outbound
A002188,2023-07-11,EMEA,SMB,referral
A002189,2025-04-16,EMEA,mid_market,referral
A002190,2023-05-04,EMEA,SMB,partner
A002191,2023-01-29,NA,SMB,partner
A002192,2024-06-25,APAC,SMB,outbound
A002193,2024-07-24,LATAM,SMB,paid_search
A002194,2023-10-30,APAC,enterprise,referral
A002195,2024-08-09,APAC,SMB,paid_search
A002196,2024-04-14,LATAM,enterprise,partner
A002197,2024-06-07,EMEA,SMB,organic
A002198,2024-07-24,APAC,mid_market,referral
A002199,2024-08-28,EMEA,SMB,referral
A002200,2025-04-20,APAC,SMB,paid_search
A002201,2024-08-29,EMEA,SMB,partner
A002202,2025-05-27,APAC,SMB,paid_search
A002203,2024-02-09,APAC,mid_market,partner
A002204,2025-05-02,EMEA,enterprise,referral
A002205,2024-06-27,EMEA,mid_market,organic
A002206,2024-06-06,NA,SMB,partner
A002207,2025-08-03,LATAM,SMB,organic
A002208,2023-09-22,LATAM,mid_market,organic
A002209,2025-07-16,NA,SMB,partner
A002210,2024-07-21,LATAM,mid_market,referral
A002211,2023-06-19,APAC,SMB,paid_search
A002212,2025-04-15,LATAM,SMB,referral
A002213,2023-03-29,LATAM,SMB,referral
A002214,2024-11-22,LATAM,SMB,partner
A002215,2023-11-30,LATAM,SMB,partner
A002216,2025-08-04,NA,SMB,organic
A002217,2025-09-15,APAC,mid_market,outbound
A002218,2023-07-25,NA,SMB,paid_search
A002219,2024-09-26,APAC,SMB,partner
A002220,2024-01-27,LATAM,SMB,referral
A002221,2024-03-12,NA,SMB,partner
A002222,2025-02-20,LATAM,mid_market,referral
A002223,2023-09-05,APAC,SMB,paid_search
A002224,2023-03-18,EMEA,SMB,outbound
A002225,2023-03-26,APAC,SMB,outbound
A002226,2023-11-29,NA,enterprise,referral
A002227,2024-12-17,APAC,SMB,outbound
A002228,2024-10-26,NA,SMB,referral
A002229,2023-12-25,LATAM,SMB,referral
A002230,2024-06-16,APAC,SMB,paid_search
A002231,2025-03-02,NA,mid_market,outbound
A002232,2024-08-30,NA,mid_market,outbound
A002233,2024-04-18,NA,SMB,partner
A002234,2023-10-25,APAC,SMB,paid_search
A002235,2025-02-23,NA,SMB,outbound
A002236,2023-07-17,NA,SMB,paid_search
A002237,2024-07-07,APAC,SMB,paid_search
A002238,2023-04-27,NA,mid_market,paid_search
A002239,2023-07-19,APAC,mid_market,paid_search
A002240,2025-09-22,APAC,SMB,partner
A002241,2025-02-05,EMEA,SMB,paid_search
A002242,2024-12-05,APAC,SMB,outbound
A002243,2025-06-20,EMEA,SMB,partner
A002244,2023-01-16,APAC,SMB,outbound
A002245,2024-06-20,NA,SMB,organic
A002246,2023-12-20,NA,mid_market,partner
A002247,2023-09-17,APAC,enterprise,organic
A002248,2025-07-21,NA,SMB,partner
A002249,2025-03-10,EMEA,SMB,partner
A002250,2023-07-14,NA,mid_market,referral
A002251,2023-03-16,APAC,mid_market,partner
A002252,2024-04-07,EMEA,SMB,organic
A002253,2023-01-27,NA,SMB,organic
A002254,2025-08-01,LATAM,enterprise,paid_search
A002255,2025-06-27,LATAM,SMB,outbound
A002256,2025-01-04,NA,SMB,paid_search
A002257,2023-07-26,APAC,SMB,referral
A002258,2024-12-11,APAC,SMB,outbound
A002259,2023-10-19,APAC,SMB,referral
A002260,2023-10-18,APAC,SMB,outbound
A002261,2023-12-31,APAC,SMB,organic
A002262,2025-06-01,APAC,SMB,outbound
A002263,2025-06-10,EMEA,SMB,outbound
A002264,2024-08-21,NA,SMB,organic
A002265,2023-05-09,LATAM,mid_market,paid_search
A002266,2023-12-04,EMEA,SMB,outbound
A002267,2025-02-16,APAC,SMB,paid_search
A002268,2023-12-26,NA,SMB,partner
A002269,2025-02-12,NA,mid_market,referral
A002270,2023-05-21,LATAM,SMB,paid_search
A002271,2024-02-19,EMEA,SMB,partner
A002272,2024-10-12,LATAM,SMB,referral
A002273,2025-03-10,EMEA,SMB,outbound
A002274,2024-03-21,EMEA,SMB,outbound
A002275,2023-03-09,EMEA,SMB,referral
A002276,2023-09-06,EMEA,SMB,organic
A002277,2024-02-22,APAC,SMB,referral
A002278,2024-09-14,EMEA,SMB,outbound
A002279,2025-02-22,APAC,mid_market,referral
A002280,2025-05-26,NA,SMB,referral
A002281,2024-08-02,NA,SMB,outbound
A002282,2024-08-22,APAC,SMB,referral
A002283,2025-07-02,EMEA,mid_market,outbound
A002284,2024-04-20,NA,mid_market,partner
A002285,2023-03-27,NA,SMB,referral
A002286,2024-01-09,NA,enterprise,paid_search
A002287,2024-07-26,LATAM,enterprise,referral
A002288,2024-05-23,NA,mid_market,outbound
A002289,2025-03-15,EMEA,SMB,partner
A002290,2024-01-08,APAC,SMB,organic
A002291,2023-08-23,NA,SMB,partner
A002292,2025-05-07,LATAM,SMB,outbound
A002293,2023-11-05,EMEA,mid_market,partner
A002294,2024-10-20,LATAM,SMB,partner
A002295,2023-08-14,EMEA,SMB,partner
A002296,2025-05-01,LATAM,mid_market,organic
A002297,2024-03-03,NA,enterprise,paid_search
A002298,2023-10-26,APAC,mid_market,partner
A002299,2024-02-18,LATAM,SMB,referral
A002300,2023-02-25,EMEA,SMB,paid_search
A002301,2024-03-30,LATAM,SMB,referral
A002302,2025-01-08,LATAM,SMB,referral
A002303,2025-04-19,NA,SMB,partner
A002304,2023-11-05,EMEA,SMB,outbound
A002305,2024-07-08,APAC,SMB,partner
A002306,2024-06-22,APAC,SMB,partner
A002307,2024-05-14,APAC,mid_market,outbound
A002308,2024-03-24,APAC,SMB,partner
A002309,2024-11-28,APAC,mid_market,paid_search
A002310,2023-07-06,NA,SMB,outbound
A002311,2025-06-24,NA,SMB,paid_search
A002312,2023-02-12,LATAM,SMB,referral
A002313,2024-09-18,EMEA,SMB,paid_search
A002314,2025-05-11,APAC,SMB,referral
A002315,2025-08-10,LATAM,mid_market,partner
A002316,2025-07-11,APAC,SMB,paid_search
A002317,2023-06-18,NA,SMB,paid_search
A002318,2023-03-31,LATAM,SMB,referral
A002319,2025-06-13,LATAM,enterprise,referral
A002320,2024-12-11,NA,SMB,referral
A002321,2024-12-12,NA,SMB,paid_search
A002322,2024-03-19,APAC,SMB,partner
A002323,2025-01-23,NA,mid_market,paid_search
A002324,2023-11-23,LATAM,SMB,outbound
A002325,2023-06-17,NA,mid_market,outbound
A002326,2024-04-17,EMEA,mid_market,partner
A002327,2024-08-05,APAC,SMB,organic
A002328,2023-10-16,EMEA,mid_market,paid_search
A002329,2024-07-06,EMEA,SMB,outbound
A002330,2024-12-18,LATAM,enterprise,partner
A002331,2023-09-10,APAC,SMB,organic
A002332,2023-11-15,APAC,SMB,organic
A002333,2025-08-28,LATAM,SMB,referral
A002334,2023-01-01,EMEA,enterprise,outbound
A002335,2023-03-08,APAC,SMB,partner
A002336,2023-08-07,LATAM,SMB,paid_search
A002337,2025-08-12,NA,mid_market,referral
A002338,2023-06-24,EMEA,SMB,organic
A002339,2023-10-17,LATAM,SMB,paid_search
A002340,2024-09-04,NA,SMB,outbound
A002341,2024-01-28,EMEA,enterprise,outbound
A002342,2024-10-18,LATAM,mid_market,organic
A002343,2023-11-09,LATAM,mid_market,paid_search
A002344,2025-07-30,NA,enterprise,outbound
A002345,2025-08-24,LATAM,SMB,referral
A002346,2023-12-31,NA,SMB,paid_search
A002347,2025-06-04,APAC,mid_market,paid_search
A002348,2024-04-19,EMEA,SMB,partner
A002349,2024-04-11,EMEA,SMB,outbound
A002350,2023-04-04,EMEA,enterprise,partner
A002351,2024-01-18,EMEA,mid_market,outbound
A002352,2023-06-08,EMEA,SMB,outbound
A002353,2023-12-20,NA,SMB,partner
A002354,2023-04-26,NA,SMB,referral
A002355,2024-01-21,NA,SMB,paid_search
A002356,2025-08-12,NA,mid_market,organic
A002357,2023-07-03,NA,SMB,partner
A002358,2023-08-13,APAC,SMB,organic
A002359,2025-02-14,NA,SMB,partner
A002360,2023-04-29,EMEA,SMB,partner
A002361,2023-04-25,EMEA,SMB,partner
A002362,2023-07-15,LATAM,SMB,organic
A002363,2023-11-27,LATAM,SMB,paid_search
A002364,2025-03-01,APAC,SMB,partner
A002365,2025-09-24,EMEA,SMB,outbound
A002366,2024-06-07,LATAM,SMB,referral
A002367,2024-04-22,LATAM,mid_market,organic
A002368,2025-02-21,LATAM,mid_market,paid_search
A002369,2025-09-19,APAC,SMB,referral
A002370,2023-09-14,EMEA,SMB,paid_search
A002371,2023-07-17,NA,SMB,partner
A002372,2025-09-18,NA,SMB,organic
A002373,2024-02-22,APAC,SMB,paid_search
A002374,2024-04-02,APAC,SMB,referral
A002375,2024-04-30,APAC,mid_market,outbound
A002376,2023-01-25,EMEA,SMB,partner
A002377,2024-11-20,LATAM,SMB,paid_search
A002378,2023-01-11,APAC,SMB,referral
A002379,2025-03-08,NA,SMB,organic
A002380,2025-04-23,LATAM,SMB,organic
A002381,2025-01-08,LATAM,SMB,organic
A002382,2024-10-22,EMEA,mid_market,partner
A002383,2024-09-24,LATAM,SMB,outbound
A002384,2024-09-09,LATAM,SMB,referral
A002385,2025-06-13,LATAM,mid_market,partner
A002386,2023-02-23,NA,mid_market,outbound
A002387,2025-09-10,EMEA,SMB,outbound
A002388,2025-08-21,APAC,mid_market,paid_search
A002389,2025-08-21,APAC,SMB,outbound
A002390,2024-03-26,EMEA,SMB,referral
A002391,2023-02-01,NA,SMB,partner
A002392,2025-06-15,NA,SMB,paid_search
A002393,2025-05-11,LATAM,enterprise,paid_search
A002394,2025-05-02,LATAM,SMB,outbound
A002395,2023-03-26,LATAM,SMB,referral
A002396,2023-07-06,APAC,SMB,referral
A002397,2024-02-01,APAC,SMB,partner
A002398,2023-05-07,NA,mid_market,outbound
A002399,2023-03-06,EMEA,SMB,partner
A002400,2024-04-05,APAC,SMB,organic
A002401,2023-07-30,NA,mid_market,outbound
A002402,2023-10-02,LATAM,mid_market,organic
A002403,2023-02-11,APAC,SMB,referral
A002404,2023-03-04,NA,mid_market,partner
A002405,2023-02-19,NA,SMB,organic
A002406,2024-04-09,APAC,SMB,paid_search
A002407,2023-06-27,EMEA,SMB,partner
A002408,2023-01-08,APAC,SMB,outbound
A002409,2025-09-30,APAC,SMB,organic
A002410,2023-12-17,NA,mid_market,partner
A002411,2023-09-08,NA,SMB,organic
A002412,2024-02-13,NA,SMB,paid_search
A002413,2025-03-28,NA,SMB,outbound
A002414,2025-02-10,APAC,SMB,partner
A002415,2025-06-22,EMEA,SMB,organic
A002416,2025-01-22,EMEA,SMB,partner
A002417,2024-03-11,NA,mid_market,organic
A002418,2024-09-03,EMEA,enterprise,paid_search
A002419,2025-01-25,LATAM,enterprise,organic
A002420,2023-07-25,EMEA,SMB,partner
A002421,2023-05-01,APAC,mid_market,referral
A002422,2024-04-23,NA,SMB,partner
A002423,2025-07-30,EMEA,SMB,paid_search
A002424,2023-09-12,NA,SMB,outbound
A002425,2023-08-21,NA,SMB,organic
A002426,2023-06-26,APAC,enterprise,paid_search
A002427,2025-03-29,NA,SMB,paid_search
A002428,2023-04-29,NA,SMB,outbound
A002429,2023-02-03,APAC,SMB,partner
A002430,2025-09-18,EMEA,mid_market,referral
A002431,2024-11-26,APAC,mid_market,partner
A002432,2024-11-03,EMEA,SMB,paid_search
A002433,2025-08-03,APAC,SMB,paid_search
A002434,2025-06-09,EMEA,mid_market,organic
A002435,2025-03-12,NA,SMB,paid_search
A002436,2023-08-16,NA,mid_market,organic
A002437,2024-05-09,APAC,SMB,partner
A002438,2024-10-11,APAC,SMB,organic
A002439,2023-09-02,LATAM,SMB,organic
A002440,2023-11-19,NA,SMB,partner
A002441,2024-05-20,LATAM,SMB,referral
A002442,2025-08-25,NA,SMB,organic
A002443,2023-12-01,EMEA,SMB,paid_search
A002444,2024-08-26,LATAM,mid_market,referral
A002445,2024-09-02,EMEA,mid_market,partner
A002446,2025-06-21,APAC,SMB,partner
A002447,2023-08-04,EMEA,SMB,organic
A002448,2025-08-07,APAC,mid_market,paid_search
A002449,2023-04-11,NA,SMB,organic
A002450,2025-04-10,APAC,mid_market,outbound
A002451,2025-07-28,APAC,SMB,paid_search
A002452,2025-02-17,EMEA,SMB,organic
A002453,2025-04-05,EMEA,SMB,organic
A002454,2023-01-29,NA,SMB,paid_search
A002455,2024-06-14,EMEA,SMB,paid_search
A002456,2024-04-28,EMEA,SMB,outbound
A002457,2024-01-07,EMEA,SMB,organic
A002458,2024-12-14,LATAM,SMB,paid_search
A002459,2024-08-18,LATAM,SMB,referral
A002460,2023-01-31,APAC,SMB,paid_search
A002461,2025-07-27,EMEA,mid_market,partner
A002462,2024-02-20,LATAM,SMB,partner
A002463,2024-01-13,APAC,SMB,organic
A002464,2025-07-25,LATAM,mid_market,outbound
A002465,2023-09-10,NA,SMB,referral
A002466,2023-12-01,EMEA,mid_market,organic
A002467,2025-08-23,APAC,enterprise,organic
A002468,2023-06-18,EMEA,mid_market,referral
A002469,2025-02-01,LATAM,SMB,outbound
A002470,2025-04-16,LATAM,SMB,organic
A002471,2023-01-16,EMEA,SMB,referral
A002472,2024-09-20,NA,SMB,partner
A002473,2025-06-10,NA,enterprise,outbound
A002474,2023-12-06,APAC,SMB,outbound
A002475,2024-12-11,APAC,SMB,outbound
A002476,2024-05-28,APAC,SMB,partner
A002477,2024-11-10,APAC,SMB,partner
A002478,2023-06-25,NA,SMB,paid_search
A002479,2023-01-17,NA,SMB,outbound
A002480,2025-04-28,LATAM,mid_market,referral
A002481,2025-07-22,NA,SMB,partner
A002482,2023-05-24,APAC,SMB,organic
A002483,2024-06-12,EMEA,SMB,outbound
A002484,2025-02-03,APAC,SMB,referral
A002485,2024-02-09,NA,SMB,paid_search
A002486,2024-07-18,LATAM,enterprise,outbound
A002487,2023-10-23,NA,SMB,partner
A002488,2024-03-10,NA,SMB,organic
A002489,2024-08-03,EMEA,mid_market,outbound
A002490,2023-12-12,EMEA,SMB,outbound
A002491,2024-02-08,APAC,SMB,paid_search
A002492,2025-01-31,EMEA,SMB,referral
A002493,2024-06-17,APAC,mid_market,organic
A002494,2025-08-07,EMEA,SMB,outbound
A002495,2023-05-22,EMEA,mid_market,referral
A002496,2023-07-19,APAC,mid_market,referral
A002497,2024-05-03,APAC,SMB,referral
A002498,2024-10-02,EMEA,SMB,paid_search
A002499,2024-01-23,LATAM,SMB,partner
A002500,2024-04-13,NA,enterprise,partner
A002501,2025-02-05,EMEA,mid_market,outbound
A002502,2025-07-22,LATAM,mid_market,partner
A002503,2023-01-31,NA,SMB,outbound
A002504,2023-10-17,EMEA,mid_market,partner
A002505,2024-07-27,APAC,SMB,outbound
A002506,2023-03-31,EMEA,mid_market,organic
A002507,2024-01-22,LATAM,SMB,outbound
A002508,2024-10-02,EMEA,mid_market,referral
A002509,2023-01-05,NA,SMB,partner
A002510,2025-04-15,EMEA,SMB,partner
A002511,2024-04-02,EMEA,SMB,paid_search
A002512,2024-10-18,APAC,SMB,referral
A002513,2025-07-20,NA,SMB,paid_search
A002514,2025-02-03,EMEA,mid_market,organic
A002515,2024-03-09,EMEA,SMB,partner
A002516,2023-11-18,EMEA,mid_market,paid_search
A002517,2024-03-09,NA,enterprise,organic
A002518,2023-12-05,NA,mid_market,outbound
A002519,2025-08-27,APAC,SMB,referral
A002520,2025-09-14,NA,SMB,outbound
A002521,2024-07-03,EMEA,SMB,paid_search
A002522,2023-03-31,NA,SMB,partner
A002523,2025-08-04,EMEA,SMB,organic
A002524,2023-04-12,NA,SMB,referral
A002525,2024-12-21,EMEA,SMB,outbound
A002526,2024-08-05,APAC,SMB,outbound
A002527,2025-01-02,EMEA,SMB,outbound
A002528,2024-01-21,EMEA,mid_market,organic
A002529,2024-12-23,APAC,mid_market,paid_search
A002530,2023-01-19,EMEA,mid_market,organic
A002531,2023-10-17,LATAM,mid_market,organic
A002532,2024-02-14,EMEA,SMB,organic
A002533,2024-07-09,EMEA,SMB,paid_search
A002534,2023-04-21,NA,SMB,paid_search
A002535,2025-07-12,LATAM,SMB,partner
A002536,2023-03-11,EMEA,SMB,paid_search
A002537,2024-10-03,APAC,SMB,partner
A002538,2025-09-08,LATAM,enterprise,referral
A002539,2023-08-02,APAC,SMB,organic
A002540,2024-01-23,LATAM,SMB,outbound
A002541,2024-09-25,LATAM,SMB,paid_search
A002542,2023-10-23,EMEA,SMB,partner
A002543,2024-06-13,EMEA,SMB,partner
A002544,2023-12-24,NA,SMB,outbound
A002545,2023-04-19,LATAM,SMB,outbound
A002546,2025-01-23,APAC,SMB,organic
A002547,2025-03-30,APAC,SMB,paid_search
A002548,2024-11-19,NA,SMB,outbound
A002549,2025-03-12,LATAM,SMB,organic
A002550,2023-07-21,APAC,mid_market,outbound
A002551,2024-02-18,EMEA,SMB,partner
A002552,2023-09-09,APAC,SMB,organic
A002553,2024-05-23,APAC,mid_market,referral
A002554,2023-09-11,NA,SMB,organic
A002555,2024-06-29,NA,SMB,paid_search
A002556,2023-12-18,EMEA,SMB,paid_search
A002557,2025-06-08,LATAM,SMB,referral
A002558,2023-04-09,NA,SMB,partner
A002559,2023-05-09,EMEA,mid_market,paid_search
A002560,2025-06-23,LATAM,SMB,outbound
A002561,2023-08-09,NA,SMB,paid_search
A002562,2025-01-01,EMEA,SMB,organic
A002563,2025-03-23,LATAM,SMB,outbound
A002564,2024-11-09,NA,mid_market,paid_search
A002565,2025-08-23,EMEA,SMB,outbound
A002566,2025-04-02,APAC,SMB,partner
A002567,2024-02-03,LATAM,mid_market,paid_search
A002568,2024-08-22,APAC,SMB,paid_search
A002569,2025-06-06,EMEA,enterprise,referral
A002570,2025-02-18,APAC,SMB,referral
A002571,2024-10-19,LATAM,SMB,partner
A002572,2025-04-15,LATAM,enterprise,paid_search
A002573,2023-06-16,LATAM,SMB,referral
A002574,2025-08-07,NA,mid_market,organic
A002575,2025-08-05,APAC,SMB,paid_search
A002576,2024-01-04,APAC,SMB,outbound
A002577,2025-02-24,EMEA,SMB,paid_search
A002578,2023-01-03,EMEA,SMB,partner
A002579,2024-09-15,APAC,SMB,referral
A002580,2023-07-13,EMEA,SMB,partner
A002581,2024-03-30,NA,mid_market,referral
A002582,2025-03-30,NA,SMB,referral
A002583,2023-12-18,APAC,SMB,outbound
A002584,2024-05-08,EMEA,SMB,partner
A002585,2023-01-23,EMEA,SMB,partner
A002586,2023-09-19,APAC,SMB,partner
A002587,2024-01-14,NA,mid_market,organic
A002588,2025-05-28,EMEA,SMB,partner
A002589,2024-09-28,NA,SMB,referral
A002590,2024-08-22,EMEA,SMB,referral
A002591,2025-08-10,APAC,SMB,paid_search
A002592,2025-08-06,APAC,enterprise,referral
A002593,2024-11-03,APAC,enterprise,referral
A002594,2024-01-21,NA,SMB,referral
A002595,2023-06-21,EMEA,SMB,organic
A002596,2023-07-26,APAC,SMB,outbound
A002597,2025-05-24,EMEA,SMB,organic
A002598,2025-04-27,APAC,mid_market,partner
A002599,2024-11-28,NA,mid_market,partner
A002600,2023-01-25,APAC,SMB,referral
A002601,2025-07-31,APAC,SMB,partner
A002602,2024-06-06,EMEA,SMB,outbound
A002603,2025-07-11,NA,SMB,partner
A002604,2024-06-14,LATAM,mid_market,organic
A002605,2023-06-04,NA,SMB,paid_search
A002606,2023-04-11,EMEA,SMB,paid_search
A002607,2024-05-25,APAC,mid_market,organic
A002608,2023-08-25,EMEA,mid_market,referral
A002609,2024-01-28,NA,SMB,outbound
A002610,2025-02-15,APAC,mid_market,partner
A002611,2023-03-29,NA,SMB,outbound
A002612,2023-08-24,APAC,SMB,organic
A002613,2023-01-11,EMEA,SMB,partner
A002614,2024-01-12,NA,SMB,outbound
A002615,2023-07-18,LATAM,SMB,partner
A002616,2024-11-30,NA,SMB,partner
A002617,2025-03-20,EMEA,SMB,paid_search
A002618,2025-01-29,APAC,mid_market,partner
A002619,2023-07-03,APAC,enterprise,paid_search
A002620,2025-06-13,EMEA,SMB,partner
A002621,2023-12-09,EMEA,SMB,organic
A002622,2023-06-03,NA,SMB,referral
A002623,2023-02-06,NA,mid_market,outbound
A002624,2023-09-05,EMEA,SMB,partner
A002625,2024-09-06,LATAM,SMB,referral
A002626,2023-10-22,LATAM,SMB,referral
A002627,2024-09-23,EMEA,mid_market,paid_search
A002628,2023-07-21,LATAM,SMB,paid_search
A002629,2023-03-17,EMEA,SMB,organic
A002630,2025-09-26,NA,SMB,paid_search
A002631,2025-02-14,LATAM,SMB,partner
A002632,2024-07-18,EMEA,SMB,paid_search
A002633,2024-07-26,APAC,SMB,organic
A002634,2024-09-18,EMEA,SMB,referral
A002635,2024-10-12,APAC,SMB,outbound
A002636,2023-03-13,EMEA,SMB,outbound
A002637,2023-09-30,NA,SMB,paid_search
A002638,2025-06-15,LATAM,SMB,outbound
A002639,2023-01-23,LATAM,SMB,partner
A002640,2025-05-10,LATAM,SMB,paid_search
A002641,2024-08-20,NA,SMB,referral
A002642,2023-08-28,NA,SMB,partner
A002643,2025-08-15,EMEA,mid_market,paid_search
A002644,2025-02-05,NA,mid_market,referral
A002645,2024-03-23,EMEA,SMB,outbound
A002646,2023-02-25,APAC,enterprise,referral
A002647,2023-03-01,LATAM,SMB,organic
A002648,2023-10-28,EMEA,SMB,partner
A002649,2023-06-13,APAC,SMB,organic
A002650,2024-01-21,EMEA,SMB,organic
A002651,2023-07-06,LATAM,mid_market,referral
A002652,2025-01-15,EMEA,SMB,partner
A002653,2023-06-12,LATAM,SMB,referral
A002654,2025-04-06,APAC,SMB,organic
A002655,2023-07-17,NA,SMB,partner
A002656,2023-07-02,LATAM,mid_market,organic
A002657,2023-06-12,LATAM,SMB,outbound
A002658,2024-07-06,EMEA,mid_market,partner
A002659,2024-07-31,APAC,SMB,partner
A002660,2025-04-16,EMEA,SMB,outbound
A002661,2023-03-19,APAC,SMB,partner
A002662,2024-07-12,APAC,mid_market,paid_search
A002663,2024-03-25,LATAM,SMB,organic
A002664,2023-07-22,LATAM,mid_market,paid_search
A002665,2024-10-26,NA,mid_market,paid_search
A002666,2025-06-28,APAC,mid_market,referral
A002667,2025-04-24,EMEA,mid_market,paid_search
A002668,2024-04-24,EMEA,SMB,organic
A002669,2024-03-20,LATAM,enterprise,partner
A002670,2023-01-19,NA,SMB,referral
A002671,2023-10-24,APAC,SMB,outbound
A002672,2024-11-29,APAC,SMB,organic
A002673,2024-06-19,LATAM,SMB,referral
A002674,2023-09-18,EMEA,SMB,referral
A002675,2025-05-05,LATAM,mid_market,referral
A002676,2023-10-30,NA,mid_market,partner
A002677,2023-09-13,NA,SMB,partner
A002678,2024-03-27,APAC,mid_market,partner
A002679,2025-07-28,LATAM,enterprise,referral
A002680,2023-12-02,APAC,SMB,partner
A002681,2025-01-23,LATAM,SMB,partner
A002682,2023-09-06,APAC,SMB,paid_search
A002683,2024-03-05,EMEA,SMB,outbound
A002684,2023-08-16,NA,SMB,organic
A002685,2024-09-08,LATAM,SMB,outbound
A002686,2024-04-10,APAC,mid_market,outbound
A002687,2023-02-02,APAC,SMB,referral
A002688,2023-08-03,LATAM,mid_market,paid_search
A002689,2024-08-05,APAC,SMB,organic
A002690,2023-06-04,APAC,SMB,referral
A002691,2024-08-16,LATAM,SMB,partner
A002692,2023-10-15,APAC,mid_market,referral
A002693,2023-03-15,NA,SMB,partner
A002694,2023-09-02,EMEA,SMB,organic
A002695,2024-08-01,APAC,mid_market,referral
A002696,2024-05-09,NA,SMB,paid_search
A002697,2025-02-05,APAC,SMB,referral
A002698,2023-09-25,NA,SMB,paid_search
A002699,2024-08-26,EMEA,SMB,organic
A002700,2024-09-15,NA,mid_market,referral
A002701,2023-12-20,EMEA,SMB,partner
A002702,2025-02-10,APAC,SMB,paid_search
A002703,2025-03-26,APAC,mid_market,organic
A002704,2023-08-19,APAC,SMB,partner
A002705,2023-06-16,LATAM,mid_market,partner
A002706,2024-06-27,LATAM,mid_market,partner
A002707,2024-07-10,EMEA,SMB,organic
A002708,2023-05-04,LATAM,SMB,organic
A002709,2023-10-17,NA,SMB,paid_search
A002710,2023-05-28,LATAM,SMB,referral
A002711,2025-03-24,APAC,SMB,partner
A002712,2024-02-15,APAC,SMB,referral
A002713,2024-07-19,EMEA,enterprise,organic
A002714,2023-10-03,EMEA,SMB,paid_search
A002715,2023-03-18,NA,SMB,outbound
A002716,2023-09-25,LATAM,SMB,partner
A002717,2024-02-06,EMEA,SMB,outbound
A002718,2024-02-09,LATAM,SMB,paid_search
A002719,2025-02-21,APAC,SMB,partner
A002720,2023-10-05,LATAM,SMB,paid_search
A002721,2024-08-22,NA,SMB,organic
A002722,2024-11-21,LATAM,SMB,partner
A002723,2024-06-05,APAC,SMB,outbound
A002724,2024-11-06,NA,SMB,paid_search
A002725,2023-06-05,APAC,mid_market,paid_search
A002726,2023-05-09,APAC,SMB,organic
A002727,2024-03-27,EMEA,SMB,outbound
A002728,2025-09-13,EMEA,SMB,referral
A002729,2024-11-19,NA,SMB,outbound
A002730,2024-05-29,NA,mid_market,partner
A002731,2023-01-21,APAC,SMB,referral
A002732,2024-03-24,APAC,SMB,referral
A002733,2023-06-28,EMEA,mid_market,outbound
A002734,2024-05-14,LATAM,SMB,outbound
A002735,2024-04-15,LATAM,enterprise,outbound
A002736,2023-07-10,LATAM,SMB,partner
A002737,2025-08-31,LATAM,SMB,referral
A002738,2024-04-02,NA,SMB,organic
A002739,2024-04-27,APAC,SMB,paid_search
A002740,2023-04-22,LATAM,mid_market,partner
A002741,2024-09-26,EMEA,SMB,paid_search
A002742,2025-06-08,NA,SMB,organic
A002743,2024-07-22,EMEA,mid_market,organic
A002744,2024-07-01,APAC,SMB,outbound
A002745,2024-06-11,LATAM,SMB,outbound
A002746,2024-07-20,EMEA,SMB,referral
A002747,2024-02-20,NA,mid_market,organic
A002748,2024-08-20,EMEA,SMB,partner
A002749,2025-01-26,NA,SMB,partner
A002750,2024-05-17,EMEA,enterprise,paid_search
A002751,2023-03-12,NA,SMB,organic
A002752,2024-01-04,EMEA,SMB,referral
A002753,2024-01-27,NA,SMB,partner
A002754,2024-09-11,APAC,mid_market,outbound
A002755,2023-12-16,LATAM,SMB,referral
A002756,2024-04-11,APAC,mid_market,referral
A002757,2024-05-02,APAC,mid_market,organic
A002758,2025-09-21,NA,mid_market,referral
A002759,2024-09-03,APAC,SMB,paid_search
A002760,2024-05-17,LATAM,SMB,organic
A002761,2025-04-07,EMEA,SMB,organic
A002762,2024-06-15,NA,SMB,paid_search
A002763,2025-09-24,NA,SMB,partner
A002764,2025-05-14,APAC,mid_market,paid_search
A002765,2024-06-14,NA,SMB,paid_search
A002766,2023-07-20,EMEA,SMB,organic
A002767,2023-12-27,NA,mid_market,organic
A002768,2024-12-17,LATAM,SMB,organic
A002769,2024-08-10,APAC,SMB,organic
A002770,2023-12-31,NA,SMB,organic
A002771,2025-08-21,APAC,SMB,organic
A002772,2024-11-28,NA,SMB,partner
A002773,2025-09-19,NA,mid_market,organic
A002774,2025-07-21,EMEA,SMB,referral
A002775,2024-11-20,APAC,mid_market,paid_search
A002776,2023-03-13,NA,SMB,partner
A002777,2023-10-06,NA,SMB,outbound
A002778,2024-01-20,EMEA,SMB,organic
A002779,2024-01-29,NA,mid_market,partner
A002780,2024-10-09,NA,SMB,paid_search
A002781,2024-07-19,LATAM,SMB,partner
A002782,2025-01-03,LATAM,SMB,paid_search
A002783,2025-09-14,APAC,mid_market,organic
A002784,2023-07-26,EMEA,SMB,outbound
A002785,2025-08-13,NA,mid_market,paid_search
A002786,2023-11-07,EMEA,SMB,organic
A002787,2023-08-17,NA,SMB,partner
A002788,2025-03-26,EMEA,SMB,referral
A002789,2024-07-25,NA,enterprise,organic
A002790,2024-02-10,APAC,SMB,outbound
A002791,2023-06-21,EMEA,mid_market,referral
A002792,2023-05-28,LATAM,SMB,outbound
A002793,2023-06-12,APAC,SMB,partner
A002794,2023-09-12,LATAM,SMB,partner
A002795,2024-02-06,EMEA,mid_market,outbound
A002796,2023-04-09,LATAM,SMB,partner
A002797,2023-12-11,NA,mid_market,referral
A002798,2023-04-17,EMEA,SMB,outbound
A002799,2025-01-09,APAC,SMB,referral
A002800,2023-02-14,NA,SMB,organic
A002801,2025-09-16,NA,SMB,referral
A002802,2025-02-06,EMEA,mid_market,referral
A002803,2024-03-03,NA,mid_market,referral
A002804,2024-05-06,NA,mid_market,paid_search
A002805,2024-08-25,EMEA,SMB,outbound
A002806,2024-10-29,APAC,SMB,partner
A002807,2024-06-25,LATAM,SMB,paid_search
A002808,2025-01-21,NA,SMB,organic
A002809,2024-05-14,EMEA,SMB,referral
A002810,2024-07-11,EMEA,SMB,outbound
A002811,2025-09-05,LATAM,SMB,outbound
A002812,2025-08-10,APAC,SMB,paid_search
A002813,2025-09-19,APAC,enterprise,outbound
A002814,2023-03-11,NA,enterprise,outbound
A002815,2023-12-16,APAC,SMB,referral
A002816,2025-03-01,LATAM,SMB,partner
A002817,2025-02-21,EMEA,SMB,outbound
A002818,2025-01-12,LATAM,SMB,outbound
A002819,2023-07-23,EMEA,SMB,organic
A002820,2025-09-24,APAC,SMB,referral
A002821,2024-03-09,EMEA,SMB,partner
A002822,2024-07-17,LATAM,SMB,organic
A002823,2023-06-07,LATAM,mid_market,outbound
A002824,2023-01-09,LATAM,SMB,outbound
A002825,2024-08-17,EMEA,SMB,referral
A002826,2024-04-08,APAC,SMB,partner
A002827,2025-06-04,LATAM,SMB,organic
A002828,2025-09-25,EMEA,SMB,paid_search
A002829,2023-03-10,APAC,mid_market,paid_search
A002830,2025-09-01,APAC,SMB,organic
A002831,2025-05-04,APAC,enterprise,outbound
A002832,2025-04-11,EMEA,mid_market,partner
A002833,2023-07-25,EMEA,SMB,paid_search
A002834,2023-05-11,EMEA,SMB,partner
A002835,2024-11-15,NA,enterprise,referral
A002836,2024-11-27,APAC,SMB,outbound
A002837,2024-06-14,LATAM,SMB,organic
A002838,2024-03-23,NA,SMB,referral
A002839,2025-01-23,NA,SMB,paid_search
A002840,2024-09-16,LATAM,SMB,organic
A002841,2025-03-16,APAC,SMB,outbound
A002842,2025-09-08,APAC,SMB,referral
A002843,2023-05-22,NA,mid_market,paid_search
A002844,2024-10-24,LATAM,SMB,partner
A002845,2024-08-25,NA,SMB,organic
A002846,2023-10-20,APAC,SMB,organic
A002847,2024-09-22,APAC,SMB,paid_search
A002848,2025-08-10,EMEA,SMB,organic
A002849,2024-07-17,NA,mid_market,partner
A002850,2025-01-01,LATAM,enterprise,outbound
A002851,2025-01-21,LATAM,SMB,partner
A002852,2025-01-19,EMEA,SMB,referral
A002853,2023-01-16,EMEA,SMB,paid_search
A002854,2024-12-22,NA,SMB,outbound
A002855,2025-06-16,EMEA,SMB,partner
A002856,2025-01-18,APAC,SMB,paid_search
A002857,2023-08-26,LATAM,SMB,outbound
A002858,2024-07-01,NA,mid_market,partner
A002859,2023-03-15,EMEA,SMB,organic
A002860,2024-04-25,APAC,SMB,outbound
A002861,2024-11-14,LATAM,SMB,referral
A002862,2024-03-26,EMEA,mid_market,outbound
A002863,2024-11-28,APAC,SMB,outbound
A002864,2025-07-30,APAC,SMB,referral
A002865,2023-03-24,APAC,mid_market,organic
A002866,2023-05-21,APAC,SMB,referral
A002867,2024-03-02,NA,SMB,outbound
A002868,2023-08-10,EMEA,mid_market,referral
A002869,2023-10-08,NA,SMB,outbound
A002870,2023-02-17,EMEA,SMB,paid_search
A002871,2024-06-16,EMEA,enterprise,referral
A002872,2025-04-23,NA,mid_market,referral
A002873,2025-02-27,EMEA,enterprise,partner
A002874,2024-08-21,LATAM,SMB,referral
A002875,2023-04-24,NA,SMB,organic
A002876,2024-03-13,APAC,SMB,referral
A002877,2025-04-25,LATAM,SMB,partner
A002878,2024-05-28,APAC,SMB,paid_search
A002879,2025-02-18,APAC,SMB,organic
A002880,2024-04-27,NA,mid_market,outbound
A002881,2023-04-15,APAC,SMB,outbound
A002882,2024-02-08,NA,SMB,paid_search
A002883,2023-02-12,LATAM,SMB,organic
A002884,2024-12-15,EMEA,mid_market,paid_search
A002885,2025-06-04,NA,SMB,partner
A002886,2024-09-15,EMEA,SMB,outbound
A002887,2024-07-09,NA,SMB,referral
A002888,2023-01-04,NA,mid_market,paid_search
A002889,2024-10-01,LATAM,SMB,referral
A002890,2024-04-01,NA,SMB,organic
A002891,2024-07-01,EMEA,mid_market,paid_search
A002892,2024-09-08,APAC,mid_market,paid_search
A002893,2025-03-27,LATAM,mid_market,partner
A002894,2023-06-05,APAC,mid_market,referral
A002895,2023-05-30,NA,SMB,organic
A002896,2024-01-17,APAC,SMB,referral
A002897,2025-01-29,APAC,SMB,partner
A002898,2024-03-30,EMEA,SMB,partner
A002899,2023-09-24,LATAM,mid_market,partner
A002900,2023-07-24,NA,SMB,outbound
A002901,2023-11-21,EMEA,SMB,paid_search
A002902,2023-03-10,APAC,SMB,outbound
A002903,2025-04-29,EMEA,SMB,outbound
A002904,2023-03-12,APAC,SMB,organic
A002905,2023-06-01,LATAM,SMB,paid_search
A002906,2024-11-24,APAC,SMB,paid_search
A002907,2024-09-21,EMEA,SMB,paid_search
A002908,2024-11-19,LATAM,SMB,paid_search
A002909,2024-10-25,NA,SMB,paid_search
A002910,2024-07-30,EMEA,SMB,paid_search
A002911,2025-08-26,LATAM,SMB,partner
A002912,2023-07-16,EMEA,SMB,referral
A002913,2023-04-29,APAC,mid_market,paid_search
A002914,2023-07-05,LATAM,SMB,referral
A002915,2023-08-14,NA,SMB,referral
A002916,2023-03-23,APAC,SMB,partner
A002917,2023-11-22,APAC,SMB,paid_search
A002918,2024-10-25,NA,SMB,referral
A002919,2025-06-28,LATAM,SMB,paid_search
A002920,2025-02-07,EMEA,SMB,referral
A002921,2023-07-11,APAC,SMB,organic
A002922,2025-05-29,NA,SMB,outbound
A002923,2025-07-24,EMEA,enterprise,outbound
A002924,2023-06-13,NA,SMB,paid_search
A002925,2023-06-10,LATAM,SMB,organic
A002926,2025-09-22,LATAM,SMB,referral
A002927,2024-06-30,EMEA,SMB,outbound
A002928,2025-03-30,LATAM,SMB,organic
A002929,2023-09-20,APAC,SMB,organic
A002930,2025-08-02,EMEA,mid_market,paid_search
A002931,2023-07-20,NA,mid_market,paid_search
A002932,2024-04-03,APAC,mid_market,partner
A002933,2025-07-11,NA,mid_market,referral
A002934,2025-02-18,APAC,SMB,partner
A002935,2024-01-05,APAC,mid_market,outbound
A002936,2025-05-13,NA,SMB,paid_search
A002937,2024-07-30,LATAM,SMB,organic
A002938,2024-10-04,APAC,SMB,referral
A002939,2024-03-07,LATAM,SMB,referral
A002940,2025-06-11,APAC,SMB,partner
A002941,2025-05-07,APAC,SMB,partner
A002942,2023-05-25,LATAM,enterprise,outbound
A002943,2023-01-21,NA,mid_market,referral
A002944,2024-12-01,LATAM,SMB,partner
A002945,2023-03-12,LATAM,SMB,partner
A002946,2023-05-19,EMEA,SMB,referral
A002947,2024-02-02,EMEA,mid_market,outbound
A002948,2024-11-16,LATAM,enterprise,organic
A002949,2024-11-16,APAC,SMB,referral
A002950,2023-05-17,LATAM,SMB,partner
A002951,2025-02-23,NA,mid_market,outbound
A002952,2024-07-16,LATAM,SMB,outbound
A002953,2023-03-05,APAC,enterprise,referral
A002954,2024-06-14,EMEA,mid_market,organic
A002955,2025-04-05,EMEA,mid_market,paid_search
A002956,2025-07-09,APAC,SMB,organic
A002957,2024-11-11,NA,SMB,outbound
A002958,2024-09-03,NA,SMB,paid_search
A002959,2025-08-03,APAC,mid_market,organic
A002960,2023-04-02,NA,enterprise,referral
A002961,2023-02-24,EMEA,enterprise,partner
A002962,2024-05-17,APAC,SMB,partner
A002963,2023-04-02,NA,SMB,referral
A002964,2023-09-11,LATAM,SMB,partner
A002965,2024-04-16,NA,SMB,organic
A002966,2023-03-09,NA,SMB,paid_search
A002967,2025-03-20,LATAM,SMB,outbound
A002968,2025-08-14,EMEA,mid_market,outbound
A002969,2023-04-08,APAC,SMB,outbound
A002970,2024-03-08,EMEA,SMB,referral
A002971,2023-01-04,LATAM,mid_market,referral
A002972,2025-08-21,NA,mid_market,referral
A002973,2023-04-18,LATAM,SMB,outbound
A002974,2025-02-22,APAC,SMB,outbound
A002975,2023-09-21,LATAM,SMB,outbound
A002976,2024-09-30,APAC,SMB,partner
A002977,2024-01-25,NA,enterprise,outbound
A002978,2024-01-18,LATAM,mid_market,outbound
A002979,2025-01-04,APAC,SMB,referral
A002980,2024-08-18,NA,SMB,outbound
A002981,2024-08-30,APAC,SMB,partner
A002982,2024-08-17,EMEA,enterprise,referral
A002983,2024-10-16,NA,SMB,outbound
A002984,2023-06-24,NA,mid_market,organic
A002985,2024-08-01,EMEA,SMB,outbound
A002986,2024-10-05,LATAM,mid_market,referral
A002987,2023-06-04,EMEA,mid_market,referral
A002988,2023-08-17,EMEA,SMB,paid_search
A002989,2023-04-14,NA,SMB,outbound
A002990,2025-05-20,APAC,mid_market,paid_search
A002991,2023-03-11,APAC,SMB,outbound
A002992,2024-11-28,NA,SMB,partner
A002993,2024-11-20,NA,SMB,organic
A002994,2024-05-02,LATAM,SMB,outbound
A002995,2024-10-21,EMEA,mid_market,referral
A002996,2025-06-03,EMEA,SMB,referral
A002997,2024-08-31,EMEA,SMB,organic
A002998,2025-04-16,LATAM,mid_market,organic
A002999,2023-10-13,APAC,SMB,organic
A003000,2025-08-20,APAC,SMB,partner
A003001,2023-06-23,NA,SMB,organic
A003002,2023-03-26,EMEA,SMB,outbound
A003003,2023-01-10,EMEA,SMB,paid_search
A003004,2023-03-11,APAC,SMB,paid_search
A003005,2023-03-29,EMEA,SMB,organic
A003006,2024-03-14,EMEA,SMB,paid_search
A003007,2023-10-29,EMEA,enterprise,referral
A003008,2024-11-25,LATAM,SMB,referral
A003009,2023-03-10,LATAM,mid_market,organic
A003010,2024-07-08,EMEA,SMB,referral
A003011,2025-03-07,NA,SMB,outbound
A003012,2025-08-03,LATAM,SMB,partner
A003013,2025-05-03,NA,SMB,paid_search
A003014,2024-08-28,LATAM,SMB,paid_search
A003015,2023-03-05,EMEA,SMB,referral
A003016,2024-06-09,NA,mid_market,outbound
A003017,2025-08-28,APAC,SMB,partner
A003018,2024-01-17,EMEA,SMB,outbound
A003019,2023-10-04,LATAM,SMB,organic
A003020,2024-12-14,APAC,SMB,paid_search
A003021,2025-05-20,LATAM,SMB,outbound
A003022,2024-03-18,NA,SMB,paid_search
A003023,2023-02-04,LATAM,SMB,outbound
A003024,2025-03-28,APAC,SMB,outbound
A003025,2023-05-18,EMEA,mid_market,organic
A003026,2023-01-01,EMEA,SMB,outbound
A003027,2023-02-28,LATAM,mid_market,paid_search
A003028,2025-09-25,APAC,SMB,organic
A003029,2024-05-06,APAC,SMB,referral
A003030,2023-10-09,EMEA,SMB,organic
A003031,2025-01-17,EMEA,mid_market,organic
A003032,2023-09-08,LATAM,SMB,referral
A003033,2024-10-30,LATAM,SMB,organic
A003034,2025-05-15,NA,SMB,paid_search
A003035,2024-03-06,LATAM,SMB,organic
A003036,2024-11-16,APAC,SMB,paid_search
A003037,2024-08-13,EMEA,SMB,partner
A003038,2023-07-18,EMEA,SMB,partner
A003039,2024-04-06,APAC,SMB,organic
A003040,2025-03-29,APAC,mid_market,paid_search
A003041,2024-12-02,EMEA,SMB,referral
A003042,2023-10-30,EMEA,SMB,outbound
A003043,2024-01-13,APAC,SMB,organic
A003044,2025-05-26,EMEA,enterprise,partner
A003045,2023-10-01,LATAM,mid_market,partner
A003046,2023-06-27,APAC,SMB,referral
A003047,2025-06-21,NA,SMB,partner
A003048,2023-11-26,NA,enterprise,partner
A003049,2023-10-08,NA,SMB,organic
A003050,2025-02-04,LATAM,enterprise,outbound
A003051,2024-07-29,LATAM,SMB,referral
A003052,2025-01-23,LATAM,SMB,organic
A003053,2023-04-28,NA,SMB,paid_search
A003054,2024-10-10,NA,SMB,paid_search
A003055,2024-05-08,EMEA,SMB,organic
A003056,2025-02-10,LATAM,SMB,paid_search
A003057,2023-12-09,NA,enterprise,partner
A003058,2023-06-09,LATAM,mid_market,organic
A003059,2025-02-27,NA,SMB,referral
A003060,2024-09-16,LATAM,SMB,outbound
A003061,2023-09-15,APAC,mid_market,outbound
A003062,2025-07-19,NA,SMB,organic
A003063,2024-01-12,LATAM,enterprise,outbound
A003064,2025-06-23,NA,SMB,paid_search
A003065,2024-08-19,LATAM,enterprise,organic
A003066,2024-01-31,LATAM,SMB,outbound
A003067,2024-06-20,LATAM,SMB,outbound
A003068,2025-05-08,EMEA,SMB,paid_search
A003069,2025-08-24,APAC,SMB,partner
A003070,2024-03-16,NA,SMB,outbound
A003071,2024-03-12,EMEA,SMB,paid_search
A003072,2023-12-21,APAC,SMB,partner
A003073,2025-09-23,LATAM,SMB,partner
A003074,2024-03-12,NA,SMB,paid_search
A003075,2024-04-14,EMEA,SMB,organic
A003076,2023-04-25,APAC,SMB,organic
A003077,2025-06-22,APAC,SMB,referral
A003078,2025-05-01,LATAM,mid_market,outbound
A003079,2024-01-18,LATAM,SMB,organic
A003080,2023-02-11,NA,SMB,paid_search
A003081,2023-10-14,EMEA,SMB,outbound
A003082,2025-08-18,LATAM,SMB,organic
A003083,2025-09-11,NA,SMB,partner
A003084,2024-12-24,LATAM,SMB,outbound
A003085,2023-12-17,EMEA,enterprise,organic
A003086,2024-04-06,EMEA,mid_market,organic
A003087,2025-05-17,LATAM,enterprise,partner
A003088,2024-05-14,LATAM,mid_market,partner
A003089,2023-09-16,NA,mid_market,organic
A003090,2025-02-26,LATAM,SMB,paid_search
A003091,2024-09-27,EMEA,SMB,partner
A003092,2024-05-24,NA,SMB,partner
A003093,2025-08-31,LATAM,SMB,organic
A003094,2024-07-05,EMEA,SMB,outbound
A003095,2024-07-10,APAC,SMB,outbound
A003096,2024-10-10,EMEA,SMB,referral
A003097,2024-12-14,EMEA,mid_market,referral
A003098,2025-09-21,APAC,mid_market,partner
A003099,2023-05-10,LATAM,SMB,outbound
A003100,2023-05-15,APAC,SMB,organic
A003101,2024-08-20,NA,mid_market,referral
A003102,2023-03-17,APAC,SMB,referral
A003103,2025-03-31,APAC,mid_market,referral
A003104,2023-08-09,APAC,mid_market,paid_search
A003105,2023-03-19,NA,SMB,partner
A003106,2024-09-26,NA,SMB,paid_search
A003107,2023-09-24,LATAM,mid_market,paid_search
A003108,2023-03-21,APAC,SMB,referral
A003109,2025-07-15,EMEA,SMB,referral
A003110,2024-06-28,LATAM,SMB,outbound
A003111,2025-07-02,LATAM,mid_market,organic
A003112,2023-01-29,LATAM,SMB,referral
A003113,2024-02-05,NA,mid_market,outbound
A003114,2024-05-15,NA,SMB,outbound
A003115,2023-06-28,NA,SMB,paid_search
A003116,2024-07-31,APAC,SMB,paid_search
A003117,2023-11-07,NA,SMB,outbound
A003118,2024-03-13,LATAM,enterprise,outbound
A003119,2025-03-22,APAC,SMB,outbound
A003120,2024-02-27,NA,mid_market,paid_search
A003121,2024-11-19,NA,SMB,referral
A003122,2023-06-18,EMEA,mid_market,outbound
A003123,2025-08-23,APAC,SMB,paid_search
A003124,2024-03-29,EMEA,SMB,referral
A003125,2025-09-07,LATAM,SMB,partner
A003126,2025-03-18,NA,SMB,outbound
A003127,2025-04-28,APAC,mid_market,organic
A003128,2024-12-27,EMEA,enterprise,referral
A003129,2023-05-14,EMEA,SMB,referral
A003130,2024-12-18,LATAM,SMB,organic
A003131,2023-08-11,NA,SMB,paid_search
A003132,2024-03-20,APAC,mid_market,paid_search
A003133,2024-09-23,LATAM,SMB,outbound
A003134,2023-12-11,LATAM,SMB,referral
A003135,2025-03-05,NA,mid_market,paid_search
A003136,2023-04-25,APAC,SMB,referral
A003137,2024-11-09,NA,SMB,referral
A003138,2023-08-21,EMEA,mid_market,organic
A003139,2024-01-30,APAC,SMB,organic
A003140,2024-04-27,NA,SMB,organic
A003141,2024-04-02,EMEA,SMB,referral
A003142,2025-07-20,EMEA,SMB,partner
A003143,2023-05-28,NA,SMB,partner
A003144,2023-11-21,APAC,SMB,outbound
A003145,2023-10-04,LATAM,SMB,outbound
A003146,2025-01-09,NA,SMB,referral
A003147,2023-11-23,LATAM,enterprise,partner
A003148,2025-09-04,EMEA,SMB,referral
A003149,2024-02-27,APAC,mid_market,paid_search
A003150,2023-12-19,LATAM,SMB,outbound
A003151,2024-10-03,LATAM,mid_market,organic
A003152,2023-01-14,EMEA,mid_market,partner
A003153,2023-08-19,LATAM,SMB,outbound
A003154,2023-02-08,NA,mid_market,partner
A003155,2023-10-25,NA,SMB,partner
A003156,2025-02-26,APAC,SMB,organic
A003157,2024-08-14,EMEA,mid_market,organic
A003158,2024-08-04,EMEA,SMB,referral
A003159,2023-07-31,LATAM,SMB,paid_search
A003160,2024-01-10,EMEA,SMB,partner
A003161,2023-09-22,NA,enterprise,outbound
A003162,2023-06-18,LATAM,SMB,outbound
A003163,2024-02-29,LATAM,mid_market,partner
A003164,2024-04-11,LATAM,mid_market,referral
A003165,2024-12-16,APAC,SMB,outbound
A003166,2024-08-14,EMEA,SMB,partner
A003167,2025-03-31,APAC,SMB,referral
A003168,2025-04-30,APAC,SMB,organic
A003169,2025-02-01,NA,SMB,referral
A003170,2024-02-10,APAC,SMB,partner
A003171,2025-07-16,APAC,SMB,paid_search
A003172,2023-12-19,APAC,mid_market,outbound
A003173,2023-07-16,EMEA,SMB,organic
A003174,2023-03-11,NA,mid_market,paid_search
A003175,2024-05-31,EMEA,SMB,paid_search
A003176,2024-11-19,APAC,enterprise,outbound
A003177,2024-12-18,NA,SMB,referral
A003178,2025-05-01,LATAM,SMB,organic
A003179,2023-10-08,LATAM,mid_market,paid_search
A003180,2024-06-14,NA,mid_market,partner
A003181,2025-04-08,NA,enterprise,organic
A003182,2024-04-18,EMEA,SMB,referral
A003183,2023-02-27,EMEA,SMB,referral
A003184,2025-02-15,LATAM,SMB,referral
A003185,2023-07-03,EMEA,SMB,referral
A003186,2025-03-20,LATAM,SMB,partner
A003187,2025-09-04,LATAM,SMB,paid_search
A003188,2023-06-11,LATAM,mid_market,organic
A003189,2025-05-21,APAC,mid_market,outbound
A003190,2025-06-22,EMEA,SMB,organic
A003191,2024-03-16,APAC,SMB,referral
A003192,2024-01-05,NA,SMB,referral
A003193,2023-02-05,EMEA,SMB,partner
A003194,2023-04-23,EMEA,SMB,paid_search
A003195,2024-09-15,NA,SMB,organic
A003196,2024-08-28,EMEA,SMB,organic
A003197,2023-05-10,LATAM,SMB,partner
A003198,2024-03-25,EMEA,SMB,partner
A003199,2023-06-28,LATAM,SMB,paid_search
A003200,2023-04-24,APAC,enterprise,referral
A003201,2024-01-25,EMEA,SMB,outbound
A003202,2024-12-30,APAC,SMB,paid_search
A003203,2025-06-11,LATAM,enterprise,outbound
A003204,2025-05-02,APAC,SMB,paid_search
A003205,2024-10-07,EMEA,SMB,referral
A003206,2024-08-27,LATAM,SMB,referral
A003207,2023-03-25,EMEA,SMB,organic
A003208,2023-09-07,APAC,mid_market,outbound
A003209,2025-06-11,APAC,mid_market,referral
A003210,2023-09-30,LATAM,SMB,outbound
A003211,2024-12-07,APAC,SMB,outbound
A003212,2025-05-27,NA,SMB,organic
A003213,2024-05-01,NA,SMB,referral
A003214,2025-02-14,LATAM,mid_market,paid_search
A003215,2025-01-25,NA,mid_market,outbound
A003216,2024-04-21,EMEA,enterprise,paid_search
A003217,2023-02-06,EMEA,SMB,organic
A003218,2023-03-27,LATAM,SMB,organic
A003219,2024-02-15,LATAM,SMB,partner
A003220,2024-07-20,NA,SMB,paid_search
A003221,2025-01-02,NA,SMB,referral
A003222,2024-06-06,NA,SMB,partner
A003223,2024-07-26,NA,SMB,outbound
A003224,2024-08-13,EMEA,SMB,paid_search
A003225,2023-04-11,EMEA,SMB,outbound
A003226,2024-02-03,EMEA,SMB,outbound
A003227,2023-05-23,NA,mid_market,paid_search
A003228,2024-11-18,APAC,SMB,outbound
A003229,2024-05-26,EMEA,mid_market,organic
A003230,2025-02-05,NA,SMB,paid_search
A003231,2023-03-15,NA,SMB,paid_search
A003232,2024-06-24,NA,SMB,paid_search
A003233,2023-11-03,EMEA,SMB,partner
A003234,2023-12-26,NA,SMB,partner
A003235,2023-08-20,APAC,SMB,organic
A003236,2023-04-09,APAC,mid_market,outbound
A003237,2023-09-06,APAC,SMB,outbound
A003238,2024-02-04,APAC,SMB,referral
A003239,2024-11-06,EMEA,SMB,partner
A003240,2025-04-11,EMEA,mid_market,paid_search
A003241,2024-08-24,LATAM,SMB,organic
A003242,2024-12-18,EMEA,mid_market,referral
A003243,2025-06-10,EMEA,mid_market,paid_search
A003244,2023-11-04,EMEA,SMB,referral
A003245,2023-03-30,NA,SMB,organic
A003246,2024-09-22,APAC,enterprise,referral
A003247,2023-09-28,APAC,SMB,referral
A003248,2023-11-17,EMEA,SMB,referral
A003249,2025-08-16,NA,mid_market,partner
A003250,2023-06-20,APAC,mid_market,outbound
A003251,2024-06-02,NA,SMB,outbound
A003252,2025-01-24,NA,SMB,partner
A003253,2024-02-13,APAC,mid_market,organic
A003254,2023-05-28,EMEA,SMB,outbound
A003255,2025-07-07,EMEA,mid_market,referral
A003256,2025-05-06,APAC,SMB,partner
A003257,2023-05-09,APAC,SMB,referral
A003258,2024-05-22,APAC,mid_market,paid_search
A003259,2025-06-19,APAC,mid_market,paid_search
A003260,2023-12-24,LATAM,SMB,outbound
A003261,2023-12-06,EMEA,SMB,referral
A003262,2023-02-05,APAC,SMB,outbound
A003263,2023-11-13,APAC,SMB,outbound
A003264,2023-10-02,EMEA,SMB,partner
A003265,2023-04-29,LATAM,SMB,organic
A003266,2024-09-15,APAC,SMB,outbound
A003267,2025-01-07,EMEA,mid_market,referral
A003268,2024-03-13,NA,SMB,organic
A003269,2025-04-23,APAC,SMB,outbound
A003270,2025-03-20,APAC,SMB,outbound
A003271,2025-04-09,APAC,mid_market,outbound
A003272,2024-06-28,EMEA,SMB,paid_search
A003273,2024-01-01,APAC,SMB,outbound
A003274,2025-01-21,NA,SMB,organic
A003275,2024-07-27,APAC,mid_market,partner
A003276,2025-01-28,EMEA,SMB,paid_search
A003277,2024-12-04,LATAM,SMB,organic
A003278,2023-04-20,NA,SMB,partner
A003279,2023-04-28,EMEA,SMB,referral
A003280,2023-07-31,LATAM,SMB,outbound
A003281,2024-11-16,NA,SMB,partner
A003282,2024-07-28,LATAM,mid_market,outbound
A003283,2023-08-15,APAC,enterprise,paid_search
A003284,2025-07-12,LATAM,SMB,outbound
A003285,2024-09-20,LATAM,SMB,referral
A003286,2024-01-17,LATAM,SMB,paid_search
A003287,2023-04-19,LATAM,SMB,paid_search
A003288,2024-06-16,EMEA,SMB,paid_search
A003289,2023-02-18,NA,SMB,outbound
A003290,2024-06-29,APAC,mid_market,referral
A003291,2025-09-06,EMEA,SMB,organic
A003292,2025-02-25,LATAM,mid_market,outbound
A003293,2025-09-09,EMEA,SMB,partner
A003294,2023-08-26,NA,SMB,organic
A003295,2025-02-04,APAC,SMB,paid_search
A003296,2025-09-03,NA,SMB,outbound
A003297,2024-05-23,EMEA,mid_market,outbound
A003298,2023-11-05,NA,SMB,organic
A003299,2024-01-18,NA,mid_market,outbound
A003300,2024-11-29,EMEA,mid_market,referral
A003301,2023-02-06,LATAM,SMB,paid_search
A003302,2024-05-07,EMEA,mid_market,organic
A003303,2023-08-04,APAC,SMB,referral
A003304,2024-06-12,EMEA,mid_market,referral
A003305,2024-05-21,LATAM,SMB,partner
A003306,2023-04-08,LATAM,mid_market,paid_search
A003307,2024-08-23,APAC,mid_market,partner
A003308,2024-04-11,NA,SMB,outbound
A003309,2024-04-16,EMEA,mid_market,referral
A003310,2023-09-23,EMEA,SMB,organic
A003311,2024-04-14,EMEA,mid_market,organic
A003312,2024-09-13,LATAM,SMB,organic
A003313,2025-03-23,EMEA,SMB,organic
A003314,2024-03-07,LATAM,enterprise,paid_search
A003315,2025-06-03,APAC,SMB,outbound
A003316,2024-05-03,APAC,SMB,organic
A003317,2023-09-28,APAC,SMB,referral
A003318,2024-04-02,APAC,mid_market,partner
A003319,2025-09-05,LATAM,mid_market,referral
A003320,2023-11-30,NA,SMB,paid_search
A003321,2023-05-27,APAC,SMB,referral
A003322,2025-07-14,EMEA,SMB,paid_search
A003323,2023-02-01,EMEA,SMB,outbound
A003324,2025-03-03,NA,mid_market,paid_search
A003325,2025-04-12,APAC,SMB,partner
A003326,2023-05-29,APAC,SMB,referral
A003327,2024-11-24,APAC,SMB,outbound
A003328,2024-05-09,APAC,SMB,organic
A003329,2025-05-13,APAC,SMB,paid_search
A003330,2023-06-20,EMEA,enterprise,organic
A003331,2024-07-08,LATAM,mid_market,organic
A003332,2024-04-17,NA,SMB,partner
A003333,2024-10-21,APAC,SMB,organic
A003334,2023-01-15,APAC,mid_market,partner
A003335,2025-02-24,LATAM,SMB,organic
A003336,2023-05-30,LATAM,SMB,paid_search
A003337,2024-04-16,LATAM,SMB,referral
A003338,2025-08-22,EMEA,mid_market,partner
A003339,2023-02-28,EMEA,mid_market,outbound
A003340,2024-06-02,EMEA,mid_market,paid_search
A003341,2025-06-13,NA,mid_market,referral
A003342,2023-01-28,NA,SMB,referral
A003343,2023-04-18,EMEA,mid_market,outbound
A003344,2025-01-14,NA,mid_market,paid_search
A003345,2025-03-06,NA,mid_market,referral
A003346,2025-07-11,NA,enterprise,referral
A003347,2023-05-17,NA,SMB,paid_search
A003348,2024-02-24,LATAM,mid_market,organic
A003349,2024-01-18,EMEA,SMB,referral
A003350,2023-08-17,NA,SMB,partner
A003351,2024-01-12,APAC,SMB,referral
A003352,2023-05-17,LATAM,SMB,paid_search
A003353,2025-09-08,EMEA,mid_market,paid_search
A003354,2025-08-28,EMEA,mid_market,organic
A003355,2025-01-06,NA,mid_market,referral
A003356,2024-05-14,APAC,SMB,referral
A003357,2025-02-19,EMEA,SMB,partner
A003358,2025-01-10,LATAM,SMB,partner
A003359,2024-01-03,EMEA,mid_market,organic
A003360,2024-10-05,LATAM,enterprise,organic
A003361,2023-05-13,LATAM,SMB,partner
A003362,2025-03-16,EMEA,SMB,referral
A003363,2024-01-04,LATAM,mid_market,partner
A003364,2024-02-06,LATAM,SMB,outbound
A003365,2023-12-31,EMEA,enterprise,organic
A003366,2023-08-24,EMEA,mid_market,paid_search
A003367,2025-08-29,NA,SMB,paid_search
A003368,2024-05-14,LATAM,SMB,paid_search
A003369,2025-07-11,APAC,mid_market,organic
A003370,2025-07-27,APAC,SMB,outbound
A003371,2023-05-16,APAC,enterprise,organic
A003372,2025-07-16,LATAM,SMB,referral
A003373,2024-11-26,NA,SMB,paid_search
A003374,2025-03-13,APAC,enterprise,partner
A003375,2025-03-07,APAC,SMB,partner
A003376,2023-02-27,APAC,mid_market,referral
A003377,2023-01-22,NA,SMB,organic
A003378,2024-06-28,APAC,SMB,referral
A003379,2025-08-29,NA,SMB,organic
A003380,2025-04-20,EMEA,SMB,outbound
A003381,2023-11-25,LATAM,SMB,referral
A003382,2024-12-28,LATAM,SMB,paid_search
A003383,2024-05-19,EMEA,SMB,organic
A003384,2025-09-20,NA,SMB,paid_search
A003385,2024-12-13,EMEA,SMB,partner
A003386,2023-11-28,EMEA,SMB,partner
A003387,2024-11-01,LATAM,SMB,organic
A003388,2023-03-05,LATAM,SMB,partner
A003389,2023-03-06,LATAM,SMB,paid_search
A003390,2023-08-12,LATAM,SMB,partner
A003391,2025-01-20,EMEA,SMB,paid_search
A003392,2024-06-30,EMEA,SMB,outbound
A003393,2023-02-13,LATAM,SMB,referral
A003394,2024-03-10,NA,SMB,referral
A003395,2024-02-09,EMEA,mid_market,organic
A003396,2023-10-18,APAC,SMB,outbound
A003397,2023-10-29,LATAM,SMB,paid_search
A003398,2023-02-03,APAC,SMB,organic
A003399,2024-09-01,LATAM,SMB,outbound
A003400,2023-06-15,NA,SMB,paid_search
A003401,2025-05-08,LATAM,SMB,referral
A003402,2025-07-23,APAC,SMB,partner
A003403,2025-05-26,LATAM,SMB,referral
A003404,2025-05-14,EMEA,mid_market,outbound
A003405,2023-02-21,LATAM,SMB,organic
A003406,2024-02-27,NA,SMB,outbound
A003407,2025-03-01,LATAM,SMB,referral
A003408,2025-09-18,EMEA,mid_market,organic
A003409,2024-08-28,EMEA,SMB,partner
A003410,2025-05-11,NA,mid_market,referral
A003411,2025-03-17,EMEA,mid_market,organic
A003412,2025-06-06,EMEA,SMB,referral
A003413,2025-04-23,NA,SMB,organic
A003414,2025-08-03,LATAM,mid_market,outbound
A003415,2023-11-29,APAC,SMB,partner
A003416,2024-04-26,EMEA,SMB,organic
A003417,2024-02-25,NA,mid_market,partner
A003418,2023-09-04,LATAM,SMB,outbound
A003419,2023-05-16,LATAM,SMB,partner
A003420,2025-06-13,NA,SMB,outbound
A003421,2024-03-31,EMEA,SMB,referral
A003422,2023-10-04,APAC,enterprise,organic
A003423,2024-06-12,EMEA,SMB,referral
A003424,2023-02-28,APAC,mid_market,outbound
A003425,2024-11-08,EMEA,SMB,outbound
A003426,2025-05-31,NA,SMB,referral
A003427,2024-01-23,LATAM,SMB,outbound
A003428,2024-10-14,APAC,SMB,paid_search
A003429,2025-08-29,NA,SMB,referral
A003430,2025-08-27,EMEA,SMB,outbound
A003431,2023-10-11,EMEA,SMB,referral
A003432,2023-02-09,EMEA,SMB,organic
A003433,2025-06-24,LATAM,SMB,outbound
A003434,2024-08-26,APAC,mid_market,outbound
A003435,2024-08-02,EMEA,SMB,outbound
A003436,2023-12-30,APAC,SMB,outbound
A003437,2024-06-22,NA,SMB,referral
A003438,2025-07-18,NA,enterprise,partner
A003439,2023-09-25,LATAM,SMB,organic
A003440,2023-01-04,APAC,SMB,referral
A003441,2024-02-14,NA,mid_market,outbound
A003442,2024-09-11,APAC,SMB,outbound
A003443,2025-09-18,APAC,enterprise,referral
A003444,2023-06-16,APAC,SMB,outbound
A003445,2023-06-05,NA,SMB,partner
A003446,2025-03-29,APAC,SMB,outbound
A003447,2024-06-16,EMEA,SMB,partner
A003448,2024-02-23,APAC,SMB,outbound
A003449,2024-11-13,LATAM,SMB,partner
A003450,2024-04-03,NA,SMB,outbound
A003451,2025-01-02,NA,mid_market,organic
A003452,2024-09-08,APAC,SMB,outbound
A003453,2023-07-22,LATAM,SMB,partner
A003454,2023-01-22,APAC,SMB,partner
A003455,2024-08-17,APAC,SMB,outbound
A003456,2023-08-26,EMEA,SMB,partner
A003457,2025-06-13,NA,SMB,referral
A003458,2023-06-03,APAC,SMB,paid_search
A003459,2023-04-04,LATAM,SMB,partner
A003460,2025-02-26,NA,mid_market,paid_search
A003461,2023-12-31,LATAM,SMB,referral
A003462,2024-02-28,NA,SMB,organic
A003463,2024-07-30,EMEA,mid_market,organic
A003464,2023-07-01,EMEA,SMB,partner
A003465,2025-06-04,NA,SMB,paid_search
A003466,2023-08-25,EMEA,mid_market,paid_search
A003467,2025-05-04,NA,SMB,outbound
A003468,2023-11-18,EMEA,mid_market,partner
A003469,2025-03-21,APAC,SMB,referral
A003470,2024-03-26,APAC,SMB,outbound
A003471,2025-04-13,NA,SMB,referral
A003472,2024-03-25,APAC,SMB,paid_search
A003473,2024-10-19,EMEA,SMB,outbound
A003474,2024-02-12,EMEA,SMB,organic
A003475,2023-11-11,LATAM,SMB,referral
A003476,2024-07-11,APAC,mid_market,organic
A003477,2023-11-05,NA,mid_market,referral
A003478,2025-09-17,APAC,SMB,organic
A003479,2024-11-13,APAC,SMB,outbound
A003480,2025-06-28,APAC,SMB,referral
A003481,2024-12-09,NA,SMB,outbound
A003482,2023-11-22,LATAM,SMB,partner
A003483,2023-08-20,APAC,SMB,paid_search
A003484,2023-09-30,APAC,SMB,paid_search
A003485,2024-09-06,NA,SMB,partner
A003486,2023-10-03,LATAM,SMB,paid_search
A003487,2024-12-07,EMEA,SMB,outbound
A003488,2024-09-11,EMEA,SMB,outbound
A003489,2023-10-14,EMEA,SMB,organic
A003490,2023-08-17,LATAM,enterprise,partner
A003491,2023-11-08,APAC,mid_market,partner
A003492,2024-03-17,NA,SMB,organic
A003493,2023-12-01,APAC,SMB,organic
A003494,2023-10-09,EMEA,SMB,partner
A003495,2025-07-12,EMEA,SMB,organic
A003496,2025-05-13,APAC,SMB,outbound
A003497,2025-01-07,LATAM,SMB,paid_search
A003498,2024-07-18,EMEA,SMB,outbound
A003499,2023-12-21,NA,SMB,paid_search
A003500,2023-09-23,EMEA,SMB,partner
A003501,2024-09-07,EMEA,mid_market,organic
A003502,2025-06-27,APAC,SMB,paid_search
A003503,2023-12-01,EMEA,SMB,referral
A003504,2023-05-12,NA,enterprise,organic
A003505,2023-10-11,NA,SMB,referral
A003506,2023-11-05,APAC,mid_market,referral
A003507,2023-10-02,LATAM,SMB,referral
A003508,2023-03-31,APAC,SMB,partner
A003509,2023-07-13,EMEA,enterprise,paid_search
A003510,2023-08-21,NA,SMB,partner
A003511,2023-05-30,APAC,mid_market,paid_search
A003512,2024-07-25,LATAM,SMB,partner
A003513,2024-12-12,LATAM,mid_market,paid_search
A003514,2024-10-09,EMEA,mid_market,partner
A003515,2025-01-07,EMEA,SMB,partner
A003516,2023-11-26,NA,mid_market,organic
A003517,2024-01-31,LATAM,SMB,outbound
A003518,2024-03-15,EMEA,SMB,referral
A003519,2023-10-16,APAC,SMB,partner
A003520,2023-04-12,LATAM,mid_market,paid_search
A003521,2025-08-10,LATAM,SMB,outbound
A003522,2024-11-23,NA,mid_market,outbound
A003523,2025-07-07,EMEA,mid_market,partner
A003524,2024-11-23,EMEA,mid_market,outbound
A003525,2025-02-27,APAC,SMB,partner
A003526,2023-07-30,APAC,SMB,referral
A003527,2025-05-30,APAC,mid_market,partner
A003528,2025-08-31,LATAM,SMB,referral
A003529,2023-05-16,NA,mid_market,paid_search
A003530,2025-07-23,NA,mid_market,organic
A003531,2023-01-22,APAC,SMB,organic
A003532,2025-03-05,NA,SMB,partner
A003533,2024-05-30,APAC,SMB,outbound
A003534,2023-04-15,NA,SMB,organic
A003535,2025-02-07,EMEA,SMB,paid_search
A003536,2024-06-06,LATAM,SMB,outbound
A003537,2024-03-24,NA,SMB,referral
A003538,2023-06-02,NA,SMB,partner
A003539,2023-04-12,APAC,SMB,partner
A003540,2024-07-08,LATAM,SMB,partner
A003541,2024-07-14,LATAM,mid_market,outbound
A003542,2024-08-01,LATAM,mid_market,paid_search
A003543,2023-09-09,EMEA,SMB,organic
A003544,2025-03-05,LATAM,SMB,partner
A003545,2024-11-08,NA,SMB,paid_search
A003546,2025-03-09,APAC,mid_market,partner
A003547,2025-02-27,LATAM,SMB,paid_search
A003548,2023-05-25,APAC,SMB,organic
A003549,2024-06-20,LATAM,SMB,organic
A003550,2024-06-14,APAC,mid_market,referral
A003551,2025-09-28,LATAM,mid_market,outbound
A003552,2025-05-07,APAC,SMB,outbound
A003553,2024-10-18,LATAM,SMB,organic
A003554,2023-07-03,NA,mid_market,partner
A003555,2025-02-16,LATAM,SMB,partner
A003556,2023-03-01,EMEA,SMB,organic
A003557,2025-07-07,LATAM,SMB,referral
A003558,2025-08-05,NA,mid_market,partner
A003559,2025-02-11,NA,SMB,referral
A003560,2025-09-28,LATAM,SMB,paid_search
A003561,2023-09-15,LATAM,SMB,outbound
A003562,2023-06-14,EMEA,SMB,paid_search
A003563,2024-09-03,APAC,SMB,paid_search
A003564,2023-11-28,APAC,mid_market,organic
A003565,2025-05-14,LATAM,SMB,referral
A003566,2024-11-01,EMEA,mid_market,partner
A003567,2025-03-26,LATAM,mid_market,paid_search
A003568,2024-03-31,LATAM,SMB,paid_search
A003569,2025-07-02,EMEA,SMB,organic
A003570,2023-01-22,APAC,SMB,partner
A003571,2023-01-27,LATAM,SMB,referral
A003572,2025-07-11,NA,mid_market,outbound
A003573,2024-04-24,APAC,SMB,paid_search
A003574,2024-07-25,LATAM,SMB,referral
A003575,2023-10-27,NA,SMB,paid_search
A003576,2024-12-07,EMEA,SMB,partner
A003577,2024-01-02,NA,SMB,partner
A003578,2025-03-10,APAC,SMB,paid_search
A003579,2023-07-24,NA,SMB,referral
A003580,2023-02-27,LATAM,SMB,referral
A003581,2025-07-19,NA,SMB,organic
A003582,2024-05-31,NA,SMB,paid_search
A003583,2024-02-15,EMEA,SMB,partner
A003584,2023-11-11,NA,SMB,organic
A003585,2024-08-19,NA,mid_market,partner
A003586,2025-09-10,LATAM,SMB,partner
A003587,2024-04-08,LATAM,mid_market,outbound
A003588,2025-06-10,EMEA,SMB,paid_search
A003589,2025-06-21,APAC,SMB,organic
A003590,2023-07-16,EMEA,enterprise,organic
A003591,2025-04-30,NA,mid_market,partner
A003592,2025-06-19,NA,SMB,referral
A003593,2024-11-27,APAC,SMB,outbound
A003594,2024-02-19,EMEA,SMB,partner
A003595,2023-01-22,LATAM,SMB,paid_search
A003596,2023-10-03,APAC,SMB,paid_search
A003597,2025-09-30,LATAM,mid_market,referral
A003598,2025-04-03,APAC,mid_market,paid_search
A003599,2023-04-29,LATAM,SMB,partner
A003600,2023-10-08,NA,SMB,partner
A003601,2024-10-11,NA,enterprise,outbound
A003602,2025-05-01,LATAM,SMB,referral
A003603,2023-02-14,APAC,mid_market,organic
A003604,2023-01-24,EMEA,SMB,outbound
A003605,2025-03-31,NA,SMB,outbound
A003606,2024-07-13,APAC,SMB,organic
A003607,2024-09-09,APAC,mid_market,organic
A003608,2025-04-21,LATAM,mid_market,organic
A003609,2023-10-11,LATAM,SMB,outbound
A003610,2024-09-02,EMEA,SMB,outbound
A003611,2025-08-04,EMEA,SMB,paid_search
A003612,2023-12-31,APAC,mid_market,outbound
A003613,2025-04-12,LATAM,mid_market,paid_search
A003614,2023-04-24,EMEA,SMB,outbound
A003615,2024-07-10,LATAM,SMB,partner
A003616,2023-02-05,LATAM,mid_market,referral
A003617,2025-08-13,LATAM,mid_market,outbound
A003618,2025-01-17,EMEA,mid_market,referral
A003619,2024-10-13,EMEA,SMB,organic
A003620,2023-03-16,LATAM,SMB,outbound
A003621,2023-06-08,APAC,enterprise,paid_search
A003622,2024-10-04,LATAM,SMB,paid_search
A003623,2025-05-25,APAC,enterprise,paid_search
A003624,2023-02-06,NA,SMB,partner
A003625,2024-11-29,APAC,SMB,paid_search
A003626,2023-12-20,EMEA,SMB,paid_search
A003627,2025-04-03,EMEA,SMB,paid_search
A003628,2025-01-03,APAC,SMB,outbound
A003629,2024-02-23,EMEA,mid_market,organic
A003630,2024-03-12,LATAM,SMB,partner
A003631,2023-01-17,LATAM,SMB,referral
A003632,2024-06-12,NA,SMB,partner
A003633,2025-04-01,LATAM,SMB,partner
A003634,2023-02-24,EMEA,SMB,organic
A003635,2023-10-28,NA,SMB,organic
A003636,2025-03-09,APAC,SMB,paid_search
A003637,2024-10-15,LATAM,mid_market,organic
A003638,2024-12-10,LATAM,SMB,referral
A003639,2023-11-27,NA,SMB,outbound
A003640,2023-06-14,APAC,SMB,paid_search
A003641,2023-08-09,LATAM,SMB,organic
A003642,2023-01-22,EMEA,SMB,outbound
A003643,2023-01-11,LATAM,mid_market,referral
A003644,2025-09-21,EMEA,SMB,referral
A003645,2023-12-31,NA,SMB,partner
A003646,2025-06-30,APAC,mid_market,partner
A003647,2024-03-15,APAC,SMB,organic
A003648,2023-12-29,NA,SMB,partner
A003649,2025-05-04,NA,SMB,organic
A003650,2024-02-24,LATAM,SMB,paid_search
A003651,2024-12-19,LATAM,SMB,partner
A003652,2025-03-17,LATAM,SMB,paid_search
A003653,2025-08-21,NA,enterprise,paid_search
A003654,2023-06-06,LATAM,mid_market,outbound
A003655,2023-01-14,APAC,SMB,paid_search
A003656,2025-08-21,EMEA,SMB,paid_search
A003657,2023-01-03,NA,mid_market,partner
A003658,2023-06-30,EMEA,SMB,paid_search
A003659,2025-05-03,EMEA,enterprise,organic
A003660,2023-05-07,NA,SMB,partner
A003661,2023-02-16,APAC,SMB,partner
A003662,2025-02-17,EMEA,SMB,organic
A003663,2023-12-07,LATAM,SMB,referral
A003664,2023-06-07,EMEA,enterprise,partner
A003665,2024-02-21,NA,mid_market,paid_search
A003666,2024-11-09,NA,SMB,organic
A003667,2024-05-09,EMEA,SMB,organic
A003668,2024-12-07,LATAM,SMB,paid_search
A003669,2024-10-20,NA,SMB,outbound
A003670,2023-02-17,NA,SMB,outbound
A003671,2024-09-04,APAC,SMB,outbound
A003672,2023-08-22,EMEA,enterprise,partner
A003673,2024-07-06,NA,SMB,paid_search
A003674,2025-09-09,NA,SMB,referral
A003675,2024-08-31,LATAM,SMB,referral
A003676,2024-01-04,APAC,mid_market,organic
A003677,2024-02-01,EMEA,mid_market,outbound
A003678,2024-03-15,APAC,SMB,referral
A003679,2024-06-08,APAC,mid_market,paid_search
A003680,2023-11-30,LATAM,SMB,organic
A003681,2025-02-13,LATAM,mid_market,referral
A003682,2024-10-24,LATAM,mid_market,paid_search
A003683,2025-06-11,APAC,enterprise,paid_search
A003684,2023-01-08,NA,mid_market,partner
A003685,2023-08-08,EMEA,mid_market,outbound
A003686,2024-08-22,LATAM,SMB,paid_search
A003687,2025-06-01,LATAM,SMB,outbound
A003688,2023-06-13,LATAM,SMB,paid_search
A003689,2024-05-06,APAC,SMB,outbound
A003690,2025-04-15,APAC,SMB,referral
A003691,2023-04-25,EMEA,enterprise,partner
A003692,2023-06-01,LATAM,SMB,referral
A003693,2023-06-14,APAC,SMB,outbound
A003694,2025-05-18,LATAM,SMB,partner
A003695,2023-04-30,APAC,SMB,outbound
A003696,2023-10-10,EMEA,mid_market,partner
A003697,2023-02-18,APAC,SMB,outbound
A003698,2025-07-04,LATAM,enterprise,outbound
A003699,2023-04-12,APAC,mid_market,outbound
A003700,2023-03-25,LATAM,SMB,outbound
A003701,2023-02-10,EMEA,SMB,partner
A003702,2023-07-07,NA,SMB,partner
A003703,2023-02-22,EMEA,SMB,referral
A003704,2025-08-18,APAC,SMB,partner
A003705,2024-05-23,EMEA,SMB,outbound
A003706,2024-05-29,EMEA,mid_market,partner
A003707,2023-01-31,LATAM,SMB,outbound
A003708,2025-01-24,APAC,mid_market,outbound
A003709,2023-01-23,NA,SMB,outbound
A003710,2023-12-15,NA,mid_market,referral
A003711,2024-11-18,APAC,mid_market,partner
A003712,2025-07-21,EMEA,SMB,organic
A003713,2024-02-14,LATAM,SMB,outbound
A003714,2023-12-25,NA,SMB,referral
A003715,2023-08-12,EMEA,mid_market,partner
A003716,2025-01-30,LATAM,enterprise,paid_search
A003717,2025-01-21,NA,mid_market,outbound
A003718,2023-09-04,NA,mid_market,partner
A003719,2023-01-23,EMEA,SMB,paid_search
A003720,2024-05-23,EMEA,SMB,paid_search
A003721,2024-11-13,LATAM,mid_market,partner
A003722,2024-07-28,NA,SMB,partner
A003723,2025-07-10,LATAM,SMB,partner
A003724,2023-10-12,EMEA,SMB,referral
A003725,2024-08-29,APAC,mid_market,paid_search
A003726,2024-11-08,APAC,SMB,paid_search
A003727,2024-03-02,APAC,SMB,partner
A003728,2024-07-30,LATAM,SMB,outbound
A003729,2023-09-23,NA,SMB,referral
A003730,2023-10-05,APAC,mid_market,referral
A003731,2025-08-22,APAC,SMB,paid_search
A003732,2024-04-09,NA,SMB,outbound
A003733,2023-01-15,LATAM,SMB,paid_search
A003734,2023-12-21,LATAM,enterprise,organic
A003735,2024-05-02,LATAM,SMB,paid_search
A003736,2023-03-22,NA,SMB,outbound
A003737,2025-04-20,EMEA,SMB,referral
A003738,2024-04-16,EMEA,SMB,paid_search
A003739,2023-05-02,APAC,mid_market,outbound
A003740,2023-04-24,LATAM,SMB,organic
A003741,2025-03-10,EMEA,mid_market,organic
A003742,2024-05-15,NA,mid_market,paid_search
A003743,2025-03-31,APAC,SMB,partner
A003744,2025-05-08,NA,mid_market,organic
A003745,2025-08-09,LATAM,SMB,referral
A003746,2024-08-06,NA,mid_market,outbound
A003747,2025-01-18,EMEA,SMB,paid_search
A003748,2023-04-17,APAC,mid_market,partner
A003749,2025-08-23,NA,mid_market,partner
A003750,2024-07-20,NA,enterprise,paid_search
A003751,2024-11-11,EMEA,SMB,partner
A003752,2025-07-01,EMEA,mid_market,referral
A003753,2024-10-27,EMEA,SMB,paid_search
A003754,2025-07-18,EMEA,SMB,outbound
A003755,2023-09-30,EMEA,SMB,partner
A003756,2024-01-16,NA,mid_market,organic
A003757,2025-01-28,APAC,SMB,outbound
A003758,2024-02-28,EMEA,enterprise,partner
A003759,2023-09-18,NA,mid_market,referral
A003760,2024-05-04,LATAM,SMB,outbound
A003761,2024-06-12,APAC,mid_market,outbound
A003762,2023-05-24,NA,SMB,paid_search
A003763,2024-12-20,LATAM,SMB,partner
A003764,2024-04-08,LATAM,SMB,outbound
A003765,2025-04-06,LATAM,SMB,referral
A003766,2023-01-08,EMEA,SMB,partner
A003767,2025-09-14,APAC,mid_market,paid_search
A003768,2024-02-22,APAC,mid_market,paid_search
A003769,2024-05-13,NA,SMB,partner
A003770,2025-02-26,LATAM,SMB,paid_search
A003771,2025-07-08,EMEA,mid_market,paid_search
A003772,2023-08-21,NA,mid_market,referral
A003773,2023-05-02,LATAM,SMB,referral
A003774,2025-07-16,NA,SMB,outbound
A003775,2024-10-24,APAC,SMB,organic
A003776,2023-04-13,EMEA,mid_market,paid_search
A003777,2024-05-24,APAC,mid_market,organic
A003778,2025-08-17,LATAM,mid_market,paid_search
A003779,2025-01-22,EMEA,SMB,referral
A003780,2025-06-21,NA,SMB,organic
A003781,2023-01-23,APAC,mid_market,referral
A003782,2024-10-03,APAC,SMB,outbound
A003783,2024-07-20,LATAM,SMB,partner
A003784,2023-02-15,LATAM,SMB,partner
A003785,2025-05-11,NA,mid_market,referral
A003786,2023-09-21,LATAM,SMB,referral
A003787,2025-09-25,APAC,SMB,paid_search
A003788,2024-10-21,LATAM,SMB,paid_search
A003789,2023-10-09,APAC,mid_market,organic
A003790,2023-09-30,LATAM,mid_market,organic
A003791,2024-01-19,LATAM,SMB,organic
A003792,2023-10-12,LATAM,SMB,paid_search
A003793,2024-09-02,APAC,SMB,partner
A003794,2024-07-10,LATAM,enterprise,referral
A003795,2024-02-12,LATAM,SMB,partner
A003796,2025-05-14,EMEA,mid_market,referral
A003797,2023-10-09,EMEA,SMB,referral
A003798,2024-01-10,LATAM,mid_market,partner
A003799,2023-04-06,LATAM,enterprise,partner
A003800,2025-03-16,APAC,SMB,outbound
A003801,2024-08-06,APAC,SMB,paid_search
A003802,2023-12-07,EMEA,mid_market,outbound
A003803,2025-01-04,APAC,mid_market,partner
A003804,2023-06-15,APAC,SMB,partner
A003805,2024-06-21,EMEA,enterprise,organic
A003806,2023-04-23,EMEA,SMB,partner
A003807,2023-10-12,APAC,SMB,organic
A003808,2025-06-19,LATAM,SMB,referral
A003809,2025-09-29,EMEA,SMB,organic
A003810,2024-07-18,APAC,SMB,outbound
A003811,2025-06-01,EMEA,SMB,outbound
A003812,2023-11-13,LATAM,enterprise,referral
A003813,2024-01-13,NA,SMB,outbound
A003814,2023-03-08,NA,SMB,paid_search
A003815,2025-02-04,EMEA,SMB,referral
A003816,2023-05-02,EMEA,SMB,partner
A003817,2025-03-10,NA,SMB,partner
A003818,2023-10-29,NA,enterprise,partner
A003819,2023-03-04,APAC,enterprise,referral
A003820,2024-09-30,LATAM,enterprise,outbound
A003821,2025-06-12,NA,SMB,paid_search
A003822,2023-10-02,APAC,SMB,organic
A003823,2023-11-05,LATAM,mid_market,outbound
A003824,2025-08-12,LATAM,mid_market,paid_search
A003825,2024-09-06,APAC,SMB,referral
A003826,2025-07-09,NA,SMB,organic
A003827,2023-12-12,APAC,SMB,referral
A003828,2023-09-04,LATAM,SMB,organic
A003829,2025-07-03,LATAM,SMB,partner
A003830,2023-05-28,APAC,SMB,partner
A003831,2023-04-13,LATAM,SMB,paid_search
A003832,2023-04-01,EMEA,SMB,outbound
A003833,2025-08-24,APAC,mid_market,referral
A003834,2023-09-15,LATAM,SMB,outbound
A003835,2024-04-29,NA,SMB,paid_search
A003836,2024-04-30,APAC,SMB,organic
A003837,2024-09-17,NA,SMB,referral
A003838,2025-01-24,EMEA,SMB,referral
A003839,2024-10-27,EMEA,enterprise,referral
A003840,2025-05-14,LATAM,SMB,partner
A003841,2025-03-09,APAC,enterprise,outbound
A003842,2023-08-28,EMEA,mid_market,referral
A003843,2025-02-13,NA,SMB,organic
A003844,2023-05-26,EMEA,enterprise,organic
A003845,2024-12-06,EMEA,SMB,outbound
A003846,2024-06-24,APAC,SMB,paid_search
A003847,2023-01-15,EMEA,mid_market,outbound
A003848,2024-09-20,APAC,SMB,organic
A003849,2025-03-15,NA,SMB,partner
A003850,2024-04-27,EMEA,enterprise,partner
A003851,2023-06-11,EMEA,enterprise,partner
A003852,2024-10-11,EMEA,SMB,organic
A003853,2024-06-10,LATAM,SMB,partner
A003854,2023-11-24,APAC,SMB,organic
A003855,2023-03-02,LATAM,SMB,outbound
A003856,2024-08-13,APAC,SMB,outbound
A003857,2024-10-16,APAC,SMB,paid_search
A003858,2023-08-16,EMEA,mid_market,partner
A003859,2024-04-22,NA,SMB,paid_search
A003860,2025-03-13,APAC,SMB,organic
A003861,2023-08-29,APAC,SMB,referral
A003862,2023-05-15,NA,SMB,partner
A003863,2025-09-04,APAC,SMB,organic
A003864,2023-09-19,APAC,SMB,organic
A003865,2023-01-04,EMEA,SMB,organic
A003866,2023-11-07,EMEA,mid_market,organic
A003867,2025-01-30,NA,SMB,paid_search
A003868,2025-08-31,EMEA,SMB,outbound
A003869,2024-09-11,APAC,mid_market,organic
A003870,2025-07-23,EMEA,SMB,referral
A003871,2025-02-10,LATAM,SMB,referral
A003872,2025-05-08,APAC,mid_market,organic
A003873,2023-09-26,LATAM,enterprise,paid_search
A003874,2025-05-13,NA,SMB,referral
A003875,2023-04-25,EMEA,SMB,referral
A003876,2024-05-14,APAC,SMB,partner
A003877,2025-03-15,NA,SMB,partner
A003878,2025-01-13,APAC,mid_market,paid_search
A003879,2023-10-03,NA,SMB,partner
A003880,2025-07-29,NA,mid_market,referral
A003881,2024-04-21,EMEA,SMB,outbound
A003882,2023-05-17,NA,mid_market,organic
A003883,2025-09-10,EMEA,SMB,referral
A003884,2024-10-05,LATAM,mid_market,paid_search
A003885,2024-03-16,APAC,mid_market,paid_search
A003886,2023-05-07,APAC,SMB,paid_search
A003887,2023-06-14,NA,mid_market,paid_search
A003888,2023-01-18,LATAM,SMB,partner
A003889,2024-06-19,NA,mid_market,outbound
A003890,2023-04-18,EMEA,mid_market,organic
A003891,2023-06-07,NA,SMB,referral
A003892,2024-02-29,EMEA,SMB,organic
A003893,2024-05-07,NA,SMB,partner
A003894,2025-03-11,APAC,enterprise,organic
A003895,2023-04-08,EMEA,SMB,outbound
A003896,2023-10-31,LATAM,SMB,referral
A003897,2025-04-10,APAC,SMB,organic
A003898,2024-02-28,LATAM,SMB,paid_search
A003899,2025-03-16,LATAM,SMB,partner
A003900,2023-06-15,LATAM,mid_market,partner
A003901,2024-06-23,LATAM,SMB,organic
A003902,2024-03-24,LATAM,mid_market,referral
A003903,2025-03-11,EMEA,SMB,organic
A003904,2023-04-22,LATAM,SMB,partner
A003905,2023-10-06,EMEA,SMB,organic
A003906,2024-02-10,NA,SMB,paid_search
A003907,2025-08-27,NA,SMB,organic
A003908,2024-12-20,APAC,SMB,paid_search
A003909,2025-02-14,EMEA,SMB,referral
A003910,2023-05-23,APAC,SMB,partner
A003911,2023-09-17,EMEA,mid_market,outbound
A003912,2025-07-04,APAC,SMB,paid_search
A003913,2023-03-27,LATAM,SMB,partner
A003914,2024-03-07,APAC,SMB,outbound
A003915,2024-08-12,EMEA,SMB,referral
A003916,2023-07-27,EMEA,SMB,paid_search
A003917,2023-01-07,APAC,SMB,partner
A003918,2024-12-12,NA,SMB,outbound
A003919,2025-05-05,EMEA,SMB,paid_search
A003920,2024-07-02,LATAM,SMB,organic
A003921,2024-09-08,EMEA,mid_market,paid_search
A003922,2025-04-19,NA,enterprise,partner
A003923,2023-12-10,LATAM,SMB,organic
A003924,2025-09-06,EMEA,SMB,organic
A003925,2024-02-24,APAC,mid_market,referral
A003926,2023-03-19,NA,SMB,referral
A003927,2023-05-20,NA,SMB,partner
A003928,2023-01-03,NA,SMB,referral
A003929,2023-12-10,LATAM,SMB,referral
A003930,2023-02-04,LATAM,SMB,referral
A003931,2025-08-21,NA,SMB,outbound
A003932,2025-04-01,LATAM,SMB,paid_search
A003933,2024-08-17,EMEA,SMB,partner
A003934,2023-11-11,NA,enterprise,outbound
A003935,2023-09-14,EMEA,SMB,referral
A003936,2024-10-12,EMEA,SMB,paid_search
A003937,2023-04-05,LATAM,SMB,paid_search
A003938,2025-09-22,LATAM,SMB,organic
A003939,2024-09-14,APAC,mid_market,outbound
A003940,2025-07-02,NA,SMB,outbound
A003941,2025-07-19,LATAM,SMB,outbound
A003942,2025-04-21,NA,SMB,referral
A003943,2023-08-16,EMEA,mid_market,paid_search
A003944,2024-11-03,LATAM,SMB,organic
A003945,2024-05-28,LATAM,SMB,outbound
A003946,2025-07-14,NA,enterprise,paid_search
A003947,2024-11-07,NA,SMB,outbound
A003948,2024-01-22,NA,SMB,referral
A003949,2023-02-05,EMEA,mid_market,paid_search
A003950,2023-07-05,NA,SMB,organic
A003951,2025-03-17,LATAM,SMB,outbound
A003952,2023-10-24,EMEA,SMB,outbound
A003953,2025-08-09,APAC,mid_market,partner
A003954,2025-09-04,NA,SMB,organic
A003955,2023-06-19,NA,SMB,partner
A003956,2025-08-19,LATAM,mid_market,organic
A003957,2025-02-24,LATAM,mid_market,outbound
A003958,2025-06-11,NA,mid_market,paid_search
A003959,2025-07-31,NA,SMB,outbound
A003960,2025-03-27,NA,SMB,partner
A003961,2024-05-15,EMEA,SMB,paid_search
A003962,2024-03-05,LATAM,SMB,partner
A003963,2023-12-15,EMEA,SMB,outbound
A003964,2023-08-25,EMEA,SMB,organic
A003965,2025-09-16,LATAM,mid_market,referral
A003966,2023-05-22,NA,SMB,outbound
A003967,2024-03-10,LATAM,mid_market,organic
A003968,2023-07-08,LATAM,mid_market,outbound
A003969,2024-07-01,APAC,SMB,referral
A003970,2023-05-25,NA,SMB,partner
A003971,2023-11-04,NA,SMB,referral
A003972,2023-02-05,NA,SMB,outbound
A003973,2023-01-10,EMEA,enterprise,partner
A003974,2023-05-03,APAC,SMB,outbound
A003975,2023-10-06,NA,mid_market,organic
A003976,2025-04-16,NA,SMB,referral
A003977,2023-01-01,EMEA,SMB,outbound
A003978,2024-01-12,APAC,SMB,organic
A003979,2025-03-26,NA,SMB,outbound
A003980,2024-10-10,APAC,SMB,outbound
A003981,2024-09-29,APAC,mid_market,organic
A003982,2023-02-17,EMEA,mid_market,partner
A003983,2023-01-20,APAC,SMB,partner
A003984,2024-11-11,LATAM,mid_market,referral
A003985,2025-04-12,EMEA,SMB,paid_search
A003986,2025-05-04,NA,SMB,organic
A003987,2024-12-04,NA,mid_market,partner
A003988,2024-05-12,EMEA,SMB,outbound
A003989,2023-12-08,APAC,SMB,paid_search
A003990,2023-08-05,NA,SMB,organic
A003991,2023-04-24,EMEA,SMB,organic
A003992,2024-11-22,LATAM,mid_market,outbound
A003993,2024-07-22,APAC,SMB,referral
A003994,2024-09-06,LATAM,mid_market,paid_search
A003995,2025-03-31,NA,SMB,referral
A003996,2024-12-15,LATAM,SMB,paid_search
A003997,2025-09-19,NA,SMB,referral
A003998,2023-09-15,EMEA,SMB,organic
A003999,2025-06-17,NA,SMB,organic
A004000,2023-06-30,LATAM,SMB,partner
A004001,2025-06-27,APAC,SMB,organic
A004002,2025-08-26,APAC,SMB,outbound
A004003,2023-10-15,LATAM,SMB,partner
A004004,2023-01-15,NA,mid_market,referral
A004005,2024-07-07,NA,SMB,outbound
A004006,2024-10-24,EMEA,mid_market,partner
A004007,2024-12-22,APAC,SMB,partner
A004008,2023-12-24,APAC,SMB,outbound
A004009,2025-03-08,NA,mid_market,outbound
A004010,2025-07-14,EMEA,SMB,organic
A004011,2025-04-06,APAC,mid_market,organic
A004012,2023-07-07,EMEA,enterprise,partner
A004013,2025-05-01,EMEA,mid_market,paid_search
A004014,2023-02-25,LATAM,SMB,outbound
A004015,2025-01-25,EMEA,SMB,partner
A004016,2023-02-14,LATAM,SMB,organic
A004017,2025-02-08,EMEA,SMB,referral
A004018,2025-09-10,NA,SMB,partner
A004019,2024-11-03,LATAM,SMB,partner
A004020,2024-11-18,NA,SMB,paid_search
A004021,2023-02-15,NA,SMB,organic
A004022,2023-07-16,EMEA,mid_market,outbound
A004023,2025-08-30,EMEA,SMB,referral
A004024,2024-05-30,NA,SMB,referral
A004025,2023-01-07,APAC,mid_market,outbound
A004026,2023-12-11,NA,mid_market,referral
A004027,2024-12-06,LATAM,SMB,outbound
A004028,2024-05-15,LATAM,SMB,organic
A004029,2025-01-20,NA,mid_market,referral
A004030,2023-05-14,NA,mid_market,referral
A004031,2023-08-20,EMEA,mid_market,outbound
A004032,2025-04-29,APAC,SMB,partner
A004033,2024-12-08,EMEA,SMB,paid_search
A004034,2025-05-22,LATAM,SMB,referral
A004035,2023-03-26,APAC,SMB,partner
A004036,2025-08-15,EMEA,SMB,partner
A004037,2024-07-06,APAC,SMB,partner
A004038,2025-02-28,EMEA,SMB,paid_search
A004039,2025-08-02,NA,SMB,referral
A004040,2024-12-12,EMEA,enterprise,outbound
A004041,2023-06-30,APAC,SMB,referral
A004042,2025-09-13,NA,SMB,partner
A004043,2024-11-16,APAC,SMB,referral
A004044,2023-02-27,EMEA,SMB,partner
A004045,2023-05-10,EMEA,enterprise,outbound
A004046,2025-09-09,LATAM,mid_market,paid_search
A004047,2023-11-24,NA,SMB,referral
A004048,2023-05-14,NA,mid_market,partner
A004049,2023-08-01,EMEA,mid_market,partner
A004050,2025-02-15,LATAM,mid_market,organic
A004051,2024-08-06,APAC,mid_market,outbound
A004052,2024-08-23,EMEA,mid_market,paid_search
A004053,2025-05-04,LATAM,SMB,outbound
A004054,2023-05-24,EMEA,mid_market,outbound
A004055,2025-08-17,LATAM,SMB,referral
A004056,2024-11-23,EMEA,mid_market,partner
A004057,2024-01-09,NA,SMB,organic
A004058,2024-03-08,EMEA,SMB,outbound
A004059,2025-03-16,EMEA,SMB,outbound
A004060,2023-08-12,NA,SMB,outbound
A004061,2024-08-05,EMEA,SMB,partner
A004062,2024-12-22,LATAM,SMB,paid_search
A004063,2023-05-28,LATAM,SMB,referral
A004064,2024-11-27,LATAM,SMB,referral
A004065,2025-09-16,EMEA,SMB,outbound
A004066,2023-03-31,APAC,SMB,organic
A004067,2023-05-14,EMEA,mid_market,outbound
A004068,2023-01-10,EMEA,SMB,organic
A004069,2024-05-09,NA,SMB,referral
A004070,2023-03-17,EMEA,mid_market,organic
A004071,2025-07-17,NA,SMB,outbound
A004072,2025-06-08,EMEA,SMB,paid_search
A004073,2023-06-18,NA,SMB,paid_search
A004074,2023-11-19,LATAM,enterprise,organic
A004075,2024-08-31,NA,mid_market,paid_search
A004076,2025-03-20,EMEA,SMB,outbound
A004077,2023-03-28,EMEA,SMB,organic
A004078,2025-03-16,NA,mid_market,organic
A004079,2023-03-28,EMEA,mid_market,referral
A004080,2023-02-03,NA,mid_market,partner
A004081,2024-12-23,LATAM,SMB,paid_search
A004082,2025-09-22,NA,mid_market,organic
A004083,2025-03-26,LATAM,SMB,referral
A004084,2023-07-01,LATAM,SMB,partner
A004085,2024-05-11,LATAM,enterprise,partner
A004086,2023-06-12,EMEA,SMB,referral
A004087,2024-12-11,APAC,SMB,partner
A004088,2023-08-10,EMEA,mid_market,paid_search
A004089,2024-09-21,LATAM,SMB,paid_search
A004090,2023-07-14,APAC,SMB,referral
A004091,2023-09-25,LATAM,SMB,outbound
A004092,2023-06-03,EMEA,SMB,partner
A004093,2024-08-31,APAC,SMB,paid_search
A004094,2025-06-26,LATAM,SMB,organic
A004095,2023-12-25,NA,SMB,paid_search
A004096,2023-03-19,LATAM,mid_market,partner
A004097,2024-08-24,NA,SMB,outbound
A004098,2024-06-24,APAC,SMB,paid_search
A004099,2025-01-25,NA,SMB,outbound
A004100,2025-02-07,LATAM,SMB,paid_search
A004101,2025-06-19,NA,SMB,referral
A004102,2024-03-28,LATAM,SMB,paid_search
A004103,2023-10-29,LATAM,SMB,outbound
A004104,2025-01-23,NA,SMB,referral
A004105,2023-05-17,NA,SMB,outbound
A004106,2024-06-29,EMEA,mid_market,referral
A004107,2025-01-08,EMEA,SMB,paid_search
A004108,2024-12-27,LATAM,SMB,paid_search
A004109,2024-08-26,NA,SMB,partner
A004110,2025-01-19,LATAM,SMB,partner
A004111,2025-06-30,EMEA,SMB,partner
A004112,2023-06-17,EMEA,SMB,outbound
A004113,2025-02-25,APAC,SMB,referral
A004114,2024-12-08,LATAM,SMB,referral
A004115,2024-09-18,APAC,SMB,organic
A004116,2024-12-13,NA,SMB,paid_search
A004117,2024-06-01,NA,SMB,outbound
A004118,2024-08-14,EMEA,SMB,paid_search
A004119,2024-11-22,APAC,SMB,paid_search
A004120,2023-12-13,NA,mid_market,organic
A004121,2024-10-09,LATAM,SMB,organic
A004122,2023-04-09,EMEA,SMB,partner
A004123,2025-08-12,LATAM,mid_market,organic
A004124,2023-03-28,APAC,SMB,referral
A004125,2025-01-01,NA,mid_market,outbound
A004126,2024-11-15,NA,SMB,referral
A004127,2024-12-01,APAC,mid_market,organic
A004128,2024-09-28,APAC,SMB,organic
A004129,2025-07-04,NA,SMB,outbound
A004130,2023-05-12,APAC,SMB,partner
A004131,2024-08-03,NA,mid_market,partner
A004132,2024-01-02,APAC,SMB,outbound
A004133,2025-01-15,APAC,enterprise,referral
A004134,2023-02-28,APAC,SMB,paid_search
A004135,2023-02-10,NA,mid_market,outbound
A004136,2023-10-19,LATAM,SMB,outbound
A004137,2023-05-20,LATAM,mid_market,referral
A004138,2025-08-28,LATAM,enterprise,partner
A004139,2023-03-29,NA,SMB,partner
A004140,2023-11-17,EMEA,SMB,paid_search
A004141,2024-02-14,EMEA,SMB,organic
A004142,2025-02-14,LATAM,SMB,referral
A004143,2024-02-26,NA,enterprise,referral
A004144,2023-05-16,LATAM,SMB,partner
A004145,2024-10-23,APAC,SMB,referral
A004146,2025-01-24,NA,mid_market,organic
A004147,2024-09-26,NA,SMB,paid_search
A004148,2025-02-24,EMEA,SMB,partner
A004149,2024-05-07,APAC,mid_market,outbound
A004150,2024-12-22,NA,SMB,partner
A004151,2025-06-28,LATAM,SMB,outbound
A004152,2025-06-11,EMEA,SMB,referral
A004153,2023-08-12,NA,SMB,paid_search
A004154,2024-06-19,EMEA,SMB,referral
A004155,2025-08-08,APAC,SMB,organic
A004156,2023-05-09,EMEA,SMB,partner
A004157,2023-12-22,APAC,SMB,referral
A004158,2024-11-13,NA,SMB,paid_search
A004159,2023-11-04,EMEA,mid_market,organic
A004160,2023-11-15,LATAM,SMB,partner
A004161,2024-01-06,APAC,SMB,outbound
A004162,2025-06-07,LATAM,enterprise,organic
A004163,2023-01-14,APAC,mid_market,partner
A004164,2025-02-04,LATAM,SMB,partner
A004165,2023-08-11,APAC,SMB,organic
A004166,2023-11-09,EMEA,SMB,paid_search
A004167,2024-12-14,APAC,SMB,paid_search
A004168,2024-08-14,NA,SMB,referral
A004169,2025-01-20,EMEA,SMB,paid_search
A004170,2024-12-20,LATAM,SMB,partner
A004171,2023-11-06,NA,mid_market,outbound
A004172,2023-04-20,APAC,SMB,referral
A004173,2025-04-17,EMEA,SMB,referral
A004174,2024-12-23,APAC,mid_market,referral
A004175,2024-08-22,APAC,SMB,organic
A004176,2024-05-12,EMEA,SMB,organic
A004177,2024-10-06,LATAM,SMB,outbound
A004178,2023-01-10,EMEA,SMB,partner
A004179,2023-08-20,LATAM,mid_market,paid_search
A004180,2023-11-05,NA,SMB,organic
A004181,2023-07-18,APAC,mid_market,partner
A004182,2025-06-30,APAC,SMB,organic
A004183,2023-06-16,NA,mid_market,outbound
A004184,2025-06-19,APAC,mid_market,organic
A004185,2023-11-12,APAC,SMB,referral
A004186,2023-09-10,NA,SMB,organic
A004187,2024-05-02,EMEA,SMB,outbound
A004188,2023-03-04,NA,SMB,outbound
A004189,2023-06-17,APAC,SMB,outbound
A004190,2024-04-14,NA,enterprise,organic
A004191,2025-06-02,NA,mid_market,organic
A004192,2025-08-30,LATAM,SMB,referral
A004193,2024-03-23,NA,SMB,referral
A004194,2024-05-09,APAC,SMB,referral
A004195,2025-07-21,APAC,SMB,organic
A004196,2024-08-05,NA,SMB,outbound
A004197,2023-10-25,LATAM,SMB,paid_search
A004198,2023-06-09,NA,SMB,paid_search
A004199,2024-08-18,NA,SMB,outbound
A004200,2024-02-12,EMEA,SMB,outbound
A004201,2025-09-01,NA,SMB,outbound
A004202,2025-08-12,NA,SMB,outbound
A004203,2024-06-13,LATAM,SMB,paid_search
A004204,2024-04-24,APAC,SMB,outbound
A004205,2025-08-02,EMEA,mid_market,paid_search
A004206,2023-04-08,EMEA,SMB,partner
A004207,2024-12-02,LATAM,SMB,partner
A004208,2024-11-21,NA,SMB,outbound
A004209,2025-08-12,LATAM,SMB,outbound
A004210,2025-03-19,NA,SMB,paid_search
A004211,2023-06-07,EMEA,SMB,outbound
A004212,2023-12-11,APAC,SMB,partner
A004213,2025-02-07,LATAM,SMB,referral
A004214,2025-05-22,LATAM,SMB,organic
A004215,2025-04-20,EMEA,SMB,paid_search
A004216,2023-01-10,LATAM,SMB,outbound
A004217,2023-02-25,NA,enterprise,organic
A004218,2024-03-30,APAC,mid_market,outbound
A004219,2024-12-12,EMEA,SMB,referral
A004220,2023-08-30,LATAM,enterprise,organic
A004221,2023-10-13,EMEA,SMB,referral
A004222,2023-08-01,LATAM,SMB,partner
A004223,2024-06-22,APAC,SMB,referral
A004224,2024-09-02,NA,mid_market,paid_search
A004225,2025-06-23,EMEA,mid_market,outbound
A004226,2024-03-06,LATAM,mid_market,organic
A004227,2023-03-06,NA,SMB,referral
A004228,2023-11-21,LATAM,SMB,referral
A004229,2024-08-22,LATAM,SMB,paid_search
A004230,2023-04-19,EMEA,SMB,outbound
A004231,2023-05-23,EMEA,mid_market,organic
A004232,2024-12-27,APAC,SMB,organic
A004233,2023-10-11,NA,SMB,referral
A004234,2024-03-15,EMEA,mid_market,organic
A004235,2025-09-24,LATAM,enterprise,partner
A004236,2024-10-17,LATAM,mid_market,outbound
A004237,2024-09-30,EMEA,SMB,partner
A004238,2025-04-22,LATAM,SMB,paid_search
A004239,2025-05-06,APAC,SMB,partner
A004240,2025-02-26,NA,SMB,paid_search
A004241,2023-03-21,NA,SMB,partner
A004242,2024-10-03,APAC,mid_market,outbound
A004243,2023-07-08,EMEA,SMB,referral
A004244,2025-04-01,APAC,SMB,outbound
A004245,2024-05-31,APAC,SMB,partner
A004246,2024-06-01,LATAM,mid_market,referral
A004247,2024-11-15,NA,mid_market,outbound
A004248,2025-07-12,APAC,SMB,partner
A004249,2023-05-10,APAC,SMB,outbound
A004250,2023-07-10,NA,SMB,partner
A004251,2024-01-07,NA,SMB,organic
A004252,2025-08-07,APAC,SMB,paid_search
A004253,2024-11-30,EMEA,SMB,partner
A004254,2025-06-23,APAC,SMB,referral
A004255,2025-07-27,NA,mid_market,paid_search
A004256,2023-02-28,NA,SMB,referral
A004257,2024-03-23,APAC,enterprise,paid_search
A004258,2024-12-22,APAC,SMB,organic
A004259,2023-08-20,LATAM,SMB,paid_search
A004260,2023-01-25,APAC,SMB,referral
A004261,2023-05-13,APAC,SMB,outbound
A004262,2025-08-18,APAC,SMB,referral
A004263,2023-12-08,LATAM,mid_market,paid_search
A004264,2023-02-18,LATAM,SMB,partner
A004265,2025-02-08,NA,mid_market,organic
A004266,2024-11-07,APAC,SMB,organic
A004267,2024-03-20,APAC,mid_market,referral
A004268,2024-11-11,EMEA,SMB,outbound
A004269,2023-12-05,APAC,mid_market,partner
A004270,2024-06-11,LATAM,SMB,paid_search
A004271,2024-01-21,NA,SMB,partner
A004272,2025-03-16,EMEA,SMB,partner
A004273,2025-09-18,NA,SMB,paid_search
A004274,2025-01-15,LATAM,SMB,organic
A004275,2024-05-30,NA,SMB,partner
A004276,2024-04-28,NA,SMB,referral
A004277,2025-02-12,EMEA,enterprise,outbound
A004278,2024-08-18,LATAM,SMB,organic
A004279,2025-01-24,NA,SMB,outbound
A004280,2024-07-29,EMEA,SMB,partner
A004281,2023-07-12,APAC,SMB,organic
A004282,2023-03-20,LATAM,enterprise,organic
A004283,2024-01-31,LATAM,mid_market,paid_search
A004284,2025-08-04,LATAM,SMB,outbound
A004285,2025-01-14,NA,SMB,outbound
A004286,2024-12-27,LATAM,mid_market,organic
A004287,2025-03-26,LATAM,SMB,partner
A004288,2025-09-04,NA,enterprise,outbound
A004289,2024-01-28,LATAM,SMB,referral
A004290,2023-10-12,APAC,SMB,partner
A004291,2025-03-19,NA,SMB,organic
A004292,2023-04-23,NA,SMB,referral
A004293,2023-03-16,EMEA,SMB,organic
A004294,2025-05-16,LATAM,SMB,referral
A004295,2025-08-07,LATAM,SMB,paid_search
A004296,2023-04-23,EMEA,SMB,outbound
A004297,2024-09-22,EMEA,enterprise,partner
A004298,2024-11-30,APAC,mid_market,outbound
A004299,2025-06-03,APAC,SMB,referral
A004300,2024-12-20,NA,SMB,outbound
A004301,2025-06-10,NA,enterprise,organic
A004302,2023-01-02,LATAM,SMB,paid_search
A004303,2025-04-15,NA,SMB,referral
A004304,2024-12-09,EMEA,mid_market,paid_search
A004305,2025-06-03,APAC,mid_market,partner
A004306,2025-03-05,NA,mid_market,partner
A004307,2024-03-13,APAC,SMB,paid_search
A004308,2023-12-05,EMEA,SMB,referral
A004309,2025-06-14,LATAM,mid_market,partner
A004310,2024-03-29,EMEA,SMB,outbound
A004311,2025-09-18,NA,SMB,referral
A004312,2024-01-19,NA,SMB,paid_search
A004313,2023-02-03,EMEA,SMB,paid_search
A004314,2023-06-08,NA,SMB,partner
A004315,2023-02-27,APAC,SMB,partner
A004316,2023-04-05,EMEA,SMB,referral
A004317,2024-09-04,LATAM,SMB,partner
A004318,2024-07-14,NA,SMB,paid_search
A004319,2023-10-23,EMEA,SMB,organic
A004320,2023-01-18,LATAM,SMB,paid_search
A004321,2023-12-07,APAC,mid_market,paid_search
A004322,2024-03-08,EMEA,mid_market,organic
A004323,2023-05-30,NA,mid_market,partner
A004324,2024-12-28,LATAM,mid_market,outbound
A004325,2023-02-18,APAC,mid_market,referral
A004326,2024-06-20,NA,SMB,outbound
A004327,2024-08-17,EMEA,SMB,outbound
A004328,2023-02-23,NA,SMB,referral
A004329,2024-06-20,LATAM,SMB,paid_search
A004330,2024-03-19,LATAM,SMB,outbound
A004331,2024-08-03,NA,SMB,organic
A004332,2023-02-27,LATAM,mid_market,partner
A004333,2025-08-16,EMEA,mid_market,referral
A004334,2025-06-25,LATAM,mid_market,outbound
A004335,2024-04-09,NA,mid_market,partner
A004336,2025-04-11,EMEA,SMB,outbound
A004337,2024-06-09,APAC,SMB,partner
A004338,2023-01-16,NA,mid_market,referral
A004339,2023-08-17,LATAM,SMB,paid_search
A004340,2023-03-28,EMEA,SMB,outbound
A004341,2023-06-23,LATAM,SMB,paid_search
A004342,2023-12-10,APAC,SMB,outbound
A004343,2024-03-26,LATAM,SMB,partner
A004344,2025-07-28,EMEA,SMB,outbound
A004345,2023-07-01,LATAM,SMB,referral
A004346,2025-03-25,NA,mid_market,referral
A004347,2023-03-11,LATAM,mid_market,organic
A004348,2025-07-04,LATAM,mid_market,organic
A004349,2024-11-03,EMEA,SMB,outbound
A004350,2025-09-18,LATAM,SMB,paid_search
A004351,2024-06-06,LATAM,SMB,outbound
A004352,2024-02-09,EMEA,SMB,organic
A004353,2025-01-18,APAC,SMB,paid_search
A004354,2023-11-11,APAC,SMB,partner
A004355,2023-06-06,NA,mid_market,referral
A004356,2023-03-12,NA,SMB,referral
A004357,2023-07-09,EMEA,mid_market,outbound
A004358,2023-09-14,APAC,SMB,partner
A004359,2023-05-06,APAC,SMB,organic
A004360,2024-12-17,LATAM,SMB,outbound
A004361,2025-09-23,EMEA,SMB,outbound
A004362,2024-05-11,EMEA,mid_market,organic
A004363,2023-11-22,NA,mid_market,paid_search
A004364,2024-09-26,NA,mid_market,referral
A004365,2025-08-18,NA,SMB,outbound
A004366,2024-11-10,NA,SMB,organic
A004367,2024-06-10,APAC,SMB,outbound
A004368,2023-05-16,LATAM,SMB,outbound
A004369,2023-06-29,APAC,SMB,outbound
A004370,2025-03-19,NA,SMB,referral
A004371,2023-09-07,EMEA,SMB,referral
A004372,2024-03-23,LATAM,SMB,outbound
A004373,2024-12-13,EMEA,SMB,outbound
A004374,2024-02-09,APAC,SMB,outbound
A004375,2023-01-08,LATAM,SMB,paid_search
A004376,2024-07-27,APAC,mid_market,organic
A004377,2024-07-09,LATAM,SMB,paid_search
A004378,2025-09-21,EMEA,SMB,referral
A004379,2024-04-30,APAC,SMB,outbound
A004380,2024-11-19,LATAM,SMB,paid_search
A004381,2023-09-17,EMEA,mid_market,referral
A004382,2025-09-13,LATAM,SMB,partner
A004383,2023-03-14,APAC,mid_market,referral
A004384,2025-08-19,LATAM,SMB,outbound
A004385,2024-03-05,APAC,SMB,referral
A004386,2025-06-07,APAC,SMB,organic
A004387,2023-06-01,LATAM,SMB,partner
A004388,2023-02-17,LATAM,SMB,referral
A004389,2024-10-04,EMEA,SMB,paid_search
A004390,2023-10-15,NA,SMB,partner
A004391,2023-01-26,EMEA,mid_market,referral
A004392,2023-04-06,APAC,SMB,referral
A004393,2023-09-04,EMEA,mid_market,outbound
A004394,2023-04-14,NA,SMB,outbound
A004395,2024-03-19,NA,SMB,organic
A004396,2024-11-06,LATAM,mid_market,organic
A004397,2023-03-12,EMEA,mid_market,outbound
A004398,2023-12-29,NA,SMB,outbound
A004399,2024-11-21,LATAM,SMB,outbound
A004400,2024-10-15,APAC,SMB,outbound
A004401,2023-06-09,APAC,SMB,outbound
A004402,2025-04-16,LATAM,mid_market,outbound
A004403,2023-04-24,EMEA,SMB,paid_search
A004404,2024-04-18,LATAM,SMB,referral
A004405,2024-03-10,LATAM,SMB,paid_search
A004406,2023-09-05,LATAM,SMB,paid_search
A004407,2023-03-12,APAC,enterprise,partner
A004408,2023-07-24,APAC,mid_market,outbound
A004409,2023-08-18,LATAM,SMB,organic
A004410,2024-01-18,NA,SMB,organic
A004411,2023-01-24,LATAM,SMB,partner
A004412,2023-11-04,EMEA,SMB,partner
A004413,2023-10-13,LATAM,SMB,paid_search
A004414,2025-02-24,EMEA,mid_market,partner
A004415,2023-10-14,NA,SMB,outbound
A004416,2024-08-06,APAC,SMB,referral
A004417,2024-07-05,APAC,SMB,referral
A004418,2025-04-13,NA,SMB,referral
A004419,2025-06-12,NA,mid_market,referral
A004420,2025-08-07,APAC,mid_market,partner
A004421,2024-09-30,LATAM,SMB,partner
A004422,2023-07-24,EMEA,SMB,outbound
A004423,2024-05-29,EMEA,mid_market,outbound
A004424,2023-12-30,NA,SMB,partner
A004425,2024-03-26,APAC,mid_market,outbound
A004426,2023-11-20,NA,SMB,partner
A004427,2024-06-22,LATAM,SMB,organic
A004428,2025-03-30,NA,mid_market,organic
A004429,2023-03-27,LATAM,mid_market,referral
A004430,2025-03-09,LATAM,mid_market,partner
A004431,2023-07-01,EMEA,SMB,organic
A004432,2024-01-02,NA,mid_market,referral
A004433,2025-01-22,EMEA,SMB,partner
A004434,2025-01-21,NA,SMB,referral
A004435,2025-06-16,APAC,SMB,referral
A004436,2023-04-08,EMEA,SMB,outbound
A004437,2025-02-12,EMEA,SMB,referral
A004438,2023-01-16,LATAM,SMB,partner
A004439,2023-07-25,APAC,SMB,referral
A004440,2023-09-15,LATAM,SMB,referral
A004441,2024-04-17,APAC,SMB,partner
A004442,2023-02-12,EMEA,SMB,referral
A004443,2025-05-13,EMEA,SMB,partner
A004444,2024-04-14,APAC,mid_market,paid_search
A004445,2025-04-23,LATAM,SMB,outbound
A004446,2024-06-14,LATAM,SMB,paid_search
A004447,2023-10-07,EMEA,mid_market,referral
A004448,2023-07-09,LATAM,SMB,paid_search
A004449,2024-12-30,APAC,SMB,organic
A004450,2024-11-10,APAC,mid_market,organic
A004451,2025-08-17,APAC,SMB,organic
A004452,2025-05-27,EMEA,SMB,referral
A004453,2024-12-18,LATAM,SMB,paid_search
A004454,2023-03-29,NA,SMB,organic
A004455,2024-04-19,NA,mid_market,outbound
A004456,2024-02-20,APAC,SMB,partner
A004457,2024-08-13,LATAM,SMB,paid_search
A004458,2023-09-10,NA,SMB,partner
A004459,2025-06-02,LATAM,mid_market,organic
A004460,2024-03-19,LATAM,SMB,paid_search
A004461,2025-02-16,LATAM,SMB,partner
A004462,2024-12-15,LATAM,enterprise,paid_search
A004463,2025-02-06,EMEA,SMB,organic
A004464,2025-05-24,NA,SMB,referral
A004465,2024-06-07,NA,SMB,partner
A004466,2025-08-02,NA,SMB,referral
A004467,2024-03-22,LATAM,SMB,paid_search
A004468,2024-09-21,LATAM,mid_market,outbound
A004469,2024-04-10,APAC,enterprise,outbound
A004470,2024-11-19,APAC,SMB,partner
A004471,2023-12-08,NA,SMB,referral
A004472,2024-11-14,NA,SMB,referral
A004473,2025-07-18,LATAM,SMB,paid_search
A004474,2025-08-10,NA,mid_market,organic
A004475,2024-12-09,LATAM,SMB,outbound
A004476,2023-06-04,LATAM,SMB,referral
A004477,2023-02-01,APAC,mid_market,referral
A004478,2023-01-06,NA,SMB,paid_search
A004479,2024-01-25,EMEA,mid_market,paid_search
A004480,2024-06-23,EMEA,SMB,partner
A004481,2025-05-01,NA,SMB,partner
A004482,2024-12-07,NA,SMB,partner
A004483,2023-08-17,APAC,SMB,partner
A004484,2024-06-01,LATAM,SMB,paid_search
A004485,2024-11-04,NA,SMB,partner
A004486,2023-10-31,NA,SMB,referral
A004487,2023-06-02,NA,SMB,referral
A004488,2023-05-17,LATAM,mid_market,organic
A004489,2023-10-23,LATAM,SMB,outbound
A004490,2024-01-27,NA,mid_market,referral
A004491,2025-06-16,APAC,enterprise,outbound
A004492,2025-04-14,NA,SMB,partner
A004493,2023-10-13,EMEA,SMB,paid_search
A004494,2023-06-17,EMEA,SMB,outbound
A004495,2024-02-04,APAC,SMB,organic
A004496,2023-09-13,APAC,SMB,organic
A004497,2024-04-27,LATAM,SMB,partner
A004498,2024-06-01,APAC,mid_market,organic
A004499,2023-11-07,NA,SMB,partner
A004500,2023-02-17,EMEA,mid_market,partner
A004501,2025-06-09,APAC,SMB,referral
A004502,2023-01-05,LATAM,SMB,outbound
A004503,2023-02-12,EMEA,mid_market,organic
A004504,2023-07-23,LATAM,SMB,paid_search
A004505,2024-10-13,LATAM,SMB,paid_search
A004506,2024-11-28,LATAM,SMB,partner
A004507,2024-03-29,EMEA,mid_market,referral
A004508,2023-03-02,APAC,mid_market,outbound
A004509,2024-05-19,APAC,mid_market,organic
A004510,2024-01-13,NA,SMB,paid_search
A004511,2024-01-28,NA,SMB,partner
A004512,2023-12-22,LATAM,mid_market,partner
A004513,2025-06-15,LATAM,mid_market,partner
A004514,2023-03-14,EMEA,SMB,outbound
A004515,2023-07-11,APAC,SMB,partner
A004516,2023-10-19,LATAM,SMB,paid_search
A004517,2023-08-20,NA,SMB,partner
A004518,2023-04-04,NA,mid_market,referral
A004519,2023-12-19,LATAM,SMB,organic
A004520,2025-02-08,APAC,mid_market,referral
A004521,2023-05-18,EMEA,SMB,partner
A004522,2024-03-30,APAC,SMB,paid_search
A004523,2023-05-25,EMEA,SMB,partner
A004524,2024-05-24,LATAM,SMB,referral
A004525,2023-06-19,EMEA,SMB,outbound
A004526,2025-07-20,APAC,SMB,paid_search
A004527,2025-06-08,EMEA,SMB,referral
A004528,2023-01-13,LATAM,enterprise,outbound
A004529,2025-08-02,NA,mid_market,referral
A004530,2023-11-14,LATAM,SMB,outbound
A004531,2023-04-01,LATAM,SMB,referral
A004532,2025-06-14,EMEA,SMB,outbound
A004533,2025-07-16,LATAM,mid_market,outbound
A004534,2025-07-20,NA,mid_market,outbound
A004535,2024-09-23,NA,mid_market,paid_search
A004536,2025-09-09,APAC,mid_market,partner
A004537,2024-06-23,LATAM,SMB,organic
A004538,2024-12-17,LATAM,SMB,partner
A004539,2025-06-29,APAC,SMB,referral
A004540,2024-10-01,APAC,SMB,organic
A004541,2023-05-03,NA,enterprise,partner
A004542,2023-11-27,APAC,SMB,paid_search
A004543,2023-10-01,APAC,SMB,outbound
A004544,2023-02-02,APAC,SMB,outbound
A004545,2025-09-10,EMEA,SMB,partner
A004546,2023-05-25,NA,SMB,partner
A004547,2024-12-04,EMEA,mid_market,partner
A004548,2023-05-23,NA,mid_market,outbound
A004549,2024-12-25,LATAM,SMB,organic
A004550,2024-01-21,LATAM,SMB,partner
A004551,2025-07-16,LATAM,SMB,partner
A004552,2024-10-24,APAC,mid_market,organic
A004553,2024-04-03,EMEA,SMB,organic
A004554,2024-11-16,EMEA,mid_market,paid_search
A004555,2024-11-29,LATAM,SMB,partner
A004556,2023-10-09,EMEA,mid_market,paid_search
A004557,2024-07-04,EMEA,SMB,organic
A004558,2025-06-12,EMEA,SMB,paid_search
A004559,2025-05-07,NA,SMB,paid_search
A004560,2024-04-16,APAC,SMB,organic
A004561,2024-02-23,NA,SMB,referral
A004562,2023-11-02,EMEA,SMB,partner
A004563,2024-04-17,EMEA,SMB,organic
A004564,2025-03-22,APAC,SMB,partner
A004565,2024-07-01,EMEA,SMB,organic
A004566,2023-01-04,EMEA,SMB,partner
A004567,2024-12-23,APAC,mid_market,referral
A004568,2024-03-05,APAC,SMB,organic
A004569,2025-04-15,NA,SMB,referral
A004570,2023-07-10,NA,SMB,partner
A004571,2023-03-16,LATAM,SMB,organic
A004572,2024-08-23,APAC,SMB,partner
A004573,2025-09-08,LATAM,SMB,referral
A004574,2025-03-21,LATAM,SMB,organic
A004575,2023-04-08,NA,mid_market,outbound
A004576,2023-03-23,APAC,SMB,paid_search
A004577,2025-03-26,NA,SMB,paid_search
A004578,2023-08-23,APAC,SMB,referral
A004579,2024-01-05,APAC,SMB,partner
A004580,2023-11-05,EMEA,SMB,outbound
A004581,2025-06-28,LATAM,SMB,referral
A004582,2023-01-02,APAC,SMB,paid_search
A004583,2025-06-25,APAC,mid_market,referral
A004584,2025-01-20,APAC,SMB,partner
A004585,2025-01-11,APAC,mid_market,partner
A004586,2023-03-21,NA,SMB,outbound
A004587,2024-07-06,NA,SMB,referral
A004588,2024-03-25,LATAM,SMB,paid_search
A004589,2024-11-27,EMEA,SMB,paid_search
A004590,2025-06-17,EMEA,SMB,referral
A004591,2023-11-06,EMEA,enterprise,organic
A004592,2025-07-14,LATAM,SMB,paid_search
A004593,2025-06-06,LATAM,mid_market,paid_search
A004594,2024-08-15,NA,SMB,partner
A004595,2024-03-08,EMEA,SMB,organic
A004596,2024-02-12,NA,SMB,referral
A004597,2025-02-13,NA,mid_market,paid_search
A004598,2024-09-01,EMEA,mid_market,partner
A004599,2024-12-17,APAC,SMB,paid_search
A004600,2024-05-25,LATAM,mid_market,outbound
A004601,2023-10-18,NA,SMB,organic
A004602,2023-04-04,EMEA,SMB,partner
A004603,2023-04-25,APAC,SMB,referral
A004604,2023-10-26,EMEA,SMB,referral
A004605,2024-10-31,NA,SMB,organic
A004606,2024-11-26,LATAM,SMB,outbound
A004607,2023-10-07,NA,SMB,partner
A004608,2023-11-04,EMEA,SMB,outbound
A004609,2023-04-15,LATAM,SMB,outbound
A004610,2024-04-07,NA,mid_market,outbound
A004611,2025-01-03,APAC,SMB,outbound
A004612,2023-10-02,LATAM,mid_market,referral
A004613,2024-06-09,NA,SMB,paid_search
A004614,2023-09-13,NA,SMB,outbound
A004615,2023-01-21,APAC,mid_market,partner
A004616,2023-05-13,APAC,SMB,outbound
A004617,2024-09-05,NA,SMB,paid_search
A004618,2024-02-09,EMEA,mid_market,referral
A004619,2023-11-23,LATAM,SMB,partner
A004620,2024-07-29,NA,SMB,referral
A004621,2025-06-28,APAC,SMB,outbound
A004622,2024-12-07,EMEA,SMB,organic
A004623,2024-08-24,EMEA,SMB,partner
A004624,2024-03-27,NA,mid_market,outbound
A004625,2024-02-13,EMEA,SMB,paid_search
A004626,2025-08-01,NA,mid_market,referral
A004627,2023-08-12,EMEA,SMB,outbound
A004628,2023-04-07,APAC,SMB,partner
A004629,2024-09-01,LATAM,SMB,outbound
A004630,2024-10-04,EMEA,SMB,partner
A004631,2024-03-26,EMEA,enterprise,outbound
A004632,2025-05-12,NA,SMB,referral
A004633,2023-07-07,EMEA,SMB,partner
A004634,2025-03-07,EMEA,SMB,paid_search
A004635,2024-11-17,APAC,SMB,paid_search
A004636,2025-04-03,LATAM,mid_market,partner
A004637,2025-06-21,EMEA,SMB,referral
A004638,2023-08-17,LATAM,SMB,partner
A004639,2024-11-27,EMEA,SMB,outbound
A004640,2023-12-11,EMEA,SMB,paid_search
A004641,2024-09-05,LATAM,SMB,outbound
A004642,2023-08-24,LATAM,SMB,outbound
A004643,2024-02-09,LATAM,SMB,partner
A004644,2024-10-14,EMEA,SMB,organic
A004645,2023-09-05,APAC,SMB,paid_search
A004646,2025-08-08,APAC,SMB,organic
A004647,2024-01-11,APAC,SMB,organic
A004648,2025-03-18,LATAM,SMB,referral
A004649,2023-03-23,NA,mid_market,partner
A004650,2024-09-16,NA,mid_market,partner
A004651,2023-10-11,EMEA,SMB,partner
A004652,2024-03-19,LATAM,SMB,organic
A004653,2024-03-29,APAC,enterprise,referral
A004654,2023-01-22,LATAM,enterprise,referral
A004655,2024-01-23,NA,SMB,partner
A004656,2024-01-06,APAC,SMB,referral
A004657,2023-09-10,NA,SMB,organic
A004658,2024-02-24,NA,SMB,referral
A004659,2023-05-24,NA,SMB,partner
A004660,2023-08-31,APAC,enterprise,outbound
A004661,2023-10-21,EMEA,SMB,paid_search
A004662,2023-03-08,APAC,SMB,organic
A004663,2024-07-28,LATAM,SMB,organic
A004664,2023-09-03,EMEA,SMB,partner
A004665,2024-01-14,NA,mid_market,organic
A004666,2024-02-26,EMEA,mid_market,referral
A004667,2023-07-06,LATAM,SMB,partner
A004668,2025-08-20,APAC,mid_market,referral
A004669,2023-07-02,NA,enterprise,outbound
A004670,2024-04-12,LATAM,mid_market,partner
A004671,2023-07-21,NA,SMB,organic
A004672,2024-07-17,EMEA,SMB,organic
A004673,2024-10-31,EMEA,mid_market,referral
A004674,2024-05-29,APAC,mid_market,outbound
A004675,2025-07-21,EMEA,SMB,partner
A004676,2025-09-05,EMEA,SMB,partner
A004677,2025-04-01,APAC,mid_market,organic
A004678,2024-01-25,EMEA,SMB,outbound
A004679,2025-01-22,LATAM,SMB,organic
A004680,2025-08-23,APAC,SMB,organic
A004681,2024-03-25,LATAM,mid_market,paid_search
A004682,2024-01-10,LATAM,mid_market,partner
A004683,2025-05-05,EMEA,SMB,outbound
A004684,2023-01-01,EMEA,mid_market,paid_search
A004685,2024-03-15,NA,SMB,referral
A004686,2023-01-01,LATAM,SMB,organic
A004687,2023-12-31,LATAM,SMB,referral
A004688,2023-11-15,APAC,SMB,outbound
A004689,2023-07-24,NA,SMB,outbound
A004690,2024-12-05,NA,SMB,paid_search
A004691,2024-04-23,NA,SMB,partner
A004692,2024-03-17,APAC,SMB,paid_search
A004693,2025-08-15,LATAM,SMB,partner
A004694,2024-08-08,NA,enterprise,outbound
A004695,2024-11-21,APAC,SMB,organic
A004696,2023-11-19,NA,SMB,referral
A004697,2023-10-17,LATAM,SMB,outbound
A004698,2023-07-16,NA,enterprise,referral
A004699,2025-09-26,LATAM,SMB,partner
A004700,2023-08-30,APAC,mid_market,paid_search
A004701,2024-12-02,NA,SMB,paid_search
A004702,2024-07-05,EMEA,enterprise,referral
A004703,2024-05-02,NA,SMB,paid_search
A004704,2024-12-29,EMEA,SMB,paid_search
A004705,2024-05-12,LATAM,SMB,outbound
A004706,2025-03-21,EMEA,SMB,partner
A004707,2025-01-05,APAC,mid_market,outbound
A004708,2025-02-25,EMEA,SMB,paid_search
A004709,2024-05-15,LATAM,SMB,outbound
A004710,2024-07-25,LATAM,SMB,referral
A004711,2025-07-02,NA,enterprise,referral
A004712,2025-01-16,NA,mid_market,partner
A004713,2025-08-30,APAC,SMB,partner
A004714,2023-09-21,APAC,SMB,referral
A004715,2025-07-23,LATAM,SMB,organic
A004716,2025-01-23,NA,SMB,outbound
A004717,2024-01-17,NA,enterprise,paid_search
A004718,2024-11-19,APAC,SMB,partner
A004719,2023-03-08,EMEA,SMB,organic
A004720,2024-03-26,NA,SMB,outbound
A004721,2024-01-24,APAC,SMB,paid_search
A004722,2025-06-02,NA,SMB,partner
A004723,2024-09-09,APAC,SMB,referral
A004724,2024-06-13,NA,mid_market,paid_search
A004725,2023-10-07,EMEA,SMB,referral
A004726,2024-04-19,NA,SMB,organic
A004727,2023-01-27,APAC,SMB,organic
A004728,2023-06-05,NA,SMB,paid_search
A004729,2025-02-20,APAC,mid_market,organic
A004730,2023-05-04,LATAM,SMB,referral
A004731,2023-06-30,NA,enterprise,outbound
A004732,2023-05-14,NA,SMB,referral
A004733,2025-04-10,APAC,SMB,paid_search
A004734,2023-08-26,NA,SMB,referral
A004735,2023-06-21,NA,mid_market,partner
A004736,2023-09-11,EMEA,SMB,referral
A004737,2023-06-10,EMEA,SMB,referral
A004738,2024-12-12,APAC,SMB,partner
A004739,2023-09-07,APAC,mid_market,organic
A004740,2023-12-16,LATAM,mid_market,outbound
A004741,2023-07-21,LATAM,enterprise,partner
A004742,2025-05-13,EMEA,mid_market,outbound
A004743,2023-08-11,EMEA,SMB,organic
A004744,2024-08-24,LATAM,SMB,outbound
A004745,2023-04-21,NA,SMB,partner
A004746,2024-05-27,APAC,mid_market,partner
A004747,2023-02-10,LATAM,SMB,partner
A004748,2024-09-27,NA,mid_market,partner
A004749,2024-09-18,NA,SMB,paid_search
A004750,2025-05-16,LATAM,mid_market,organic
A004751,2025-05-07,LATAM,SMB,partner
A004752,2025-09-13,EMEA,SMB,organic
A004753,2024-03-06,APAC,SMB,partner
A004754,2023-09-14,EMEA,SMB,partner
A004755,2024-04-28,NA,SMB,organic
A004756,2023-10-18,APAC,mid_market,partner
A004757,2025-01-17,LATAM,mid_market,referral
A004758,2023-02-11,LATAM,mid_market,outbound
A004759,2025-08-16,NA,SMB,organic
A004760,2025-02-01,NA,enterprise,referral
A004761,2024-09-23,NA,SMB,referral
A004762,2025-04-13,EMEA,SMB,paid_search
A004763,2023-01-05,NA,SMB,referral
A004764,2024-05-17,LATAM,SMB,paid_search
A004765,2024-09-06,APAC,mid_market,organic
A004766,2024-01-05,LATAM,mid_market,paid_search
A004767,2025-03-22,APAC,enterprise,referral
A004768,2024-12-25,NA,SMB,organic
A004769,2024-08-21,LATAM,enterprise,outbound
A004770,2025-07-14,NA,enterprise,referral
A004771,2023-02-22,LATAM,mid_market,outbound
A004772,2023-10-29,EMEA,SMB,paid_search
A004773,2024-04-12,APAC,SMB,paid_search
A004774,2024-07-24,LATAM,SMB,referral
A004775,2025-01-04,APAC,SMB,referral
A004776,2023-01-14,EMEA,SMB,outbound
A004777,2024-10-15,LATAM,SMB,organic
A004778,2023-10-19,LATAM,SMB,partner
A004779,2025-03-11,LATAM,SMB,partner
A004780,2024-04-15,LATAM,mid_market,referral
A004781,2024-09-06,NA,SMB,referral
A004782,2025-09-19,APAC,SMB,outbound
A004783,2024-10-27,NA,SMB,referral
A004784,2025-04-28,EMEA,SMB,paid_search
A004785,2023-09-01,EMEA,SMB,organic
A004786,2024-03-25,APAC,mid_market,organic
A004787,2025-08-29,LATAM,SMB,outbound
A004788,2024-10-12,APAC,SMB,partner
A004789,2024-01-19,EMEA,SMB,paid_search
A004790,2024-08-17,LATAM,SMB,referral
A004791,2023-08-28,NA,SMB,outbound
A004792,2023-09-14,APAC,SMB,paid_search
A004793,2024-05-04,APAC,SMB,partner
A004794,2023-04-26,EMEA,SMB,paid_search
A004795,2023-02-15,NA,SMB,outbound
A004796,2024-10-04,NA,SMB,partner
A004797,2024-06-04,APAC,mid_market,referral
A004798,2025-03-08,LATAM,SMB,organic
A004799,2024-10-07,APAC,SMB,paid_search
A004800,2025-09-25,NA,SMB,organic
A004801,2025-08-11,NA,mid_market,organic
A004802,2023-04-06,NA,SMB,partner
A004803,2024-05-16,APAC,mid_market,partner
A004804,2025-03-10,APAC,SMB,referral
A004805,2024-05-15,APAC,SMB,organic
A004806,2023-04-07,LATAM,SMB,referral
A004807,2024-09-13,LATAM,SMB,organic
A004808,2025-05-24,APAC,SMB,outbound
A004809,2024-11-29,APAC,SMB,paid_search
A004810,2025-04-06,NA,mid_market,outbound
A004811,2023-12-19,NA,mid_market,partner
A004812,2023-08-04,APAC,SMB,partner
A004813,2023-07-29,APAC,SMB,partner
A004814,2025-09-15,EMEA,SMB,partner
A004815,2025-08-29,APAC,enterprise,paid_search
A004816,2023-06-06,APAC,SMB,referral
A004817,2025-06-16,NA,enterprise,organic
A004818,2024-10-09,EMEA,SMB,referral
A004819,2023-06-14,APAC,SMB,organic
A004820,2025-09-01,EMEA,SMB,outbound
A004821,2024-07-21,LATAM,SMB,paid_search
A004822,2025-06-03,LATAM,SMB,referral
A004823,2025-03-17,EMEA,SMB,organic
A004824,2023-12-11,LATAM,SMB,partner
A004825,2023-04-06,LATAM,mid_market,organic
A004826,2024-01-22,NA,SMB,organic
A004827,2023-08-08,NA,SMB,partner
A004828,2025-04-27,APAC,mid_market,organic
A004829,2024-01-15,NA,mid_market,organic
A004830,2024-06-30,APAC,SMB,partner
A004831,2023-10-09,APAC,SMB,outbound
A004832,2024-11-30,LATAM,SMB,referral
A004833,2025-09-02,NA,SMB,referral
A004834,2025-09-14,EMEA,SMB,partner
A004835,2025-01-04,APAC,enterprise,referral
A004836,2025-08-10,NA,SMB,paid_search
A004837,2024-09-20,APAC,SMB,referral
A004838,2024-08-08,LATAM,enterprise,partner
A004839,2024-10-05,APAC,mid_market,partner
A004840,2023-11-20,EMEA,SMB,referral
A004841,2024-12-11,NA,mid_market,partner
A004842,2025-04-20,LATAM,SMB,organic
A004843,2023-02-08,NA,SMB,paid_search
A004844,2024-03-19,APAC,mid_market,partner
A004845,2023-02-16,EMEA,SMB,referral
A004846,2025-05-02,LATAM,SMB,organic
A004847,2023-08-23,EMEA,SMB,outbound
A004848,2023-12-21,NA,SMB,partner
A004849,2024-05-05,EMEA,mid_market,organic
A004850,2024-01-02,NA,mid_market,outbound
A004851,2024-01-30,LATAM,SMB,partner
A004852,2023-07-21,APAC,SMB,referral
A004853,2024-06-15,APAC,mid_market,paid_search
A004854,2023-05-28,NA,SMB,referral
A004855,2023-08-29,EMEA,enterprise,organic
A004856,2024-02-29,NA,SMB,referral
A004857,2024-11-11,EMEA,SMB,outbound
A004858,2024-02-08,LATAM,SMB,paid_search
A004859,2025-05-30,APAC,mid_market,paid_search
A004860,2023-10-24,LATAM,SMB,referral
A004861,2025-02-08,EMEA,SMB,organic
A004862,2023-08-19,NA,SMB,partner
A004863,2024-01-09,LATAM,SMB,organic
A004864,2025-02-11,EMEA,mid_market,paid_search
A004865,2024-07-13,NA,mid_market,organic
A004866,2024-08-13,NA,mid_market,referral
A004867,2024-08-09,NA,SMB,partner
A004868,2023-11-21,NA,mid_market,organic
A004869,2023-10-21,NA,SMB,partner
A004870,2023-04-06,NA,SMB,partner
A004871,2024-09-09,APAC,mid_market,paid_search
A004872,2024-02-18,NA,SMB,outbound
A004873,2025-04-15,NA,SMB,partner
A004874,2024-04-20,EMEA,mid_market,outbound
A004875,2023-09-01,APAC,SMB,paid_search
A004876,2023-04-01,NA,enterprise,partner
A004877,2023-02-01,APAC,SMB,paid_search
A004878,2025-06-24,NA,mid_market,partner
A004879,2023-07-13,LATAM,SMB,paid_search
A004880,2025-05-15,LATAM,SMB,organic
A004881,2024-07-20,NA,SMB,outbound
A004882,2024-02-06,NA,enterprise,referral
A004883,2025-09-08,LATAM,SMB,outbound
A004884,2025-05-14,LATAM,mid_market,paid_search
A004885,2024-04-08,APAC,mid_market,organic
A004886,2025-04-10,LATAM,SMB,outbound
A004887,2024-08-12,APAC,SMB,partner
A004888,2023-12-20,LATAM,SMB,referral
A004889,2023-04-23,APAC,SMB,organic
A004890,2023-06-07,NA,mid_market,outbound
A004891,2025-07-01,NA,SMB,organic
A004892,2024-05-02,EMEA,SMB,paid_search
A004893,2023-11-27,LATAM,SMB,referral
A004894,2025-02-16,LATAM,enterprise,referral
A004895,2023-10-22,APAC,SMB,partner
A004896,2024-04-22,APAC,SMB,referral
A004897,2023-06-22,LATAM,SMB,paid_search
A004898,2025-05-20,NA,SMB,referral
A004899,2023-01-27,NA,mid_market,outbound
A004900,2023-03-06,LATAM,SMB,referral
A004901,2024-07-18,EMEA,SMB,organic
A004902,2024-07-04,LATAM,mid_market,referral
A004903,2025-05-17,LATAM,mid_market,partner
A004904,2023-02-13,APAC,mid_market,paid_search
A004905,2024-04-06,NA,SMB,organic
A004906,2024-11-27,EMEA,SMB,partner
A004907,2025-07-08,NA,SMB,paid_search
A004908,2023-12-26,LATAM,SMB,referral
A004909,2023-10-19,NA,SMB,outbound
A004910,2023-12-07,APAC,SMB,outbound
A004911,2023-03-28,APAC,mid_market,outbound
A004912,2023-01-13,LATAM,SMB,partner
A004913,2023-03-31,LATAM,SMB,paid_search
A004914,2025-08-13,EMEA,SMB,referral
A004915,2024-12-17,NA,SMB,outbound
A004916,2024-11-01,LATAM,mid_market,paid_search
A004917,2023-06-22,NA,SMB,paid_search
A004918,2025-07-02,EMEA,mid_market,referral
A004919,2023-09-12,EMEA,SMB,outbound
A004920,2023-10-25,LATAM,SMB,partner
A004921,2023-09-18,EMEA,SMB,referral
A004922,2024-11-03,LATAM,SMB,organic
A004923,2023-07-08,APAC,mid_market,outbound
A004924,2024-01-12,LATAM,SMB,paid_search
A004925,2024-04-20,LATAM,mid_market,partner
A004926,2025-06-17,NA,SMB,partner
A004927,2025-05-11,NA,mid_market,paid_search
A004928,2024-08-26,APAC,SMB,paid_search
A004929,2025-09-11,LATAM,mid_market,paid_search
A004930,2023-07-08,LATAM,SMB,organic
A004931,2025-01-25,NA,SMB,referral
A004932,2024-06-11,NA,SMB,organic
A004933,2023-12-21,EMEA,mid_market,organic
A004934,2023-06-20,EMEA,SMB,partner
A004935,2023-02-02,NA,mid_market,organic
A004936,2023-01-21,EMEA,mid_market,organic
A004937,2023-08-29,LATAM,SMB,referral
A004938,2023-10-31,NA,SMB,organic
A004939,2025-01-27,LATAM,SMB,paid_search
A004940,2023-04-15,LATAM,mid_market,outbound
A004941,2023-05-23,LATAM,SMB,referral
A004942,2023-01-30,EMEA,SMB,referral
A004943,2024-11-18,LATAM,SMB,referral
A004944,2025-08-30,EMEA,SMB,partner
A004945,2023-08-31,APAC,enterprise,partner
A004946,2023-07-21,NA,mid_market,outbound
A004947,2023-12-21,NA,SMB,outbound
A004948,2025-07-29,NA,mid_market,outbound
A004949,2023-08-19,EMEA,SMB,partner
A004950,2024-10-04,NA,SMB,paid_search
A004951,2023-05-31,APAC,SMB,partner
A004952,2024-02-17,EMEA,SMB,partner
A004953,2023-05-13,EMEA,SMB,organic
A004954,2024-04-15,LATAM,SMB,paid_search
A004955,2025-02-12,LATAM,mid_market,partner
A004956,2023-02-14,APAC,SMB,organic
A004957,2025-01-13,NA,mid_market,partner
A004958,2024-11-01,EMEA,mid_market,outbound
A004959,2024-12-29,LATAM,SMB,partner
A004960,2024-09-14,NA,mid_market,organic
A004961,2024-06-23,APAC,SMB,organic
A004962,2025-04-24,APAC,SMB,partner
A004963,2024-01-09,NA,enterprise,partner
A004964,2024-03-24,APAC,SMB,partner
A004965,2024-10-16,APAC,SMB,referral
A004966,2023-12-05,EMEA,SMB,referral
A004967,2024-03-26,NA,mid_market,organic
A004968,2023-10-08,EMEA,SMB,partner
A004969,2023-03-17,LATAM,SMB,referral
A004970,2024-10-26,NA,SMB,paid_search
A004971,2024-10-14,EMEA,SMB,partner
A004972,2025-07-24,NA,mid_market,outbound
A004973,2025-07-21,LATAM,SMB,partner
A004974,2023-01-14,APAC,SMB,partner
A004975,2024-02-07,LATAM,SMB,outbound
A004976,2023-10-29,APAC,SMB,partner
A004977,2025-09-24,APAC,SMB,organic
A004978,2023-01-10,LATAM,SMB,paid_search
A004979,2024-07-25,EMEA,SMB,referral
A004980,2024-12-25,NA,SMB,referral
A004981,2025-04-20,APAC,SMB,paid_search
A004982,2025-01-26,NA,SMB,outbound
A004983,2024-08-31,LATAM,enterprise,paid_search
A004984,2025-03-27,APAC,SMB,referral
A004985,2025-02-11,LATAM,SMB,referral
A004986,2024-04-27,EMEA,SMB,partner
A004987,2023-04-09,APAC,mid_market,referral
A004988,2023-09-13,EMEA,mid_market,paid_search
A004989,2023-03-12,NA,SMB,organic
A004990,2024-09-16,NA,enterprise,referral
A004991,2023-03-16,NA,SMB,outbound
A004992,2023-12-18,EMEA,SMB,referral
A004993,2024-01-17,EMEA,enterprise,partner
A004994,2023-01-18,LATAM,SMB,partner
A004995,2024-07-18,APAC,SMB,referral
A004996,2025-05-22,APAC,SMB,organic
A004997,2025-03-26,LATAM,SMB,partner
A004998,2025-05-09,LATAM,mid_market,partner
A004999,2024-05-13,APAC,SMB,partner
A005000,2025-08-10,EMEA,SMB,organic
