subscription_id,account_id,plan_id,started_at,ended_at,status,seats,mrr
S000001,A000001,PLN_GROWTH,2024-06-11,,active,13,199
S000002,A000002,PLN_STARTER,2025-04-07,,active,3,49
S000003,A000003,PLN_GROWTH,2024-07-24,,active,7,199
S000004,A000004,PLN_STARTER,2024-01-14,,active,4,49
S000005,A000005,PLN_SCALE,2025-09-30,,active,79,799
S000006,A000006,PLN_STARTER,2024-08-25,2025-09-01,cancelled,6,59
S000007,A000007,PLN_GROWTH,2023-11-01,2025-04-20,cancelled,10,199
S000008,A000008,PLN_STARTER,2024-08-21,,active,6,59
S000009,A000009,PLN_GROWTH,2024-08-20,2025-01-02,cancelled,8,199
S000010,A000010,PLN_GROWTH,2024-01-08,,active,18,199
S000011,A000011,PLN_STARTER,2025-07-16,,active,3,49
S000012,A000012,PLN_STARTER,2024-12-28,,active,1,49
S000013,A000013,PLN_SCALE,2024-10-10,,active,47,799
S000014,A000014,PLN_STARTER,2023-12-09,,active,4,49
S000015,A000015,PLN_GROWTH,2024-05-10,,active,21,207
S000016,A000016,PLN_STARTER,2023-04-26,2024-01-07,cancelled,4,49
S000017,A000017,PLN_GROWTH,2024-09-29,,active,9,199
S000018,A000018,PLN_GROWTH,2024-11-15,,active,10,199
S000019,A000019,PLN_STARTER,2025-02-26,,active,4,49
S000020,A000020,PLN_SCALE,2023-05-21,,active,81,799
S000021,A000021,PLN_STARTER,2023-10-01,2024-02-24,cancelled,4,49
S000022,A000022,PLN_SCALE,2025-06-01,,active,78,799
S000023,A000023,PLN_ENTERPRISE,2025-06-14,,active,187,2499
S000024,A000024,PLN_GROWTH,2023-05-30,2024-08-13,cancelled,21,207
S000025,A000025,PLN_GROWTH,2024-10-02,,active,8,199
S000026,A000026,PLN_GROWTH,2023-06-15,2023-12-29,cancelled,12,199
S000027,A000027,PLN_STARTER,2023-03-03,,active,5,49
S000028,A000028,PLN_GROWTH,2025-08-18,,active,20,199
S000029,A000029,PLN_SCALE,2024-04-24,,active,112,871
S000030,A000030,PLN_GROWTH,2023-10-26,,active,13,199
S000031,A000031,PLN_STARTER,2024-12-03,,active,1,49
S000032,A000032,PLN_STARTER,2025-08-23,,active,2,49
S000033,A000033,PLN_STARTER,2025-01-09,,active,4,49
S000034,A000034,PLN_STARTER,2024-05-05,,active,2,49
S000035,A000035,PLN_GROWTH,2023-09-10,2025-08-07,cancelled,12,199
S000036,A000036,PLN_GROWTH,2024-11-10,,active,12,199
S000037,A000037,PLN_STARTER,2025-06-14,,active,6,59
S000038,A000038,PLN_GROWTH,2025-07-03,,active,17,199
S000039,A000039,PLN_GROWTH,2024-04-17,2025-08-13,cancelled,16,199
S000040,A000040,PLN_GROWTH,2024-02-16,,active,22,215
S000041,A000041,PLN_STARTER,2024-09-13,,active,4,49
S000042,A000042,PLN_GROWTH,2023-02-09,2023-06-03,cancelled,15,199
S000043,A000043,PLN_GROWTH,2024-05-09,,active,25,239
S000044,A000044,PLN_GROWTH,2024-02-24,2025-03-27,cancelled,13,199
S000045,A000045,PLN_STARTER,2024-12-24,,active,5,49
S000046,A000046,PLN_GROWTH,2024-10-15,,active,10,199
S000047,A000047,PLN_STARTER,2023-05-02,,active,4,49
S000048,A000048,PLN_GROWTH,2025-05-26,,active,16,199
S000049,A000049,PLN_STARTER,2024-11-14,,active,5,49
S000050,A000050,PLN_STARTER,2024-06-27,,active,1,49
S000051,A000051,PLN_GROWTH,2024-05-14,,active,12,199
S000052,A000052,PLN_ENTERPRISE,2024-01-08,,active,388,2499
S000053,A000053,PLN_STARTER,2024-06-14,2025-08-28,cancelled,3,49
S000054,A000054,PLN_STARTER,2025-06-22,,active,2,49
S000055,A000055,PLN_STARTER,2025-08-31,,active,2,49
S000056,A000056,PLN_STARTER,2025-05-20,,active,6,59
S000057,A000057,PLN_STARTER,2025-03-05,,active,5,49
S000058,A000058,PLN_STARTER,2023-10-07,,active,2,49
S000059,A000059,PLN_SCALE,2023-11-17,,active,69,799
S000060,A000060,PLN_SCALE,2024-01-09,,active,43,799
S000061,A000061,PLN_GROWTH,2023-12-13,2024-03-13,cancelled,11,199
S000062,A000062,PLN_STARTER,2023-03-31,,active,4,49
S000063,A000063,PLN_SCALE,2023-08-26,,active,82,799
S000064,A000064,PLN_STARTER,2024-08-13,,active,2,49
S000065,A000065,PLN_GROWTH,2024-06-03,,active,16,199
S000066,A000066,PLN_STARTER,2024-05-01,2025-04-07,cancelled,5,49
S000067,A000067,PLN_STARTER,2023-12-05,,active,2,49
S000068,A000068,PLN_GROWTH,2023-02-24,,active,16,199
S000069,A000069,PLN_STARTER,2024-06-27,2025-09-27,cancelled,5,49
S000070,A000070,PLN_GROWTH,2025-04-29,,active,20,199
S000071,A000071,PLN_STARTER,2025-03-25,,active,5,49
S000072,A000072,PLN_GROWTH,2024-08-06,,active,10,199
S000073,A000073,PLN_SCALE,2024-08-17,,active,82,799
S000074,A000074,PLN_GROWTH,2025-02-03,2025-08-08,cancelled,12,199
S000075,A000075,PLN_SCALE,2025-06-02,,active,63,799
S000076,A000076,PLN_GROWTH,2023-01-21,,active,7,199
S000077,A000077,PLN_STARTER,2024-04-07,2025-04-25,cancelled,6,59
S000078,A000078,PLN_STARTER,2024-09-11,,active,3,49
S000079,A000079,PLN_SCALE,2024-07-20,,active,101,805
S000080,A000080,PLN_GROWTH,2024-08-23,,active,8,199
S000081,A000081,PLN_GROWTH,2024-03-05,2024-08-29,cancelled,15,199
S000082,A000082,PLN_GROWTH,2023-10-21,,active,19,199
S000083,A000083,PLN_STARTER,2025-06-16,,active,1,49
S000084,A000084,PLN_GROWTH,2023-04-03,2024-06-02,cancelled,16,199
S000085,A000085,PLN_STARTER,2023-12-30,,active,5,49
S000086,A000086,PLN_GROWTH,2024-12-15,,active,9,199
S000087,A000087,PLN_GROWTH,2023-06-01,2024-05-15,cancelled,8,199
S000088,A000088,PLN_STARTER,2025-02-09,,active,2,49
S000089,A000089,PLN_STARTER,2024-08-19,,active,6,59
S000090,A000090,PLN_STARTER,2024-07-30,,active,3,49
S000091,A000091,PLN_STARTER,2025-08-07,,active,2,49
S000092,A000092,PLN_STARTER,2023-03-12,,active,5,49
S000093,A000093,PLN_SCALE,2024-04-01,,active,70,799
S000094,A000094,PLN_STARTER,2023-12-24,,active,6,59
S000095,A000095,PLN_STARTER,2025-06-09,2025-10-04,cancelled,4,49
S000096,A000096,PLN_STARTER,2023-07-05,,active,3,49
S000097,A000097,PLN_STARTER,2023-03-25,,active,5,49
S000098,A000098,PLN_STARTER,2023-12-23,,active,1,49
S000099,A000099,PLN_ENTERPRISE,2023-03-05,,active,521,2583
S000100,A000100,PLN_STARTER,2024-05-03,,active,6,59
S000101,A000101,PLN_GROWTH,2023-02-05,,active,14,199
S000102,A000102,PLN_STARTER,2024-08-18,2025-10-26,cancelled,3,49
S000103,A000103,PLN_STARTER,2024-05-29,2024-09-10,cancelled,3,49
S000104,A000104,PLN_STARTER,2024-03-28,,active,5,49
S000105,A000105,PLN_STARTER,2025-05-28,,active,1,49
S000106,A000106,PLN_SCALE,2024-04-15,,active,70,799
S000107,A000107,PLN_GROWTH,2025-09-27,,active,25,239
S000108,A000108,PLN_SCALE,2023-09-23,,active,99,799
S000109,A000109,PLN_STARTER,2025-09-02,,active,5,49
S000110,A000110,PLN_STARTER,2025-08-06,,active,5,49
S000111,A000111,PLN_GROWTH,2023-09-14,,active,24,231
S000112,A000112,PLN_STARTER,2025-09-25,,active,2,49
S000113,A000113,PLN_STARTER,2025-06-29,,active,4,49
S000114,A000114,PLN_GROWTH,2024-02-06,,active,22,215
S000115,A000115,PLN_STARTER,2024-05-20,,active,1,49
S000116,A000116,PLN_SCALE,2024-03-21,,active,38,799
S000117,A000117,PLN_STARTER,2024-03-23,,active,4,49
S000118,A000118,PLN_STARTER,2023-04-24,2024-12-10,cancelled,6,59
S000119,A000119,PLN_GROWTH,2023-04-05,,active,21,207
S000120,A000120,PLN_STARTER,2023-10-22,,active,6,59
S000121,A000121,PLN_GROWTH,2024-02-19,2025-01-10,cancelled,21,207
S000122,A000122,PLN_GROWTH,2024-03-17,2025-11-03,cancelled,20,199
S000123,A000123,PLN_STARTER,2024-03-18,,active,4,49
S000124,A000124,PLN_STARTER,2023-02-04,,active,3,49
S000125,A000125,PLN_STARTER,2024-07-12,,active,2,49
S000126,A000126,PLN_STARTER,2024-07-05,2025-03-26,cancelled,5,49
S000127,A000127,PLN_GROWTH,2024-02-22,2025-10-16,cancelled,15,199
S000128,A000128,PLN_STARTER,2025-03-15,2025-09-16,cancelled,2,49
S000129,A000129,PLN_STARTER,2025-04-21,,active,3,49
S000130,A000130,PLN_GROWTH,2025-03-07,,active,23,223
S000131,A000131,PLN_STARTER,2024-12-16,2025-08-06,cancelled,6,59
S000132,A000132,PLN_STARTER,2024-05-02,,active,2,49
S000133,A000133,PLN_GROWTH,2023-07-16,,active,16,199
S000134,A000134,PLN_GROWTH,2025-04-26,2025-10-28,cancelled,21,207
S000135,A000135,PLN_SCALE,2023-09-15,,active,52,799
S000136,A000136,PLN_GROWTH,2024-05-17,2024-08-31,cancelled,14,199
S000137,A000137,PLN_STARTER,2023-09-29,,active,3,49
S000138,A000138,PLN_GROWTH,2023-04-24,,active,15,199
S000139,A000139,PLN_STARTER,2023-11-27,2025-07-30,cancelled,6,59
S000140,A000140,PLN_GROWTH,2025-07-01,,active,17,199
S000141,A000141,PLN_GROWTH,2024-11-09,,active,21,207
S000142,A000142,PLN_STARTER,2024-10-20,,active,6,59
S000143,A000143,PLN_STARTER,2023-10-11,,active,2,49
S000144,A000144,PLN_GROWTH,2023-12-06,2025-05-25,cancelled,18,199
S000145,A000145,PLN_STARTER,2024-10-01,,active,6,59
S000146,A000146,PLN_STARTER,2023-07-27,,active,3,49
S000147,A000147,PLN_STARTER,2025-04-05,,active,3,49
S000148,A000148,PLN_SCALE,2023-02-14,2024-12-07,cancelled,83,799
S000149,A000149,PLN_GROWTH,2025-02-20,,active,8,199
S000150,A000150,PLN_GROWTH,2024-06-12,,active,8,199
S000151,A000151,PLN_SCALE,2025-09-05,,active,96,799
S000152,A000152,PLN_SCALE,2024-07-15,,active,78,799
S000153,A000153,PLN_STARTER,2024-01-04,,active,2,49
S000154,A000154,PLN_SCALE,2023-11-11,,active,132,991
S000155,A000155,PLN_STARTER,2024-06-26,,active,6,59
S000156,A000156,PLN_GROWTH,2023-08-10,,active,14,199
S000157,A000157,PLN_GROWTH,2023-07-20,2025-04-06,cancelled,9,199
S000158,A000158,PLN_GROWTH,2024-09-29,,active,15,199
S000159,A000159,PLN_GROWTH,2024-10-25,,active,21,207
S000160,A000160,PLN_GROWTH,2025-09-17,,active,24,231
S000161,A000161,PLN_STARTER,2025-07-20,,active,2,49
S000162,A000162,PLN_STARTER,2024-05-17,,active,6,59
S000163,A000163,PLN_STARTER,2025-07-09,,active,5,49
S000164,A000164,PLN_GROWTH,2023-03-04,,active,26,247
S000165,A000165,PLN_STARTER,2023-10-30,2025-10-07,cancelled,3,49
S000166,A000166,PLN_GROWTH,2024-08-05,,active,21,207
S000167,A000167,PLN_GROWTH,2023-11-01,,active,17,199
S000168,A000168,PLN_SCALE,2023-02-19,,active,103,817
S000169,A000169,PLN_STARTER,2025-05-23,,active,4,49
S000170,A000170,PLN_GROWTH,2025-09-24,,active,15,199
S000171,A000171,PLN_STARTER,2024-09-04,2025-12-09,cancelled,2,49
S000172,A000172,PLN_STARTER,2023-05-19,2024-11-22,cancelled,3,49
S000173,A000173,PLN_STARTER,2023-02-11,2024-01-24,cancelled,3,49
S000174,A000174,PLN_SCALE,2023-04-27,2024-04-28,cancelled,55,799
S000175,A000175,PLN_STARTER,2023-07-07,2024-03-04,cancelled,3,49
S000176,A000176,PLN_SCALE,2023-06-19,,active,98,799
S000177,A000177,PLN_GROWTH,2024-11-22,2025-06-20,cancelled,21,207
S000178,A000178,PLN_GROWTH,2024-08-10,,active,21,207
S000179,A000179,PLN_STARTER,2024-05-25,,active,5,49
S000180,A000180,PLN_STARTER,2023-08-26,,active,3,49
S000181,A000181,PLN_STARTER,2024-03-21,2024-07-06,cancelled,3,49
S000182,A000182,PLN_STARTER,2025-03-14,,active,3,49
S000183,A000183,PLN_GROWTH,2025-01-19,,active,22,215
S000184,A000184,PLN_STARTER,2024-05-31,,active,3,49
S000185,A000185,PLN_STARTER,2025-06-29,,active,3,49
S000186,A000186,PLN_GROWTH,2025-07-24,,active,16,199
S000187,A000187,PLN_STARTER,2023-08-08,,active,2,49
S000188,A000188,PLN_STARTER,2025-04-02,,active,5,49
S000189,A000189,PLN_SCALE,2023-07-02,,active,94,799
S000190,A000190,PLN_STARTER,2025-03-29,,active,6,59
S000191,A000191,PLN_STARTER,2024-03-06,,active,4,49
S000192,A000192,PLN_GROWTH,2024-11-10,,active,8,199
S000193,A000193,PLN_STARTER,2024-10-14,2025-07-14,cancelled,6,59
S000194,A000194,PLN_SCALE,2023-07-08,2024-11-05,cancelled,70,799
S000195,A000195,PLN_STARTER,2025-08-15,,active,4,49
S000196,A000196,PLN_STARTER,2024-12-06,,active,3,49
S000197,A000197,PLN_STARTER,2023-12-22,,active,4,49
S000198,A000198,PLN_GROWTH,2023-09-27,,active,23,223
S000199,A000199,PLN_STARTER,2025-07-06,,active,3,49
S000200,A000200,PLN_GROWTH,2025-09-04,,active,12,199
S000201,A000201,PLN_GROWTH,2023-04-16,,active,22,215
S000202,A000202,PLN_GROWTH,2024-05-17,,active,23,223
S000203,A000203,PLN_STARTER,2023-08-21,,active,4,49
S000204,A000204,PLN_GROWTH,2025-04-14,,active,11,199
S000205,A000205,PLN_GROWTH,2023-02-01,2023-07-18,cancelled,8,199
S000206,A000206,PLN_GROWTH,2023-01-20,2024-09-20,cancelled,14,199
S000207,A000207,PLN_STARTER,2024-09-28,,active,4,49
S000208,A000208,PLN_SCALE,2023-12-19,,active,67,799
S000209,A000209,PLN_STARTER,2023-03-05,2025-01-15,cancelled,5,49
S000210,A000210,PLN_STARTER,2024-01-02,2025-06-29,cancelled,3,49
S000211,A000211,PLN_STARTER,2024-10-20,,active,3,49
S000212,A000212,PLN_GROWTH,2025-03-12,,active,16,199
S000213,A000213,PLN_STARTER,2025-08-15,,active,2,49
S000214,A000214,PLN_STARTER,2024-04-07,,active,2,49
S000215,A000215,PLN_GROWTH,2024-11-02,2025-10-04,cancelled,17,199
S000216,A000216,PLN_STARTER,2025-04-10,,active,5,49
S000217,A000217,PLN_GROWTH,2025-07-23,,active,21,207
S000218,A000218,PLN_STARTER,2025-04-09,,active,3,49
S000219,A000219,PLN_SCALE,2023-02-16,,active,81,799
S000220,A000220,PLN_SCALE,2023-06-30,,active,97,799
S000221,A000221,PLN_STARTER,2024-05-09,,active,5,49
S000222,A000222,PLN_STARTER,2024-03-26,,active,3,49
S000223,A000223,PLN_STARTER,2023-09-22,,active,2,49
S000224,A000224,PLN_STARTER,2023-02-10,,active,6,59
S000225,A000225,PLN_STARTER,2025-04-05,,active,5,49
S000226,A000226,PLN_STARTER,2024-02-09,2025-08-04,cancelled,3,49
S000227,A000227,PLN_GROWTH,2025-04-05,,active,25,239
S000228,A000228,PLN_ENTERPRISE,2023-01-16,2024-11-14,cancelled,360,2499
S000229,A000229,PLN_SCALE,2024-04-09,2025-01-24,cancelled,100,799
S000230,A000230,PLN_STARTER,2023-04-28,,active,2,49
S000231,A000231,PLN_GROWTH,2023-11-03,2025-09-24,cancelled,22,215
S000232,A000232,PLN_STARTER,2024-12-25,2025-05-19,cancelled,4,49
S000233,A000233,PLN_STARTER,2024-12-10,,active,5,49
S000234,A000234,PLN_STARTER,2023-10-06,2025-08-10,cancelled,2,49
S000235,A000235,PLN_STARTER,2025-09-06,,active,3,49
S000236,A000236,PLN_ENTERPRISE,2024-04-19,,active,387,2499
S000237,A000237,PLN_STARTER,2023-02-06,,active,2,49
S000238,A000238,PLN_GROWTH,2024-03-31,2024-08-10,cancelled,7,199
S000239,A000239,PLN_SCALE,2025-07-31,,active,53,799
S000240,A000240,PLN_GROWTH,2023-09-28,,active,13,199
S000241,A000241,PLN_GROWTH,2024-08-29,,active,25,239
S000242,A000242,PLN_GROWTH,2023-08-12,,active,16,199
S000243,A000243,PLN_SCALE,2023-07-13,,active,82,799
S000244,A000244,PLN_GROWTH,2024-06-22,,active,24,231
S000245,A000245,PLN_GROWTH,2023-07-30,2025-01-08,cancelled,8,199
S000246,A000246,PLN_GROWTH,2024-04-20,2025-11-06,cancelled,10,199
S000247,A000247,PLN_GROWTH,2025-08-02,,active,9,199
S000248,A000248,PLN_GROWTH,2023-12-14,,active,18,199
S000249,A000249,PLN_SCALE,2024-05-30,,active,65,799
S000250,A000250,PLN_STARTER,2024-08-23,,active,5,49
S000251,A000251,PLN_GROWTH,2024-10-05,,active,19,199
S000252,A000252,PLN_ENTERPRISE,2025-05-17,,active,286,2499
S000253,A000253,PLN_GROWTH,2024-06-08,,active,26,247
S000254,A000254,PLN_STARTER,2024-10-08,,active,3,49
S000255,A000255,PLN_SCALE,2023-10-24,,active,131,985
S000256,A000256,PLN_STARTER,2025-06-21,,active,3,49
S000257,A000257,PLN_GROWTH,2025-03-18,,active,9,199
S000258,A000258,PLN_GROWTH,2024-01-16,2025-06-08,cancelled,21,207
S000259,A000259,PLN_ENTERPRISE,2025-08-26,,active,226,2499
S000260,A000260,PLN_STARTER,2024-03-13,,active,3,49
S000261,A000261,PLN_STARTER,2024-11-30,,active,2,49
S000262,A000262,PLN_STARTER,2025-05-27,,active,2,49
S000263,A000263,PLN_ENTERPRISE,2023-03-07,,active,270,2499
S000264,A000264,PLN_STARTER,2023-11-27,2025-07-14,cancelled,4,49
S000265,A000265,PLN_SCALE,2024-01-11,,active,74,799
S000266,A000266,PLN_ENTERPRISE,2023-08-12,2024-10-19,cancelled,492,2499
S000267,A000267,PLN_GROWTH,2023-11-28,,active,25,239
S000268,A000268,PLN_STARTER,2024-07-15,2025-12-13,cancelled,4,49
S000269,A000269,PLN_SCALE,2025-04-19,2025-10-08,cancelled,119,913
S000270,A000270,PLN_GROWTH,2023-04-26,,active,23,223
S000271,A000271,PLN_STARTER,2024-04-28,2024-11-29,cancelled,3,49
S000272,A000272,PLN_GROWTH,2024-04-01,,active,25,239
S000273,A000273,PLN_STARTER,2024-01-28,2025-12-06,cancelled,5,49
S000274,A000274,PLN_GROWTH,2023-09-11,,active,7,199
S000275,A000275,PLN_SCALE,2023-05-16,,active,46,799
S000276,A000276,PLN_STARTER,2024-03-15,,active,4,49
S000277,A000277,PLN_GROWTH,2024-01-07,,active,25,239
S000278,A000278,PLN_STARTER,2023-11-20,2024-10-08,cancelled,1,49
S000279,A000279,PLN_STARTER,2023-10-14,,active,5,49
S000280,A000280,PLN_GROWTH,2024-04-28,,active,9,199
S000281,A000281,PLN_GROWTH,2024-09-26,2025-05-28,cancelled,13,199
S000282,A000282,PLN_GROWTH,2024-12-19,,active,26,247
S000283,A000283,PLN_STARTER,2023-10-02,,active,6,59
S000284,A000284,PLN_SCALE,2024-12-01,,active,58,799
S000285,A000285,PLN_GROWTH,2023-04-21,,active,13,199
S000286,A000286,PLN_STARTER,2025-10-04,,active,1,49
S000287,A000287,PLN_SCALE,2025-02-15,,active,71,799
S000288,A000288,PLN_STARTER,2025-06-30,,active,1,49
S000289,A000289,PLN_SCALE,2025-05-11,,active,100,799
S000290,A000290,PLN_STARTER,2023-07-25,2024-08-06,cancelled,6,59
S000291,A000291,PLN_SCALE,2025-01-23,,active,114,883
S000292,A000292,PLN_STARTER,2023-05-19,,active,1,49
S000293,A000293,PLN_SCALE,2025-08-13,,active,57,799
S000294,A000294,PLN_STARTER,2024-06-06,,active,5,49
S000295,A000295,PLN_GROWTH,2025-02-13,,active,23,223
S000296,A000296,PLN_GROWTH,2024-06-07,,active,21,207
S000297,A000297,PLN_STARTER,2024-08-09,,active,6,59
S000298,A000298,PLN_STARTER,2023-10-16,,active,5,49
S000299,A000299,PLN_STARTER,2023-03-08,2023-11-03,cancelled,4,49
S000300,A000300,PLN_STARTER,2025-04-08,,active,3,49
S000301,A000301,PLN_STARTER,2023-12-10,,active,2,49
S000302,A000302,PLN_STARTER,2024-01-15,,active,2,49
S000303,A000303,PLN_STARTER,2023-06-06,,active,5,49
S000304,A000304,PLN_STARTER,2024-10-16,,active,2,49
S000305,A000305,PLN_GROWTH,2024-03-16,,active,14,199
S000306,A000306,PLN_STARTER,2024-03-02,,active,2,49
S000307,A000307,PLN_STARTER,2023-12-21,,active,3,49
S000308,A000308,PLN_STARTER,2024-07-19,2025-11-07,cancelled,3,49
S000309,A000309,PLN_ENTERPRISE,2025-01-18,,active,253,2499
S000310,A000310,PLN_GROWTH,2024-03-30,,active,21,207
S000311,A000311,PLN_SCALE,2023-08-09,,active,106,835
S000312,A000312,PLN_SCALE,2024-04-17,,active,54,799
S000313,A000313,PLN_ENTERPRISE,2024-02-11,,active,238,2499
S000314,A000314,PLN_STARTER,2023-11-10,,active,2,49
S000315,A000315,PLN_STARTER,2025-03-19,2025-07-30,cancelled,2,49
S000316,A000316,PLN_STARTER,2025-09-17,,active,6,59
S000317,A000317,PLN_STARTER,2025-05-31,2025-09-19,cancelled,4,49
S000318,A000318,PLN_GROWTH,2023-10-30,,active,22,215
S000319,A000319,PLN_GROWTH,2023-03-26,2024-05-18,cancelled,18,199
S000320,A000320,PLN_STARTER,2023-04-14,,active,2,49
S000321,A000321,PLN_STARTER,2023-07-08,2025-05-25,cancelled,2,49
S000322,A000322,PLN_ENTERPRISE,2023-11-15,,active,361,2499
S000323,A000323,PLN_STARTER,2025-07-19,,active,3,49
S000324,A000324,PLN_GROWTH,2023-06-12,,active,15,199
S000325,A000325,PLN_GROWTH,2023-05-15,,active,18,199
S000326,A000326,PLN_STARTER,2023-06-28,2024-02-16,cancelled,6,59
S000327,A000327,PLN_SCALE,2023-11-19,2024-10-23,cancelled,71,799
S000328,A000328,PLN_STARTER,2023-11-18,,active,2,49
S000329,A000329,PLN_STARTER,2025-02-24,,active,5,49
S000330,A000330,PLN_STARTER,2024-12-21,,active,6,59
S000331,A000331,PLN_GROWTH,2025-07-26,,active,26,247
S000332,A000332,PLN_GROWTH,2023-09-21,,active,24,231
S000333,A000333,PLN_SCALE,2023-08-17,2025-04-25,cancelled,35,799
S000334,A000334,PLN_GROWTH,2024-02-27,,active,18,199
S000335,A000335,PLN_STARTER,2024-09-07,,active,3,49
S000336,A000336,PLN_GROWTH,2025-01-21,2025-11-24,cancelled,13,199
S000337,A000337,PLN_STARTER,2023-06-01,,active,3,49
S000338,A000338,PLN_GROWTH,2024-11-04,,active,21,207
S000339,A000339,PLN_STARTER,2023-09-17,,active,4,49
S000340,A000340,PLN_STARTER,2024-07-21,,active,3,49
S000341,A000341,PLN_STARTER,2024-09-08,,active,2,49
S000342,A000342,PLN_GROWTH,2024-01-01,,active,13,199
S000343,A000343,PLN_STARTER,2023-04-10,2023-08-31,cancelled,1,49
S000344,A000344,PLN_GROWTH,2025-06-05,,active,17,199
S000345,A000345,PLN_STARTER,2023-04-28,,active,5,49
S000346,A000346,PLN_STARTER,2023-10-28,,active,5,49
S000347,A000347,PLN_STARTER,2023-09-15,,active,3,49
S000348,A000348,PLN_GROWTH,2023-04-29,,active,7,199
S000349,A000349,PLN_STARTER,2023-04-13,,active,5,49
S000350,A000350,PLN_ENTERPRISE,2025-09-16,,active,504,2515
S000351,A000351,PLN_STARTER,2023-09-10,,active,5,49
S000352,A000352,PLN_STARTER,2024-04-11,,active,4,49
S000353,A000353,PLN_SCALE,2023-08-21,,active,69,799
S000354,A000354,PLN_SCALE,2025-04-04,,active,72,799
S000355,A000355,PLN_GROWTH,2024-02-06,,active,20,199
S000356,A000356,PLN_STARTER,2025-08-30,,active,2,49
S000357,A000357,PLN_STARTER,2023-03-11,2023-08-13,cancelled,5,49
S000358,A000358,PLN_GROWTH,2025-02-18,,active,24,231
S000359,A000359,PLN_GROWTH,2025-03-18,,active,15,199
S000360,A000360,PLN_STARTER,2024-11-17,,active,2,49
S000361,A000361,PLN_GROWTH,2024-06-28,,active,7,199
S000362,A000362,PLN_STARTER,2024-07-01,,active,5,49
S000363,A000363,PLN_STARTER,2025-05-10,,active,6,59
S000364,A000364,PLN_SCALE,2024-05-08,2024-09-17,cancelled,125,949
S000365,A000365,PLN_STARTER,2024-07-05,,active,4,49
S000366,A000366,PLN_STARTER,2025-03-28,,active,2,49
S000367,A000367,PLN_GROWTH,2025-07-21,,active,7,199
S000368,A000368,PLN_SCALE,2023-04-24,2024-01-09,cancelled,89,799
S000369,A000369,PLN_GROWTH,2025-06-24,,active,8,199
S000370,A000370,PLN_STARTER,2025-08-12,,active,4,49
S000371,A000371,PLN_STARTER,2025-04-01,,active,5,49
S000372,A000372,PLN_STARTER,2023-11-05,2025-01-15,cancelled,3,49
S000373,A000373,PLN_STARTER,2024-05-29,,active,6,59
S000374,A000374,PLN_GROWTH,2025-07-07,,active,17,199
S000375,A000375,PLN_GROWTH,2024-07-15,,active,9,199
S000376,A000376,PLN_STARTER,2023-08-14,2024-06-03,cancelled,4,49
S000377,A000377,PLN_ENTERPRISE,2024-06-16,2025-03-31,cancelled,423,2499
S000378,A000378,PLN_GROWTH,2024-05-01,2025-05-08,cancelled,18,199
S000379,A000379,PLN_STARTER,2024-02-29,2025-07-28,cancelled,6,59
S000380,A000380,PLN_ENTERPRISE,2025-08-13,,active,395,2499
S000381,A000381,PLN_GROWTH,2023-12-15,,active,8,199
S000382,A000382,PLN_GROWTH,2023-05-13,,active,12,199
S000383,A000383,PLN_GROWTH,2024-01-13,,active,11,199
S000384,A000384,PLN_GROWTH,2023-11-21,,active,11,199
S000385,A000385,PLN_STARTER,2024-02-03,2024-06-12,cancelled,4,49
S000386,A000386,PLN_GROWTH,2024-04-19,,active,16,199
S000387,A000387,PLN_ENTERPRISE,2024-03-25,2024-10-15,cancelled,445,2499
S000388,A000388,PLN_STARTER,2023-07-04,,active,2,49
S000389,A000389,PLN_STARTER,2024-01-09,,active,2,49
S000390,A000390,PLN_SCALE,2023-07-19,,active,65,799
S000391,A000391,PLN_STARTER,2023-10-03,,active,4,49
S000392,A000392,PLN_STARTER,2024-12-19,,active,3,49
S000393,A000393,PLN_STARTER,2024-05-15,2024-11-14,cancelled,6,59
S000394,A000394,PLN_ENTERPRISE,2025-04-19,2025-12-17,cancelled,241,2499
S000395,A000395,PLN_GROWTH,2024-10-20,2025-09-24,cancelled,14,199
S000396,A000396,PLN_STARTER,2023-10-19,,active,5,49
S000397,A000397,PLN_STARTER,2023-09-09,,active,6,59
S000398,A000398,PLN_GROWTH,2023-11-20,2024-08-05,cancelled,19,199
S000399,A000399,PLN_STARTER,2025-05-01,,active,4,49
S000400,A000400,PLN_GROWTH,2023-06-25,,active,12,199
S000401,A000401,PLN_GROWTH,2025-02-05,2025-12-24,cancelled,22,215
S000402,A000402,PLN_STARTER,2023-04-30,2023-10-26,cancelled,1,49
S000403,A000403,PLN_GROWTH,2025-09-02,,active,19,199
S000404,A000404,PLN_STARTER,2024-06-23,,active,4,49
S000405,A000405,PLN_STARTER,2023-07-13,,active,6,59
S000406,A000406,PLN_GROWTH,2023-03-29,,active,9,199
S000407,A000407,PLN_GROWTH,2024-01-21,,active,13,199
S000408,A000408,PLN_STARTER,2025-02-14,,active,4,49
S000409,A000409,PLN_STARTER,2023-12-01,,active,1,49
S000410,A000410,PLN_STARTER,2025-06-23,,active,1,49
S000411,A000411,PLN_GROWTH,2024-11-11,,active,17,199
S000412,A000412,PLN_GROWTH,2023-11-11,,active,12,199
S000413,A000413,PLN_STARTER,2024-12-19,,active,2,49
S000414,A000414,PLN_STARTER,2025-02-22,,active,1,49
S000415,A000415,PLN_GROWTH,2024-09-21,,active,14,199
S000416,A000416,PLN_GROWTH,2024-08-06,,active,19,199
S000417,A000417,PLN_STARTER,2025-07-31,,active,4,49
S000418,A000418,PLN_STARTER,2023-09-15,,active,4,49
S000419,A000419,PLN_STARTER,2024-07-24,,active,5,49
S000420,A000420,PLN_GROWTH,2025-05-09,2025-11-05,cancelled,24,231
S000421,A000421,PLN_STARTER,2025-02-05,,active,2,49
S000422,A000422,PLN_GROWTH,2023-02-20,,active,25,239
S000423,A000423,PLN_STARTER,2025-03-21,,active,5,49
S000424,A000424,PLN_GROWTH,2023-01-18,,active,23,223
S000425,A000425,PLN_STARTER,2025-05-14,,active,1,49
S000426,A000426,PLN_ENTERPRISE,2025-04-21,,active,390,2499
S000427,A000427,PLN_SCALE,2023-08-24,2025-01-07,cancelled,47,799
S000428,A000428,PLN_SCALE,2025-06-06,,active,110,859
S000429,A000429,PLN_STARTER,2024-10-08,2025-11-13,cancelled,4,49
S000430,A000430,PLN_SCALE,2023-04-26,,active,121,925
S000431,A000431,PLN_STARTER,2024-06-20,2024-11-17,cancelled,6,59
S000432,A000432,PLN_GROWTH,2025-03-14,,active,20,199
S000433,A000433,PLN_STARTER,2023-12-08,2024-12-17,cancelled,4,49
S000434,A000434,PLN_STARTER,2024-11-10,,active,3,49
S000435,A000435,PLN_SCALE,2024-10-11,,active,133,997
S000436,A000436,PLN_GROWTH,2024-02-15,,active,10,199
S000437,A000437,PLN_GROWTH,2023-03-19,,active,14,199
S000438,A000438,PLN_SCALE,2023-02-05,,active,99,799
S000439,A000439,PLN_STARTER,2024-02-22,,active,3,49
S000440,A000440,PLN_STARTER,2025-06-06,,active,2,49
S000441,A000441,PLN_SCALE,2024-10-26,2025-06-21,cancelled,100,799
S000442,A000442,PLN_GROWTH,2023-11-29,,active,8,199
S000443,A000443,PLN_STARTER,2024-06-24,,active,4,49
S000444,A000444,PLN_ENTERPRISE,2025-04-24,,active,288,2499
S000445,A000445,PLN_STARTER,2023-07-26,,active,6,59
S000446,A000446,PLN_GROWTH,2024-10-02,2025-11-08,cancelled,26,247
S000447,A000447,PLN_STARTER,2024-10-20,2025-03-21,cancelled,4,49
S000448,A000448,PLN_STARTER,2023-06-16,2023-10-11,cancelled,1,49
S000449,A000449,PLN_STARTER,2025-08-20,,active,5,49
S000450,A000450,PLN_GROWTH,2023-03-20,2024-12-23,cancelled,23,223
S000451,A000451,PLN_STARTER,2023-08-05,,active,6,59
S000452,A000452,PLN_STARTER,2025-02-22,2025-10-13,cancelled,6,59
S000453,A000453,PLN_GROWTH,2025-01-05,,active,16,199
S000454,A000454,PLN_ENTERPRISE,2023-08-18,2024-12-20,cancelled,213,2499
S000455,A000455,PLN_GROWTH,2024-08-21,2025-04-10,cancelled,13,199
S000456,A000456,PLN_STARTER,2023-05-13,,active,4,49
S000457,A000457,PLN_STARTER,2024-11-29,2025-10-08,cancelled,5,49
S000458,A000458,PLN_STARTER,2023-05-05,,active,2,49
S000459,A000459,PLN_STARTER,2023-11-03,2024-03-02,cancelled,6,59
S000460,A000460,PLN_STARTER,2023-07-16,,active,4,49
S000461,A000461,PLN_STARTER,2025-07-04,,active,5,49
S000462,A000462,PLN_GROWTH,2024-08-03,,active,11,199
S000463,A000463,PLN_SCALE,2023-10-26,,active,91,799
S000464,A000464,PLN_STARTER,2023-04-17,,active,6,59
S000465,A000465,PLN_GROWTH,2024-10-31,2025-06-19,cancelled,19,199
S000466,A000466,PLN_STARTER,2023-12-26,,active,6,59
S000467,A000467,PLN_GROWTH,2023-06-23,,active,10,199
S000468,A000468,PLN_GROWTH,2024-10-28,,active,15,199
S000469,A000469,PLN_ENTERPRISE,2025-01-09,,active,290,2499
S000470,A000470,PLN_ENTERPRISE,2024-09-30,,active,509,2535
S000471,A000471,PLN_GROWTH,2023-11-07,2024-04-09,cancelled,14,199
S000472,A000472,PLN_GROWTH,2024-04-26,,active,21,207
S000473,A000473,PLN_STARTER,2024-06-25,,active,2,49
S000474,A000474,PLN_GROWTH,2024-09-03,,active,19,199
S000475,A000475,PLN_STARTER,2023-02-12,,active,2,49
S000476,A000476,PLN_GROWTH,2023-05-25,2023-11-15,cancelled,9,199
S000477,A000477,PLN_STARTER,2023-08-07,2024-02-19,cancelled,5,49
S000478,A000478,PLN_GROWTH,2024-04-28,,active,14,199
S000479,A000479,PLN_STARTER,2025-02-01,,active,5,49
S000480,A000480,PLN_STARTER,2023-09-06,,active,5,49
S000481,A000481,PLN_STARTER,2024-12-25,,active,2,49
S000482,A000482,PLN_SCALE,2024-10-12,2025-03-19,cancelled,110,859
S000483,A000483,PLN_GROWTH,2024-07-01,,active,19,199
S000484,A000484,PLN_STARTER,2024-09-22,,active,6,59
S000485,A000485,PLN_STARTER,2023-12-22,,active,5,49
S000486,A000486,PLN_STARTER,2024-08-21,,active,5,49
S000487,A000487,PLN_STARTER,2025-01-18,2025-11-15,cancelled,1,49
S000488,A000488,PLN_GROWTH,2024-02-16,,active,25,239
S000489,A000489,PLN_GROWTH,2025-01-26,,active,9,199
S000490,A000490,PLN_STARTER,2024-05-25,,active,4,49
S000491,A000491,PLN_GROWTH,2024-05-31,,active,25,239
S000492,A000492,PLN_STARTER,2023-09-19,2024-05-19,cancelled,5,49
S000493,A000493,PLN_GROWTH,2023-09-25,2024-04-06,cancelled,24,231
S000494,A000494,PLN_STARTER,2023-03-09,,active,2,49
S000495,A000495,PLN_GROWTH,2025-10-02,,active,10,199
S000496,A000496,PLN_SCALE,2023-10-18,,active,80,799
S000497,A000497,PLN_GROWTH,2025-03-13,,active,18,199
S000498,A000498,PLN_STARTER,2025-09-26,,active,3,49
S000499,A000499,PLN_GROWTH,2023-05-02,2024-11-24,cancelled,13,199
S000500,A000500,PLN_STARTER,2025-09-12,,active,2,49
S000501,A000501,PLN_GROWTH,2023-01-11,,active,17,199
S000502,A000502,PLN_GROWTH,2024-08-13,,active,25,239
S000503,A000503,PLN_GROWTH,2024-08-23,2025-12-28,cancelled,17,199
S000504,A000504,PLN_SCALE,2025-04-06,2025-10-23,cancelled,105,829
S000505,A000505,PLN_GROWTH,2024-08-25,2025-02-13,cancelled,13,199
S000506,A000506,PLN_STARTER,2023-06-07,,active,3,49
S000507,A000507,PLN_STARTER,2023-06-03,2024-10-01,cancelled,6,59
S000508,A000508,PLN_SCALE,2023-12-18,,active,97,799
S000509,A000509,PLN_GROWTH,2023-11-02,2024-10-01,cancelled,24,231
S000510,A000510,PLN_ENTERPRISE,2023-03-01,,active,188,2499
S000511,A000511,PLN_STARTER,2025-04-16,,active,6,59
S000512,A000512,PLN_STARTER,2025-04-02,,active,3,49
S000513,A000513,PLN_SCALE,2024-08-17,,active,72,799
S000514,A000514,PLN_GROWTH,2025-01-02,,active,17,199
S000515,A000515,PLN_STARTER,2023-03-20,,active,2,49
S000516,A000516,PLN_STARTER,2024-06-28,,active,5,49
S000517,A000517,PLN_STARTER,2025-05-21,,active,4,49
S000518,A000518,PLN_GROWTH,2024-05-03,,active,9,199
S000519,A000519,PLN_STARTER,2024-06-14,,active,2,49
S000520,A000520,PLN_GROWTH,2023-09-07,,active,19,199
S000521,A000521,PLN_STARTER,2023-10-18,2024-11-23,cancelled,1,49
S000522,A000522,PLN_STARTER,2025-03-14,2025-07-02,cancelled,6,59
S000523,A000523,PLN_STARTER,2023-05-30,2024-01-01,cancelled,6,59
S000524,A000524,PLN_GROWTH,2023-05-08,2023-12-04,cancelled,19,199
S000525,A000525,PLN_STARTER,2023-02-24,,active,6,59
S000526,A000526,PLN_STARTER,2023-06-22,,active,5,49
S000527,A000527,PLN_GROWTH,2024-11-08,,active,11,199
S000528,A000528,PLN_GROWTH,2025-07-12,,active,12,199
S000529,A000529,PLN_STARTER,2024-05-05,,active,4,49
S000530,A000530,PLN_STARTER,2025-06-30,,active,2,49
S000531,A000531,PLN_STARTER,2024-04-26,2025-03-23,cancelled,3,49
S000532,A000532,PLN_STARTER,2023-06-04,,active,3,49
S000533,A000533,PLN_GROWTH,2023-04-29,,active,8,199
S000534,A000534,PLN_GROWTH,2024-01-13,,active,8,199
S000535,A000535,PLN_GROWTH,2023-11-03,,active,13,199
S000536,A000536,PLN_STARTER,2023-05-08,2024-04-21,cancelled,6,59
S000537,A000537,PLN_GROWTH,2023-07-09,,active,19,199
S000538,A000538,PLN_STARTER,2023-06-22,,active,5,49
S000539,A000539,PLN_SCALE,2025-10-14,,active,121,925
S000540,A000540,PLN_GROWTH,2025-08-21,,active,10,199
S000541,A000541,PLN_ENTERPRISE,2024-12-02,,active,517,2567
S000542,A000542,PLN_GROWTH,2025-10-12,,active,22,215
S000543,A000543,PLN_SCALE,2023-05-23,,active,101,805
S000544,A000544,PLN_STARTER,2025-07-31,,active,5,49
S000545,A000545,PLN_STARTER,2024-01-10,2025-11-03,cancelled,3,49
S000546,A000546,PLN_SCALE,2025-09-10,,active,59,799
S000547,A000547,PLN_GROWTH,2023-02-07,,active,25,239
S000548,A000548,PLN_SCALE,2025-05-16,,active,35,799
S000549,A000549,PLN_ENTERPRISE,2023-07-24,,active,228,2499
S000550,A000550,PLN_STARTER,2024-10-25,,active,2,49
S000551,A000551,PLN_STARTER,2023-11-13,,active,4,49
S000552,A000552,PLN_STARTER,2023-10-18,2025-03-24,cancelled,4,49
S000553,A000553,PLN_ENTERPRISE,2025-08-13,,active,262,2499
S000554,A000554,PLN_ENTERPRISE,2023-10-15,,active,209,2499
S000555,A000555,PLN_STARTER,2023-08-03,2025-02-24,cancelled,2,49
S000556,A000556,PLN_ENTERPRISE,2023-10-01,2024-12-17,cancelled,331,2499
S000557,A000557,PLN_STARTER,2025-06-28,,active,6,59
S000558,A000558,PLN_GROWTH,2023-01-23,,active,26,247
S000559,A000559,PLN_GROWTH,2024-07-22,2025-06-02,cancelled,25,239
S000560,A000560,PLN_GROWTH,2024-03-14,2024-12-11,cancelled,17,199
S000561,A000561,PLN_STARTER,2023-11-01,,active,5,49
S000562,A000562,PLN_STARTER,2025-04-15,,active,3,49
S000563,A000563,PLN_STARTER,2024-05-10,,active,5,49
S000564,A000564,PLN_STARTER,2023-12-02,,active,4,49
S000565,A000565,PLN_GROWTH,2023-05-15,,active,9,199
S000566,A000566,PLN_STARTER,2024-03-16,,active,2,49
S000567,A000567,PLN_STARTER,2024-01-21,,active,5,49
S000568,A000568,PLN_STARTER,2025-05-28,,active,2,49
S000569,A000569,PLN_STARTER,2025-08-13,,active,3,49
S000570,A000570,PLN_STARTER,2023-04-08,2024-12-07,cancelled,3,49
S000571,A000571,PLN_STARTER,2025-07-25,,active,4,49
S000572,A000572,PLN_GROWTH,2023-01-22,2023-05-23,cancelled,22,215
S000573,A000573,PLN_GROWTH,2025-07-25,,active,20,199
S000574,A000574,PLN_STARTER,2023-11-21,,active,4,49
S000575,A000575,PLN_STARTER,2025-05-23,2025-10-29,cancelled,5,49
S000576,A000576,PLN_STARTER,2025-05-28,,active,5,49
S000577,A000577,PLN_GROWTH,2024-09-25,2025-10-03,cancelled,18,199
S000578,A000578,PLN_STARTER,2023-12-27,,active,4,49
S000579,A000579,PLN_ENTERPRISE,2023-11-06,,active,212,2499
S000580,A000580,PLN_ENTERPRISE,2025-08-06,,active,469,2499
S000581,A000581,PLN_STARTER,2025-08-05,,active,4,49
S000582,A000582,PLN_ENTERPRISE,2023-03-17,,active,268,2499
S000583,A000583,PLN_GROWTH,2023-08-08,,active,26,247
S000584,A000584,PLN_GROWTH,2023-12-19,2024-04-06,cancelled,20,199
S000585,A000585,PLN_GROWTH,2023-04-23,2024-09-16,cancelled,19,199
S000586,A000586,PLN_GROWTH,2024-03-27,,active,19,199
S000587,A000587,PLN_GROWTH,2024-01-18,2025-06-27,cancelled,10,199
S000588,A000588,PLN_GROWTH,2023-03-19,2024-06-01,cancelled,9,199
S000589,A000589,PLN_STARTER,2025-04-17,,active,6,59
S000590,A000590,PLN_STARTER,2024-07-26,,active,6,59
S000591,A000591,PLN_GROWTH,2025-08-11,,active,11,199
S000592,A000592,PLN_STARTER,2025-06-24,,active,2,49
S000593,A000593,PLN_GROWTH,2024-04-18,2025-01-14,cancelled,18,199
S000594,A000594,PLN_GROWTH,2025-08-25,,active,17,199
S000595,A000595,PLN_STARTER,2025-01-14,,active,6,59
S000596,A000596,PLN_STARTER,2023-06-26,,active,3,49
S000597,A000597,PLN_STARTER,2023-08-27,,active,5,49
S000598,A000598,PLN_SCALE,2023-09-21,2024-12-11,cancelled,133,997
S000599,A000599,PLN_GROWTH,2023-02-27,2024-10-26,cancelled,22,215
S000600,A000600,PLN_GROWTH,2025-03-24,,active,14,199
S000601,A000601,PLN_GROWTH,2023-06-02,,active,23,223
S000602,A000602,PLN_GROWTH,2023-07-18,,active,13,199
S000603,A000603,PLN_STARTER,2023-04-02,,active,6,59
S000604,A000604,PLN_SCALE,2023-04-04,,active,119,913
S000605,A000605,PLN_STARTER,2023-12-08,,active,5,49
S000606,A000606,PLN_GROWTH,2024-06-08,,active,24,231
S000607,A000607,PLN_GROWTH,2024-02-07,,active,16,199
S000608,A000608,PLN_GROWTH,2025-05-29,,active,23,223
S000609,A000609,PLN_STARTER,2023-11-19,,active,5,49
S000610,A000610,PLN_GROWTH,2025-05-08,,active,9,199
S000611,A000611,PLN_STARTER,2024-06-12,,active,4,49
S000612,A000612,PLN_SCALE,2024-04-04,,active,114,883
S000613,A000613,PLN_GROWTH,2024-03-15,,active,22,215
S000614,A000614,PLN_STARTER,2024-08-03,,active,3,49
S000615,A000615,PLN_STARTER,2024-05-27,,active,4,49
S000616,A000616,PLN_GROWTH,2024-06-22,,active,23,223
S000617,A000617,PLN_ENTERPRISE,2023-06-17,,active,182,2499
S000618,A000618,PLN_STARTER,2024-12-11,,active,5,49
S000619,A000619,PLN_STARTER,2025-03-15,,active,4,49
S000620,A000620,PLN_GROWTH,2025-03-17,,active,16,199
S000621,A000621,PLN_SCALE,2025-08-23,,active,72,799
S000622,A000622,PLN_STARTER,2023-10-23,,active,2,49
S000623,A000623,PLN_GROWTH,2023-04-18,2024-08-29,cancelled,23,223
S000624,A000624,PLN_SCALE,2023-01-22,,active,59,799
S000625,A000625,PLN_GROWTH,2025-03-18,,active,18,199
S000626,A000626,PLN_GROWTH,2025-05-28,,active,10,199
S000627,A000627,PLN_ENTERPRISE,2023-04-30,,active,270,2499
S000628,A000628,PLN_GROWTH,2023-05-08,2023-10-03,cancelled,10,199
S000629,A000629,PLN_GROWTH,2024-08-12,2025-07-27,cancelled,16,199
S000630,A000630,PLN_GROWTH,2025-01-27,,active,21,207
S000631,A000631,PLN_STARTER,2024-09-02,2025-12-03,cancelled,2,49
S000632,A000632,PLN_GROWTH,2024-08-29,,active,26,247
S000633,A000633,PLN_SCALE,2025-09-10,,active,52,799
S000634,A000634,PLN_STARTER,2023-08-23,,active,5,49
S000635,A000635,PLN_GROWTH,2025-07-14,,active,23,223
S000636,A000636,PLN_GROWTH,2025-10-21,,active,17,199
S000637,A000637,PLN_STARTER,2025-06-22,,active,6,59
S000638,A000638,PLN_STARTER,2024-05-09,,active,6,59
S000639,A000639,PLN_STARTER,2024-05-25,,active,6,59
S000640,A000640,PLN_GROWTH,2024-03-04,,active,11,199
S000641,A000641,PLN_GROWTH,2025-06-27,,active,18,199
S000642,A000642,PLN_GROWTH,2023-06-11,2023-10-25,cancelled,7,199
S000643,A000643,PLN_STARTER,2023-05-14,,active,3,49
S000644,A000644,PLN_SCALE,2023-11-14,2025-05-31,cancelled,86,799
S000645,A000645,PLN_GROWTH,2025-01-21,,active,10,199
S000646,A000646,PLN_STARTER,2023-12-08,,active,6,59
S000647,A000647,PLN_STARTER,2024-03-07,2025-04-23,cancelled,6,59
S000648,A000648,PLN_STARTER,2023-10-14,,active,5,49
S000649,A000649,PLN_GROWTH,2025-07-31,,active,25,239
S000650,A000650,PLN_GROWTH,2025-06-15,,active,14,199
S000651,A000651,PLN_GROWTH,2024-12-05,,active,17,199
S000652,A000652,PLN_GROWTH,2025-01-09,,active,25,239
S000653,A000653,PLN_STARTER,2024-02-13,2024-12-28,cancelled,3,49
S000654,A000654,PLN_GROWTH,2023-10-02,2024-07-02,cancelled,25,239
S000655,A000655,PLN_SCALE,2024-09-15,,active,132,991
S000656,A000656,PLN_SCALE,2024-12-03,,active,75,799
S000657,A000657,PLN_ENTERPRISE,2025-04-30,,active,521,2583
S000658,A000658,PLN_GROWTH,2024-06-08,,active,23,223
S000659,A000659,PLN_STARTER,2023-06-03,,active,3,49
S000660,A000660,PLN_GROWTH,2025-09-28,,active,12,199
S000661,A000661,PLN_STARTER,2025-07-11,2025-12-30,cancelled,2,49
S000662,A000662,PLN_STARTER,2023-11-04,,active,5,49
S000663,A000663,PLN_GROWTH,2025-03-02,,active,15,199
S000664,A000664,PLN_GROWTH,2023-03-01,,active,26,247
S000665,A000665,PLN_STARTER,2023-12-11,,active,4,49
S000666,A000666,PLN_STARTER,2023-09-19,2024-05-07,cancelled,4,49
S000667,A000667,PLN_SCALE,2023-12-19,,active,55,799
S000668,A000668,PLN_STARTER,2023-11-10,2025-01-30,cancelled,6,59
S000669,A000669,PLN_GROWTH,2025-02-04,,active,21,207
S000670,A000670,PLN_STARTER,2023-07-28,,active,4,49
S000671,A000671,PLN_STARTER,2023-08-04,,active,6,59
S000672,A000672,PLN_STARTER,2023-06-11,2025-02-16,cancelled,5,49
S000673,A000673,PLN_GROWTH,2023-11-25,,active,18,199
S000674,A000674,PLN_STARTER,2023-05-01,,active,4,49
S000675,A000675,PLN_GROWTH,2024-07-22,,active,25,239
S000676,A000676,PLN_SCALE,2023-05-25,2023-12-03,cancelled,50,799
S000677,A000677,PLN_ENTERPRISE,2024-06-04,,active,514,2555
S000678,A000678,PLN_SCALE,2024-10-28,,active,73,799
S000679,A000679,PLN_STARTER,2023-10-29,,active,2,49
S000680,A000680,PLN_ENTERPRISE,2023-10-15,,active,370,2499
S000681,A000681,PLN_ENTERPRISE,2025-08-21,,active,390,2499
S000682,A000682,PLN_GROWTH,2024-04-26,2025-06-09,cancelled,8,199
S000683,A000683,PLN_SCALE,2023-08-17,,active,62,799
S000684,A000684,PLN_GROWTH,2024-03-05,,active,24,231
S000685,A000685,PLN_STARTER,2024-01-18,2025-11-14,cancelled,5,49
S000686,A000686,PLN_STARTER,2025-03-24,2025-11-10,cancelled,2,49
S000687,A000687,PLN_SCALE,2023-05-02,2024-07-02,cancelled,132,991
S000688,A000688,PLN_GROWTH,2024-02-03,,active,19,199
S000689,A000689,PLN_STARTER,2024-09-19,2025-08-13,cancelled,2,49
S000690,A000690,PLN_GROWTH,2023-12-11,,active,22,215
S000691,A000691,PLN_SCALE,2024-01-14,,active,106,835
S000692,A000692,PLN_STARTER,2023-03-12,2024-04-30,cancelled,5,49
S000693,A000693,PLN_GROWTH,2024-11-11,,active,7,199
S000694,A000694,PLN_GROWTH,2023-05-21,,active,23,223
S000695,A000695,PLN_GROWTH,2024-09-24,,active,18,199
S000696,A000696,PLN_SCALE,2023-10-27,,active,121,925
S000697,A000697,PLN_GROWTH,2023-08-11,,active,21,207
S000698,A000698,PLN_GROWTH,2024-08-16,,active,8,199
S000699,A000699,PLN_STARTER,2025-09-21,,active,2,49
S000700,A000700,PLN_GROWTH,2024-04-03,2024-10-23,cancelled,12,199
S000701,A000701,PLN_SCALE,2025-05-28,,active,95,799
S000702,A000702,PLN_SCALE,2024-02-07,,active,73,799
S000703,A000703,PLN_GROWTH,2023-02-09,,active,12,199
S000704,A000704,PLN_GROWTH,2024-02-28,,active,20,199
S000705,A000705,PLN_SCALE,2025-05-22,2025-11-06,cancelled,89,799
S000706,A000706,PLN_SCALE,2024-04-11,,active,64,799
S000707,A000707,PLN_STARTER,2024-02-18,,active,4,49
S000708,A000708,PLN_ENTERPRISE,2025-04-10,,active,401,2499
S000709,A000709,PLN_STARTER,2023-03-15,,active,3,49
S000710,A000710,PLN_STARTER,2024-10-05,,active,3,49
S000711,A000711,PLN_GROWTH,2024-10-23,,active,19,199
S000712,A000712,PLN_ENTERPRISE,2024-10-08,2025-08-25,cancelled,197,2499
S000713,A000713,PLN_GROWTH,2024-11-09,,active,19,199
S000714,A000714,PLN_STARTER,2025-05-12,,active,3,49
S000715,A000715,PLN_STARTER,2024-03-01,,active,4,49
S000716,A000716,PLN_GROWTH,2024-12-18,,active,18,199
S000717,A000717,PLN_STARTER,2024-11-01,,active,4,49
S000718,A000718,PLN_STARTER,2023-03-16,,active,5,49
S000719,A000719,PLN_STARTER,2023-08-30,2024-02-25,cancelled,2,49
S000720,A000720,PLN_STARTER,2023-12-29,2025-12-01,cancelled,2,49
S000721,A000721,PLN_GROWTH,2024-10-20,,active,17,199
S000722,A000722,PLN_SCALE,2024-08-19,,active,77,799
S000723,A000723,PLN_GROWTH,2025-05-25,,active,15,199
S000724,A000724,PLN_STARTER,2024-12-02,,active,6,59
S000725,A000725,PLN_SCALE,2024-05-12,,active,71,799
S000726,A000726,PLN_STARTER,2023-08-06,2024-10-27,cancelled,3,49
S000727,A000727,PLN_STARTER,2023-06-14,,active,5,49
S000728,A000728,PLN_ENTERPRISE,2023-03-21,,active,466,2499
S000729,A000729,PLN_SCALE,2024-01-05,,active,80,799
S000730,A000730,PLN_STARTER,2023-06-17,2025-05-09,cancelled,4,49
S000731,A000731,PLN_STARTER,2024-05-06,,active,2,49
S000732,A000732,PLN_STARTER,2024-07-16,,active,1,49
S000733,A000733,PLN_SCALE,2025-01-19,,active,87,799
S000734,A000734,PLN_GROWTH,2025-04-08,,active,9,199
S000735,A000735,PLN_GROWTH,2024-01-13,,active,8,199
S000736,A000736,PLN_GROWTH,2023-07-19,,active,10,199
S000737,A000737,PLN_STARTER,2025-04-20,2025-09-07,cancelled,6,59
S000738,A000738,PLN_GROWTH,2025-09-14,,active,7,199
S000739,A000739,PLN_STARTER,2024-12-01,,active,6,59
S000740,A000740,PLN_STARTER,2024-12-18,,active,4,49
S000741,A000741,PLN_GROWTH,2025-07-19,,active,15,199
S000742,A000742,PLN_SCALE,2025-06-05,,active,127,961
S000743,A000743,PLN_ENTERPRISE,2023-12-13,2024-05-18,cancelled,426,2499
S000744,A000744,PLN_GROWTH,2023-08-23,,active,20,199
S000745,A000745,PLN_STARTER,2024-11-07,,active,3,49
S000746,A000746,PLN_SCALE,2024-11-07,,active,82,799
S000747,A000747,PLN_SCALE,2024-10-29,,active,129,973
S000748,A000748,PLN_SCALE,2023-10-06,2025-02-05,cancelled,112,871
S000749,A000749,PLN_STARTER,2023-11-11,,active,4,49
S000750,A000750,PLN_ENTERPRISE,2023-11-07,2024-08-04,cancelled,497,2499
S000751,A000751,PLN_GROWTH,2024-04-18,,active,18,199
S000752,A000752,PLN_GROWTH,2024-01-11,,active,7,199
S000753,A000753,PLN_STARTER,2023-11-28,,active,5,49
S000754,A000754,PLN_GROWTH,2024-05-30,,active,8,199
S000755,A000755,PLN_SCALE,2025-06-20,,active,44,799
S000756,A000756,PLN_STARTER,2024-01-18,2025-05-05,cancelled,4,49
S000757,A000757,PLN_GROWTH,2024-09-20,,active,18,199
S000758,A000758,PLN_GROWTH,2023-02-07,,active,26,247
S000759,A000759,PLN_GROWTH,2023-09-17,,active,10,199
S000760,A000760,PLN_GROWTH,2024-11-09,,active,23,223
S000761,A000761,PLN_STARTER,2023-09-24,,active,3,49
S000762,A000762,PLN_STARTER,2025-08-23,,active,3,49
S000763,A000763,PLN_STARTER,2023-04-28,,active,4,49
S000764,A000764,PLN_STARTER,2023-11-17,2024-07-30,cancelled,4,49
S000765,A000765,PLN_STARTER,2025-04-30,,active,4,49
S000766,A000766,PLN_STARTER,2023-06-05,,active,4,49
S000767,A000767,PLN_GROWTH,2023-09-20,,active,24,231
S000768,A000768,PLN_STARTER,2024-11-10,,active,2,49
S000769,A000769,PLN_SCALE,2023-07-03,,active,62,799
S000770,A000770,PLN_GROWTH,2023-03-30,,active,10,199
S000771,A000771,PLN_STARTER,2023-11-07,2024-10-26,cancelled,5,49
S000772,A000772,PLN_ENTERPRISE,2024-05-17,2025-06-06,cancelled,390,2499
S000773,A000773,PLN_STARTER,2024-08-24,,active,6,59
S000774,A000774,PLN_STARTER,2024-04-04,,active,3,49
S000775,A000775,PLN_GROWTH,2023-04-19,,active,15,199
S000776,A000776,PLN_STARTER,2024-09-07,,active,3,49
S000777,A000777,PLN_ENTERPRISE,2025-05-09,,active,270,2499
S000778,A000778,PLN_STARTER,2025-09-13,,active,5,49
S000779,A000779,PLN_SCALE,2025-09-10,,active,109,853
S000780,A000780,PLN_GROWTH,2024-08-02,,active,25,239
S000781,A000781,PLN_STARTER,2025-03-25,,active,2,49
S000782,A000782,PLN_SCALE,2025-09-30,,active,128,967
S000783,A000783,PLN_GROWTH,2024-07-31,,active,18,199
S000784,A000784,PLN_ENTERPRISE,2023-07-30,,active,400,2499
S000785,A000785,PLN_STARTER,2024-03-15,,active,3,49
S000786,A000786,PLN_GROWTH,2024-08-11,,active,13,199
S000787,A000787,PLN_GROWTH,2024-09-13,,active,26,247
S000788,A000788,PLN_STARTER,2024-01-15,2024-05-03,cancelled,2,49
S000789,A000789,PLN_GROWTH,2024-12-03,,active,26,247
S000790,A000790,PLN_SCALE,2024-09-04,,active,61,799
S000791,A000791,PLN_SCALE,2025-07-08,,active,70,799
S000792,A000792,PLN_GROWTH,2025-05-10,,active,22,215
S000793,A000793,PLN_STARTER,2023-12-29,,active,3,49
S000794,A000794,PLN_STARTER,2025-09-12,,active,4,49
S000795,A000795,PLN_GROWTH,2023-03-05,,active,23,223
S000796,A000796,PLN_SCALE,2023-05-25,2024-03-15,cancelled,106,835
S000797,A000797,PLN_STARTER,2023-01-10,,active,3,49
S000798,A000798,PLN_SCALE,2024-06-25,,active,121,925
S000799,A000799,PLN_STARTER,2024-08-04,,active,4,49
S000800,A000800,PLN_SCALE,2024-08-18,,active,130,979
S000801,A000801,PLN_GROWTH,2025-04-17,,active,25,239
S000802,A000802,PLN_SCALE,2025-01-16,,active,122,931
S000803,A000803,PLN_GROWTH,2023-10-29,,active,19,199
S000804,A000804,PLN_STARTER,2025-09-02,,active,4,49
S000805,A000805,PLN_STARTER,2024-09-23,,active,3,49
S000806,A000806,PLN_GROWTH,2023-03-04,,active,8,199
S000807,A000807,PLN_GROWTH,2024-04-12,,active,13,199
S000808,A000808,PLN_STARTER,2024-03-09,2024-11-21,cancelled,4,49
S000809,A000809,PLN_GROWTH,2025-08-28,,active,14,199
S000810,A000810,PLN_STARTER,2024-07-03,,active,3,49
S000811,A000811,PLN_STARTER,2024-07-01,,active,4,49
S000812,A000812,PLN_GROWTH,2025-02-28,,active,14,199
S000813,A000813,PLN_STARTER,2025-02-23,,active,2,49
S000814,A000814,PLN_STARTER,2024-12-05,2025-08-24,cancelled,3,49
S000815,A000815,PLN_GROWTH,2025-04-30,,active,20,199
S000816,A000816,PLN_SCALE,2023-07-13,,active,96,799
S000817,A000817,PLN_ENTERPRISE,2023-05-03,,active,229,2499
S000818,A000818,PLN_GROWTH,2024-08-08,,active,17,199
S000819,A000819,PLN_GROWTH,2024-08-14,,active,19,199
S000820,A000820,PLN_GROWTH,2024-03-23,,active,24,231
S000821,A000821,PLN_GROWTH,2025-03-17,,active,11,199
S000822,A000822,PLN_GROWTH,2024-06-21,2025-12-30,cancelled,10,199
S000823,A000823,PLN_GROWTH,2023-06-21,2024-01-29,cancelled,8,199
S000824,A000824,PLN_GROWTH,2025-10-24,,active,25,239
S000825,A000825,PLN_STARTER,2023-09-05,,active,6,59
S000826,A000826,PLN_GROWTH,2023-04-02,,active,8,199
S000827,A000827,PLN_GROWTH,2025-02-09,,active,18,199
S000828,A000828,PLN_STARTER,2023-12-27,2025-08-18,cancelled,6,59
S000829,A000829,PLN_STARTER,2024-08-12,,active,1,49
S000830,A000830,PLN_STARTER,2024-07-09,2025-10-19,cancelled,1,49
S000831,A000831,PLN_STARTER,2024-09-24,,active,2,49
S000832,A000832,PLN_GROWTH,2023-06-30,2024-07-10,cancelled,7,199
S000833,A000833,PLN_GROWTH,2023-08-23,,active,22,215
S000834,A000834,PLN_STARTER,2025-10-08,,active,2,49
S000835,A000835,PLN_SCALE,2024-03-02,,active,69,799
S000836,A000836,PLN_GROWTH,2025-02-01,,active,8,199
S000837,A000837,PLN_STARTER,2023-04-20,,active,4,49
S000838,A000838,PLN_STARTER,2023-11-18,,active,3,49
S000839,A000839,PLN_STARTER,2023-11-03,,active,2,49
S000840,A000840,PLN_SCALE,2025-09-21,,active,66,799
S000841,A000841,PLN_STARTER,2024-01-08,,active,5,49
S000842,A000842,PLN_GROWTH,2023-12-29,,active,25,239
S000843,A000843,PLN_GROWTH,2024-07-28,2025-07-13,cancelled,15,199
S000844,A000844,PLN_STARTER,2023-03-11,,active,4,49
S000845,A000845,PLN_GROWTH,2024-12-07,,active,25,239
S000846,A000846,PLN_STARTER,2023-09-12,,active,3,49
S000847,A000847,PLN_SCALE,2023-04-01,2024-12-17,cancelled,118,907
S000848,A000848,PLN_SCALE,2025-02-21,,active,99,799
S000849,A000849,PLN_STARTER,2024-06-10,,active,3,49
S000850,A000850,PLN_STARTER,2024-01-06,,active,1,49
S000851,A000851,PLN_SCALE,2025-02-28,,active,129,973
S000852,A000852,PLN_STARTER,2024-11-05,,active,6,59
S000853,A000853,PLN_STARTER,2024-07-31,2025-04-21,cancelled,2,49
S000854,A000854,PLN_SCALE,2025-01-16,,active,69,799
S000855,A000855,PLN_STARTER,2023-10-09,2025-09-26,cancelled,2,49
S000856,A000856,PLN_STARTER,2024-03-02,,active,2,49
S000857,A000857,PLN_GROWTH,2025-01-11,,active,9,199
S000858,A000858,PLN_STARTER,2024-04-09,,active,2,49
S000859,A000859,PLN_GROWTH,2023-12-30,,active,17,199
S000860,A000860,PLN_STARTER,2023-07-30,,active,4,49
S000861,A000861,PLN_GROWTH,2024-06-30,,active,24,231
S000862,A000862,PLN_STARTER,2024-03-12,,active,2,49
S000863,A000863,PLN_STARTER,2025-01-19,,active,4,49
S000864,A000864,PLN_STARTER,2025-08-30,,active,2,49
S000865,A000865,PLN_ENTERPRISE,2024-06-28,2025-05-17,cancelled,270,2499
S000866,A000866,PLN_GROWTH,2023-04-19,,active,18,199
S000867,A000867,PLN_STARTER,2023-07-30,,active,4,49
S000868,A000868,PLN_STARTER,2025-08-29,,active,2,49
S000869,A000869,PLN_ENTERPRISE,2024-12-08,,active,471,2499
S000870,A000870,PLN_GROWTH,2025-04-02,2025-07-26,cancelled,18,199
S000871,A000871,PLN_STARTER,2024-01-21,,active,1,49
S000872,A000872,PLN_STARTER,2024-12-21,,active,6,59
S000873,A000873,PLN_SCALE,2025-01-06,,active,127,961
S000874,A000874,PLN_STARTER,2023-09-16,2024-03-12,cancelled,5,49
S000875,A000875,PLN_SCALE,2024-07-04,,active,132,991
S000876,A000876,PLN_SCALE,2025-01-05,,active,36,799
S000877,A000877,PLN_SCALE,2023-10-15,,active,74,799
S000878,A000878,PLN_SCALE,2023-08-07,,active,99,799
S000879,A000879,PLN_SCALE,2025-10-06,,active,119,913
S000880,A000880,PLN_SCALE,2023-03-29,,active,47,799
S000881,A000881,PLN_SCALE,2023-02-25,2023-08-05,cancelled,109,853
S000882,A000882,PLN_STARTER,2025-06-09,,active,2,49
S000883,A000883,PLN_GROWTH,2024-09-22,,active,11,199
S000884,A000884,PLN_ENTERPRISE,2023-10-18,,active,425,2499
S000885,A000885,PLN_STARTER,2024-08-17,,active,5,49
S000886,A000886,PLN_GROWTH,2023-09-08,,active,23,223
S000887,A000887,PLN_STARTER,2024-09-12,,active,6,59
S000888,A000888,PLN_STARTER,2024-12-12,,active,5,49
S000889,A000889,PLN_STARTER,2023-09-25,,active,3,49
S000890,A000890,PLN_SCALE,2025-01-14,,active,73,799
S000891,A000891,PLN_SCALE,2024-01-20,,active,56,799
S000892,A000892,PLN_GROWTH,2023-06-03,,active,7,199
S000893,A000893,PLN_ENTERPRISE,2023-10-18,,active,395,2499
S000894,A000894,PLN_GROWTH,2024-11-08,,active,18,199
S000895,A000895,PLN_SCALE,2023-06-25,2024-12-19,cancelled,120,919
S000896,A000896,PLN_ENTERPRISE,2023-11-08,,active,267,2499
S000897,A000897,PLN_GROWTH,2024-11-30,,active,18,199
S000898,A000898,PLN_SCALE,2024-02-24,,active,92,799
S000899,A000899,PLN_GROWTH,2025-10-25,,active,10,199
S000900,A000900,PLN_GROWTH,2024-02-12,2025-04-06,cancelled,24,231
S000901,A000901,PLN_STARTER,2025-05-30,,active,4,49
S000902,A000902,PLN_STARTER,2023-08-14,2024-08-28,cancelled,4,49
S000903,A000903,PLN_STARTER,2023-12-17,,active,5,49
S000904,A000904,PLN_GROWTH,2025-01-03,,active,26,247
S000905,A000905,PLN_STARTER,2023-08-14,2025-03-28,cancelled,1,49
S000906,A000906,PLN_GROWTH,2023-06-10,,active,18,199
S000907,A000907,PLN_STARTER,2025-03-25,,active,2,49
S000908,A000908,PLN_GROWTH,2024-11-28,,active,24,231
S000909,A000909,PLN_STARTER,2024-03-31,,active,4,49
S000910,A000910,PLN_STARTER,2023-03-01,,active,3,49
S000911,A000911,PLN_GROWTH,2024-12-17,,active,18,199
S000912,A000912,PLN_SCALE,2023-02-19,,active,37,799
S000913,A000913,PLN_STARTER,2024-07-05,,active,2,49
S000914,A000914,PLN_STARTER,2024-05-06,,active,4,49
S000915,A000915,PLN_STARTER,2023-08-06,,active,3,49
S000916,A000916,PLN_SCALE,2024-02-21,,active,44,799
S000917,A000917,PLN_STARTER,2024-04-13,2025-12-18,cancelled,4,49
S000918,A000918,PLN_STARTER,2025-02-17,,active,4,49
S000919,A000919,PLN_SCALE,2024-11-30,,active,133,997
S000920,A000920,PLN_STARTER,2023-10-28,2024-12-25,cancelled,6,59
S000921,A000921,PLN_GROWTH,2023-01-18,,active,17,199
S000922,A000922,PLN_GROWTH,2023-03-03,,active,11,199
S000923,A000923,PLN_STARTER,2023-04-15,,active,5,49
S000924,A000924,PLN_GROWTH,2024-08-02,,active,7,199
S000925,A000925,PLN_GROWTH,2025-06-19,,active,25,239
S000926,A000926,PLN_STARTER,2023-06-30,2024-03-15,cancelled,3,49
S000927,A000927,PLN_SCALE,2023-12-29,,active,102,811
S000928,A000928,PLN_GROWTH,2025-08-16,,active,20,199
S000929,A000929,PLN_STARTER,2025-08-05,,active,5,49
S000930,A000930,PLN_STARTER,2024-12-19,,active,3,49
S000931,A000931,PLN_GROWTH,2024-08-14,2025-02-22,cancelled,9,199
S000932,A000932,PLN_SCALE,2023-05-11,2024-02-29,cancelled,79,799
S000933,A000933,PLN_STARTER,2025-02-18,,active,3,49
S000934,A000934,PLN_GROWTH,2023-01-29,2023-05-08,cancelled,23,223
S000935,A000935,PLN_STARTER,2025-04-10,,active,2,49
S000936,A000936,PLN_GROWTH,2023-07-06,,active,22,215
S000937,A000937,PLN_ENTERPRISE,2023-03-09,,active,454,2499
S000938,A000938,PLN_GROWTH,2023-09-10,,active,22,215
S000939,A000939,PLN_STARTER,2025-04-27,,active,4,49
S000940,A000940,PLN_SCALE,2023-07-07,,active,97,799
S000941,A000941,PLN_GROWTH,2025-05-15,,active,12,199
S000942,A000942,PLN_SCALE,2023-01-22,,active,78,799
S000943,A000943,PLN_GROWTH,2024-10-02,,active,19,199
S000944,A000944,PLN_STARTER,2023-07-07,,active,6,59
S000945,A000945,PLN_STARTER,2024-05-17,2025-12-16,cancelled,6,59
S000946,A000946,PLN_GROWTH,2023-07-31,,active,12,199
S000947,A000947,PLN_STARTER,2023-09-23,2025-03-05,cancelled,6,59
S000948,A000948,PLN_STARTER,2025-01-04,2025-06-06,cancelled,3,49
S000949,A000949,PLN_GROWTH,2023-03-12,2024-12-22,cancelled,15,199
S000950,A000950,PLN_GROWTH,2023-01-31,,active,9,199
S000951,A000951,PLN_GROWTH,2023-05-24,,active,15,199
S000952,A000952,PLN_GROWTH,2024-08-05,,active,7,199
S000953,A000953,PLN_STARTER,2025-04-10,,active,4,49
S000954,A000954,PLN_GROWTH,2023-01-10,2023-08-30,cancelled,8,199
S000955,A000955,PLN_STARTER,2025-06-10,,active,3,49
S000956,A000956,PLN_SCALE,2025-09-14,,active,73,799
S000957,A000957,PLN_STARTER,2025-06-20,,active,2,49
S000958,A000958,PLN_STARTER,2025-03-11,,active,4,49
S000959,A000959,PLN_GROWTH,2024-04-21,,active,9,199
S000960,A000960,PLN_STARTER,2024-02-16,2025-10-15,cancelled,4,49
S000961,A000961,PLN_ENTERPRISE,2024-08-30,,active,440,2499
S000962,A000962,PLN_STARTER,2024-03-16,,active,3,49
S000963,A000963,PLN_GROWTH,2023-06-29,,active,10,199
S000964,A000964,PLN_STARTER,2025-08-31,,active,6,59
S000965,A000965,PLN_GROWTH,2023-05-09,,active,13,199
S000966,A000966,PLN_GROWTH,2023-05-03,,active,17,199
S000967,A000967,PLN_GROWTH,2024-05-19,2025-06-08,cancelled,22,215
S000968,A000968,PLN_GROWTH,2023-11-04,,active,22,215
S000969,A000969,PLN_STARTER,2023-07-23,2025-03-27,cancelled,3,49
S000970,A000970,PLN_SCALE,2023-08-08,,active,102,811
S000971,A000971,PLN_STARTER,2024-04-16,,active,3,49
S000972,A000972,PLN_STARTER,2024-08-31,,active,4,49
S000973,A000973,PLN_SCALE,2024-07-14,,active,65,799
S000974,A000974,PLN_GROWTH,2023-12-05,2025-06-27,cancelled,9,199
S000975,A000975,PLN_STARTER,2023-08-26,,active,5,49
S000976,A000976,PLN_GROWTH,2024-05-16,2025-09-06,cancelled,11,199
S000977,A000977,PLN_SCALE,2024-10-08,2025-02-19,cancelled,54,799
S000978,A000978,PLN_SCALE,2025-10-15,,active,109,853
S000979,A000979,PLN_GROWTH,2023-01-31,,active,12,199
S000980,A000980,PLN_GROWTH,2025-09-24,,active,25,239
S000981,A000981,PLN_STARTER,2024-09-20,,active,5,49
S000982,A000982,PLN_STARTER,2023-04-13,,active,6,59
S000983,A000983,PLN_STARTER,2025-09-05,,active,3,49
S000984,A000984,PLN_STARTER,2024-08-14,,active,5,49
S000985,A000985,PLN_STARTER,2024-12-18,,active,4,49
S000986,A000986,PLN_STARTER,2023-05-21,,active,3,49
S000987,A000987,PLN_GROWTH,2025-01-20,,active,22,215
S000988,A000988,PLN_SCALE,2023-02-20,2023-09-21,cancelled,39,799
S000989,A000989,PLN_GROWTH,2024-04-21,,active,20,199
S000990,A000990,PLN_ENTERPRISE,2024-01-27,2025-10-04,cancelled,444,2499
S000991,A000991,PLN_SCALE,2025-06-06,,active,52,799
S000992,A000992,PLN_GROWTH,2024-02-29,,active,15,199
S000993,A000993,PLN_SCALE,2024-02-06,,active,131,985
S000994,A000994,PLN_STARTER,2023-06-22,,active,1,49
S000995,A000995,PLN_STARTER,2023-10-09,2024-03-29,cancelled,2,49
S000996,A000996,PLN_ENTERPRISE,2024-06-16,,active,342,2499
S000997,A000997,PLN_GROWTH,2023-06-04,2024-08-31,cancelled,21,207
S000998,A000998,PLN_GROWTH,2024-02-17,,active,18,199
S000999,A000999,PLN_GROWTH,2024-07-24,2025-04-08,cancelled,17,199
S001000,A001000,PLN_STARTER,2025-02-28,2025-08-23,cancelled,3,49
S001001,A001001,PLN_STARTER,2024-06-01,,active,6,59
S001002,A001002,PLN_STARTER,2023-06-13,2024-08-31,cancelled,4,49
S001003,A001003,PLN_STARTER,2024-01-16,,active,5,49
S001004,A001004,PLN_GROWTH,2024-06-02,,active,11,199
S001005,A001005,PLN_SCALE,2023-04-04,2024-02-08,cancelled,76,799
S001006,A001006,PLN_SCALE,2023-11-27,,active,46,799
S001007,A001007,PLN_GROWTH,2023-09-09,,active,19,199
S001008,A001008,PLN_STARTER,2024-01-27,,active,3,49
S001009,A001009,PLN_GROWTH,2024-10-23,,active,14,199
S001010,A001010,PLN_SCALE,2024-08-31,,active,46,799
S001011,A001011,PLN_GROWTH,2023-12-12,,active,17,199
S001012,A001012,PLN_STARTER,2025-05-21,,active,2,49
S001013,A001013,PLN_GROWTH,2023-11-26,2024-06-04,cancelled,25,239
S001014,A001014,PLN_SCALE,2023-02-04,,active,65,799
S001015,A001015,PLN_SCALE,2024-08-12,,active,36,799
S001016,A001016,PLN_GROWTH,2024-07-15,,active,21,207
S001017,A001017,PLN_STARTER,2023-11-27,,active,6,59
S001018,A001018,PLN_GROWTH,2025-04-21,,active,17,199
S001019,A001019,PLN_STARTER,2025-05-08,,active,3,49
S001020,A001020,PLN_STARTER,2023-01-08,,active,4,49
S001021,A001021,PLN_STARTER,2023-08-28,2024-01-29,cancelled,5,49
S001022,A001022,PLN_GROWTH,2023-06-10,,active,24,231
S001023,A001023,PLN_STARTER,2025-03-25,,active,2,49
S001024,A001024,PLN_STARTER,2023-07-22,,active,2,49
S001025,A001025,PLN_STARTER,2024-01-21,,active,4,49
S001026,A001026,PLN_SCALE,2025-04-22,,active,58,799
S001027,A001027,PLN_STARTER,2024-09-28,,active,3,49
S001028,A001028,PLN_GROWTH,2025-09-11,,active,25,239
S001029,A001029,PLN_STARTER,2023-05-09,2023-09-25,cancelled,4,49
S001030,A001030,PLN_GROWTH,2024-07-15,2024-10-26,cancelled,23,223
S001031,A001031,PLN_STARTER,2023-12-15,,active,2,49
S001032,A001032,PLN_STARTER,2025-09-02,,active,3,49
S001033,A001033,PLN_SCALE,2024-02-23,,active,36,799
S001034,A001034,PLN_STARTER,2023-05-25,,active,5,49
S001035,A001035,PLN_SCALE,2025-06-27,,active,92,799
S001036,A001036,PLN_SCALE,2024-03-02,2025-09-08,cancelled,107,841
S001037,A001037,PLN_GROWTH,2024-08-20,,active,23,223
S001038,A001038,PLN_STARTER,2025-02-21,,active,4,49
S001039,A001039,PLN_STARTER,2025-08-04,,active,6,59
S001040,A001040,PLN_SCALE,2023-09-26,,active,49,799
S001041,A001041,PLN_STARTER,2024-03-18,,active,3,49
S001042,A001042,PLN_GROWTH,2025-09-01,,active,7,199
S001043,A001043,PLN_ENTERPRISE,2023-01-24,2024-03-11,cancelled,362,2499
S001044,A001044,PLN_STARTER,2025-08-16,,active,6,59
S001045,A001045,PLN_SCALE,2023-12-07,2024-06-03,cancelled,48,799
S001046,A001046,PLN_ENTERPRISE,2023-01-25,2024-02-15,cancelled,241,2499
S001047,A001047,PLN_GROWTH,2023-08-26,,active,24,231
S001048,A001048,PLN_STARTER,2024-01-28,,active,4,49
S001049,A001049,PLN_STARTER,2024-01-05,,active,3,49
S001050,A001050,PLN_STARTER,2024-12-31,,active,5,49
S001051,A001051,PLN_STARTER,2024-08-02,,active,5,49
S001052,A001052,PLN_STARTER,2025-04-08,,active,2,49
S001053,A001053,PLN_STARTER,2025-01-01,,active,5,49
S001054,A001054,PLN_SCALE,2024-09-14,,active,87,799
S001055,A001055,PLN_STARTER,2025-03-10,,active,4,49
S001056,A001056,PLN_GROWTH,2025-02-24,,active,9,199
S001057,A001057,PLN_SCALE,2024-04-04,,active,73,799
S001058,A001058,PLN_STARTER,2023-05-24,2024-05-04,cancelled,4,49
S001059,A001059,PLN_GROWTH,2024-08-20,,active,23,223
S001060,A001060,PLN_STARTER,2025-04-11,,active,2,49
S001061,A001061,PLN_STARTER,2023-03-07,,active,4,49
S001062,A001062,PLN_STARTER,2025-10-02,,active,2,49
S001063,A001063,PLN_SCALE,2023-11-26,2025-10-25,cancelled,84,799
S001064,A001064,PLN_STARTER,2024-04-03,,active,4,49
S001065,A001065,PLN_GROWTH,2023-06-16,2024-05-19,cancelled,22,215
S001066,A001066,PLN_STARTER,2025-07-28,,active,4,49
S001067,A001067,PLN_GROWTH,2025-04-23,,active,13,199
S001068,A001068,PLN_STARTER,2025-02-27,2025-12-29,cancelled,6,59
S001069,A001069,PLN_STARTER,2023-04-30,2024-11-14,cancelled,2,49
S001070,A001070,PLN_STARTER,2023-04-08,,active,4,49
S001071,A001071,PLN_SCALE,2025-06-06,,active,76,799
S001072,A001072,PLN_STARTER,2025-01-22,,active,5,49
S001073,A001073,PLN_GROWTH,2023-02-20,,active,15,199
S001074,A001074,PLN_GROWTH,2024-09-27,2025-02-06,cancelled,12,199
S001075,A001075,PLN_STARTER,2023-05-24,,active,5,49
S001076,A001076,PLN_SCALE,2025-08-10,,active,84,799
S001077,A001077,PLN_STARTER,2023-07-14,2025-01-17,cancelled,4,49
S001078,A001078,PLN_STARTER,2025-04-30,,active,2,49
S001079,A001079,PLN_SCALE,2023-03-21,,active,35,799
S001080,A001080,PLN_ENTERPRISE,2025-02-16,,active,418,2499
S001081,A001081,PLN_GROWTH,2024-06-29,,active,10,199
S001082,A001082,PLN_SCALE,2025-05-15,,active,51,799
S001083,A001083,PLN_GROWTH,2024-08-20,,active,26,247
S001084,A001084,PLN_STARTER,2025-08-25,,active,4,49
S001085,A001085,PLN_GROWTH,2023-05-23,,active,9,199
S001086,A001086,PLN_GROWTH,2024-02-18,2024-12-24,cancelled,11,199
S001087,A001087,PLN_ENTERPRISE,2025-03-08,,active,239,2499
S001088,A001088,PLN_STARTER,2024-03-13,,active,2,49
S001089,A001089,PLN_GROWTH,2025-07-19,,active,16,199
S001090,A001090,PLN_STARTER,2024-07-29,,active,6,59
S001091,A001091,PLN_STARTER,2024-08-17,,active,2,49
S001092,A001092,PLN_STARTER,2024-10-28,,active,2,49
S001093,A001093,PLN_GROWTH,2023-12-10,,active,18,199
S001094,A001094,PLN_STARTER,2023-12-21,,active,2,49
S001095,A001095,PLN_STARTER,2024-10-23,2025-02-19,cancelled,3,49
S001096,A001096,PLN_GROWTH,2025-03-26,,active,15,199
S001097,A001097,PLN_STARTER,2023-09-28,,active,1,49
S001098,A001098,PLN_STARTER,2024-11-03,,active,3,49
S001099,A001099,PLN_GROWTH,2024-06-08,,active,15,199
S001100,A001100,PLN_ENTERPRISE,2023-08-05,2025-05-06,cancelled,238,2499
S001101,A001101,PLN_STARTER,2024-03-17,,active,6,59
S001102,A001102,PLN_STARTER,2023-12-13,,active,2,49
S001103,A001103,PLN_ENTERPRISE,2025-07-19,,active,524,2595
S001104,A001104,PLN_GROWTH,2024-06-19,2025-11-11,cancelled,12,199
S001105,A001105,PLN_STARTER,2025-07-17,,active,4,49
S001106,A001106,PLN_STARTER,2023-03-06,,active,4,49
S001107,A001107,PLN_GROWTH,2025-03-31,,active,20,199
S001108,A001108,PLN_STARTER,2025-10-22,,active,1,49
S001109,A001109,PLN_GROWTH,2025-10-11,,active,9,199
S001110,A001110,PLN_STARTER,2024-11-24,,active,5,49
S001111,A001111,PLN_GROWTH,2023-05-06,,active,13,199
S001112,A001112,PLN_SCALE,2024-03-05,,active,44,799
S001113,A001113,PLN_STARTER,2024-08-24,,active,3,49
S001114,A001114,PLN_STARTER,2024-04-15,2025-12-19,cancelled,4,49
S001115,A001115,PLN_ENTERPRISE,2024-06-11,,active,434,2499
S001116,A001116,PLN_GROWTH,2024-10-17,,active,24,231
S001117,A001117,PLN_STARTER,2024-06-13,2025-08-21,cancelled,4,49
S001118,A001118,PLN_STARTER,2024-04-07,,active,2,49
S001119,A001119,PLN_STARTER,2023-12-04,,active,3,49
S001120,A001120,PLN_STARTER,2025-02-16,,active,2,49
S001121,A001121,PLN_STARTER,2023-04-09,2023-10-07,cancelled,4,49
S001122,A001122,PLN_GROWTH,2024-01-07,,active,24,231
S001123,A001123,PLN_SCALE,2025-05-22,,active,128,967
S001124,A001124,PLN_STARTER,2023-08-26,,active,2,49
S001125,A001125,PLN_STARTER,2024-05-24,,active,4,49
S001126,A001126,PLN_SCALE,2025-08-03,,active,118,907
S001127,A001127,PLN_ENTERPRISE,2025-03-23,,active,339,2499
S001128,A001128,PLN_STARTER,2025-02-25,,active,2,49
S001129,A001129,PLN_SCALE,2023-07-23,2024-11-06,cancelled,120,919
S001130,A001130,PLN_GROWTH,2025-05-09,,active,21,207
S001131,A001131,PLN_STARTER,2025-08-23,,active,4,49
S001132,A001132,PLN_GROWTH,2025-01-30,,active,10,199
S001133,A001133,PLN_GROWTH,2024-04-22,,active,14,199
S001134,A001134,PLN_ENTERPRISE,2024-01-10,2025-02-08,cancelled,218,2499
S001135,A001135,PLN_STARTER,2024-02-28,,active,4,49
S001136,A001136,PLN_GROWTH,2023-09-06,,active,18,199
S001137,A001137,PLN_SCALE,2024-04-08,,active,124,943
S001138,A001138,PLN_GROWTH,2024-12-30,,active,8,199
S001139,A001139,PLN_GROWTH,2025-06-06,,active,12,199
S001140,A001140,PLN_ENTERPRISE,2023-06-21,2023-11-26,cancelled,337,2499
S001141,A001141,PLN_GROWTH,2025-09-29,,active,8,199
S001142,A001142,PLN_GROWTH,2023-05-03,,active,25,239
S001143,A001143,PLN_STARTER,2023-06-04,2025-04-29,cancelled,2,49
S001144,A001144,PLN_STARTER,2025-09-06,,active,6,59
S001145,A001145,PLN_STARTER,2024-05-01,2025-01-14,cancelled,4,49
S001146,A001146,PLN_STARTER,2024-09-06,,active,5,49
S001147,A001147,PLN_STARTER,2024-11-18,,active,2,49
S001148,A001148,PLN_GROWTH,2025-09-14,,active,9,199
S001149,A001149,PLN_STARTER,2024-11-16,,active,2,49
S001150,A001150,PLN_GROWTH,2024-10-13,,active,19,199
S001151,A001151,PLN_GROWTH,2025-02-10,,active,21,207
S001152,A001152,PLN_GROWTH,2025-01-18,,active,9,199
S001153,A001153,PLN_STARTER,2023-07-21,,active,3,49
S001154,A001154,PLN_GROWTH,2023-12-31,2025-10-23,cancelled,14,199
S001155,A001155,PLN_STARTER,2024-01-04,2025-03-14,cancelled,2,49
S001156,A001156,PLN_GROWTH,2025-07-26,,active,18,199
S001157,A001157,PLN_SCALE,2025-07-06,,active,64,799
S001158,A001158,PLN_STARTER,2025-04-01,,active,6,59
S001159,A001159,PLN_ENTERPRISE,2025-07-16,,active,326,2499
S001160,A001160,PLN_STARTER,2025-07-01,,active,4,49
S001161,A001161,PLN_GROWTH,2025-07-04,,active,24,231
S001162,A001162,PLN_STARTER,2023-04-27,2024-07-29,cancelled,4,49
S001163,A001163,PLN_STARTER,2024-04-01,2024-09-13,cancelled,2,49
S001164,A001164,PLN_GROWTH,2025-07-28,,active,16,199
S001165,A001165,PLN_STARTER,2025-06-27,,active,2,49
S001166,A001166,PLN_STARTER,2024-03-10,2024-08-03,cancelled,2,49
S001167,A001167,PLN_ENTERPRISE,2025-05-11,,active,498,2499
S001168,A001168,PLN_STARTER,2024-10-05,,active,2,49
S001169,A001169,PLN_GROWTH,2024-03-11,,active,17,199
S001170,A001170,PLN_GROWTH,2025-08-07,,active,25,239
S001171,A001171,PLN_STARTER,2025-01-24,,active,2,49
S001172,A001172,PLN_STARTER,2023-06-29,,active,3,49
S001173,A001173,PLN_GROWTH,2024-05-17,2025-07-18,cancelled,9,199
S001174,A001174,PLN_STARTER,2024-08-12,,active,4,49
S001175,A001175,PLN_STARTER,2024-11-18,,active,3,49
S001176,A001176,PLN_STARTER,2023-05-28,,active,3,49
S001177,A001177,PLN_GROWTH,2024-09-25,,active,10,199
S001178,A001178,PLN_GROWTH,2024-12-13,,active,19,199
S001179,A001179,PLN_STARTER,2024-05-06,,active,2,49
S001180,A001180,PLN_STARTER,2024-04-30,,active,4,49
S001181,A001181,PLN_STARTER,2024-11-08,,active,6,59
S001182,A001182,PLN_SCALE,2025-04-11,,active,49,799
S001183,A001183,PLN_STARTER,2024-04-28,,active,2,49
S001184,A001184,PLN_STARTER,2025-07-17,,active,2,49
S001185,A001185,PLN_GROWTH,2023-07-27,,active,16,199
S001186,A001186,PLN_SCALE,2024-06-07,,active,43,799
S001187,A001187,PLN_STARTER,2023-04-20,,active,2,49
S001188,A001188,PLN_STARTER,2025-05-23,,active,4,49
S001189,A001189,PLN_STARTER,2025-06-08,,active,2,49
S001190,A001190,PLN_STARTER,2025-08-04,,active,3,49
S001191,A001191,PLN_STARTER,2024-05-15,,active,1,49
S001192,A001192,PLN_STARTER,2024-11-26,,active,6,59
S001193,A001193,PLN_STARTER,2024-01-06,,active,4,49
S001194,A001194,PLN_STARTER,2023-11-17,,active,6,59
S001195,A001195,PLN_STARTER,2024-03-14,2024-12-08,cancelled,6,59
S001196,A001196,PLN_STARTER,2024-05-19,2025-04-28,cancelled,2,49
S001197,A001197,PLN_GROWTH,2023-06-05,,active,21,207
S001198,A001198,PLN_STARTER,2024-11-29,,active,2,49
S001199,A001199,PLN_GROWTH,2023-07-27,,active,25,239
S001200,A001200,PLN_SCALE,2023-08-09,2025-07-21,cancelled,57,799
S001201,A001201,PLN_SCALE,2024-01-04,2025-09-08,cancelled,82,799
S001202,A001202,PLN_STARTER,2024-10-01,2025-02-28,cancelled,4,49
S001203,A001203,PLN_SCALE,2024-02-27,,active,115,889
S001204,A001204,PLN_GROWTH,2025-07-10,,active,23,223
S001205,A001205,PLN_STARTER,2023-08-28,2024-10-24,cancelled,2,49
S001206,A001206,PLN_ENTERPRISE,2025-06-16,,active,478,2499
S001207,A001207,PLN_GROWTH,2024-05-06,2025-11-05,cancelled,7,199
S001208,A001208,PLN_STARTER,2024-03-19,,active,3,49
S001209,A001209,PLN_STARTER,2024-12-18,,active,4,49
S001210,A001210,PLN_GROWTH,2023-03-30,,active,14,199
S001211,A001211,PLN_STARTER,2023-05-11,2024-09-15,cancelled,5,49
S001212,A001212,PLN_STARTER,2025-08-07,,active,3,49
S001213,A001213,PLN_STARTER,2024-11-24,,active,4,49
S001214,A001214,PLN_STARTER,2023-08-29,2024-03-10,cancelled,6,59
S001215,A001215,PLN_STARTER,2025-02-19,,active,4,49
S001216,A001216,PLN_STARTER,2023-01-28,,active,4,49
S001217,A001217,PLN_GROWTH,2023-10-02,,active,24,231
S001218,A001218,PLN_GROWTH,2024-04-23,,active,12,199
S001219,A001219,PLN_GROWTH,2025-10-03,,active,15,199
S001220,A001220,PLN_STARTER,2025-02-09,,active,2,49
S001221,A001221,PLN_STARTER,2023-09-24,,active,5,49
S001222,A001222,PLN_STARTER,2024-09-08,,active,6,59
S001223,A001223,PLN_STARTER,2023-02-24,,active,4,49
S001224,A001224,PLN_STARTER,2023-12-28,,active,4,49
S001225,A001225,PLN_GROWTH,2023-03-25,,active,20,199
S001226,A001226,PLN_GROWTH,2025-09-12,,active,18,199
S001227,A001227,PLN_STARTER,2025-01-31,,active,5,49
S001228,A001228,PLN_GROWTH,2023-10-01,,active,26,247
S001229,A001229,PLN_STARTER,2023-02-27,2023-10-04,cancelled,6,59
S001230,A001230,PLN_GROWTH,2024-08-05,,active,18,199
S001231,A001231,PLN_STARTER,2025-03-09,,active,3,49
S001232,A001232,PLN_GROWTH,2023-03-01,,active,21,207
S001233,A001233,PLN_SCALE,2023-07-20,,active,54,799
S001234,A001234,PLN_GROWTH,2025-09-10,,active,25,239
S001235,A001235,PLN_GROWTH,2023-04-28,,active,10,199
S001236,A001236,PLN_SCALE,2025-08-19,,active,98,799
S001237,A001237,PLN_STARTER,2025-05-25,2025-10-03,cancelled,5,49
S001238,A001238,PLN_GROWTH,2023-08-23,,active,16,199
S001239,A001239,PLN_GROWTH,2023-12-07,2024-05-29,cancelled,16,199
S001240,A001240,PLN_GROWTH,2024-06-04,,active,26,247
S001241,A001241,PLN_GROWTH,2024-03-22,,active,10,199
S001242,A001242,PLN_GROWTH,2023-03-01,,active,16,199
S001243,A001243,PLN_GROWTH,2024-10-17,,active,13,199
S001244,A001244,PLN_STARTER,2023-09-18,,active,5,49
S001245,A001245,PLN_STARTER,2025-01-27,,active,5,49
S001246,A001246,PLN_STARTER,2025-01-05,2025-05-20,cancelled,4,49
S001247,A001247,PLN_SCALE,2024-10-11,,active,113,877
S001248,A001248,PLN_SCALE,2024-06-03,,active,35,799
S001249,A001249,PLN_STARTER,2025-09-29,,active,2,49
S001250,A001250,PLN_STARTER,2024-02-26,,active,3,49
S001251,A001251,PLN_STARTER,2024-10-22,,active,5,49
S001252,A001252,PLN_GROWTH,2025-09-28,,active,26,247
S001253,A001253,PLN_GROWTH,2023-09-30,,active,18,199
S001254,A001254,PLN_STARTER,2023-02-08,,active,3,49
S001255,A001255,PLN_STARTER,2023-09-06,,active,6,59
S001256,A001256,PLN_STARTER,2025-01-17,,active,4,49
S001257,A001257,PLN_GROWTH,2024-11-03,2025-05-11,cancelled,24,231
S001258,A001258,PLN_GROWTH,2023-05-04,,active,20,199
S001259,A001259,PLN_ENTERPRISE,2023-12-06,2024-11-18,cancelled,365,2499
S001260,A001260,PLN_STARTER,2025-05-21,,active,5,49
S001261,A001261,PLN_STARTER,2025-10-24,,active,3,49
S001262,A001262,PLN_ENTERPRISE,2023-07-26,,active,266,2499
S001263,A001263,PLN_STARTER,2023-07-06,,active,4,49
S001264,A001264,PLN_GROWTH,2024-08-04,,active,13,199
S001265,A001265,PLN_STARTER,2024-10-17,,active,3,49
S001266,A001266,PLN_STARTER,2025-04-24,,active,3,49
S001267,A001267,PLN_STARTER,2023-02-24,,active,5,49
S001268,A001268,PLN_GROWTH,2025-06-26,,active,7,199
S001269,A001269,PLN_STARTER,2023-11-20,2025-01-17,cancelled,3,49
S001270,A001270,PLN_SCALE,2023-08-31,,active,49,799
S001271,A001271,PLN_GROWTH,2023-11-16,,active,20,199
S001272,A001272,PLN_ENTERPRISE,2024-11-03,,active,295,2499
S001273,A001273,PLN_GROWTH,2023-02-11,2023-11-29,cancelled,24,231
S001274,A001274,PLN_STARTER,2024-03-27,,active,5,49
S001275,A001275,PLN_STARTER,2025-06-27,,active,6,59
S001276,A001276,PLN_STARTER,2025-05-08,,active,5,49
S001277,A001277,PLN_GROWTH,2023-10-24,2024-07-23,cancelled,19,199
S001278,A001278,PLN_GROWTH,2024-06-12,,active,18,199
S001279,A001279,PLN_STARTER,2023-06-07,,active,2,49
S001280,A001280,PLN_GROWTH,2025-08-25,,active,7,199
S001281,A001281,PLN_STARTER,2025-01-31,,active,2,49
S001282,A001282,PLN_GROWTH,2025-03-29,,active,21,207
S001283,A001283,PLN_ENTERPRISE,2023-09-19,,active,369,2499
S001284,A001284,PLN_STARTER,2024-06-20,,active,2,49
S001285,A001285,PLN_SCALE,2024-05-14,,active,36,799
S001286,A001286,PLN_STARTER,2023-03-22,2023-10-18,cancelled,2,49
S001287,A001287,PLN_GROWTH,2025-08-10,,active,22,215
S001288,A001288,PLN_SCALE,2023-09-10,,active,108,847
S001289,A001289,PLN_STARTER,2025-03-15,2025-06-13,cancelled,2,49
S001290,A001290,PLN_SCALE,2025-10-11,,active,45,799
S001291,A001291,PLN_SCALE,2025-03-16,2025-12-10,cancelled,55,799
S001292,A001292,PLN_STARTER,2025-02-27,2025-07-02,cancelled,6,59
S001293,A001293,PLN_STARTER,2025-05-10,,active,6,59
S001294,A001294,PLN_STARTER,2025-09-06,,active,4,49
S001295,A001295,PLN_GROWTH,2024-04-27,2025-04-11,cancelled,19,199
S001296,A001296,PLN_STARTER,2023-12-15,,active,2,49
S001297,A001297,PLN_GROWTH,2023-06-29,,active,15,199
S001298,A001298,PLN_STARTER,2025-09-19,,active,2,49
S001299,A001299,PLN_ENTERPRISE,2023-03-11,,active,499,2499
S001300,A001300,PLN_GROWTH,2024-02-11,,active,20,199
S001301,A001301,PLN_STARTER,2024-12-20,,active,2,49
S001302,A001302,PLN_STARTER,2025-09-01,,active,5,49
S001303,A001303,PLN_STARTER,2023-09-24,,active,6,59
S001304,A001304,PLN_STARTER,2023-10-10,,active,6,59
S001305,A001305,PLN_STARTER,2024-02-27,,active,5,49
S001306,A001306,PLN_GROWTH,2023-11-28,2024-08-09,cancelled,25,239
S001307,A001307,PLN_SCALE,2024-10-05,,active,120,919
S001308,A001308,PLN_GROWTH,2024-12-06,,active,8,199
S001309,A001309,PLN_STARTER,2025-03-05,,active,4,49
S001310,A001310,PLN_GROWTH,2024-04-07,,active,20,199
S001311,A001311,PLN_SCALE,2023-06-18,,active,114,883
S001312,A001312,PLN_STARTER,2023-04-09,,active,3,49
S001313,A001313,PLN_GROWTH,2023-08-27,2024-02-02,cancelled,24,231
S001314,A001314,PLN_STARTER,2023-05-13,2024-08-17,cancelled,2,49
S001315,A001315,PLN_STARTER,2024-02-16,,active,3,49
S001316,A001316,PLN_STARTER,2023-12-06,2024-11-04,cancelled,4,49
S001317,A001317,PLN_GROWTH,2024-09-25,,active,8,199
S001318,A001318,PLN_SCALE,2025-08-28,,active,129,973
S001319,A001319,PLN_SCALE,2023-12-11,,active,46,799
S001320,A001320,PLN_GROWTH,2023-09-03,,active,12,199
S001321,A001321,PLN_STARTER,2025-09-04,,active,6,59
S001322,A001322,PLN_GROWTH,2023-03-19,2025-01-09,cancelled,10,199
S001323,A001323,PLN_GROWTH,2023-02-19,,active,10,199
S001324,A001324,PLN_GROWTH,2024-02-04,2025-02-07,cancelled,11,199
S001325,A001325,PLN_GROWTH,2023-08-03,,active,14,199
S001326,A001326,PLN_ENTERPRISE,2023-07-28,,active,442,2499
S001327,A001327,PLN_SCALE,2024-01-05,,active,113,877
S001328,A001328,PLN_GROWTH,2025-07-19,2025-10-31,cancelled,26,247
S001329,A001329,PLN_ENTERPRISE,2023-07-19,2024-12-09,cancelled,178,2499
S001330,A001330,PLN_GROWTH,2024-12-29,,active,15,199
S001331,A001331,PLN_STARTER,2023-08-19,2024-10-06,cancelled,5,49
S001332,A001332,PLN_STARTER,2024-07-26,,active,3,49
S001333,A001333,PLN_STARTER,2023-08-21,2025-01-31,cancelled,5,49
S001334,A001334,PLN_STARTER,2023-12-03,,active,2,49
S001335,A001335,PLN_GROWTH,2024-03-29,,active,11,199
S001336,A001336,PLN_GROWTH,2025-02-06,,active,11,199
S001337,A001337,PLN_STARTER,2025-03-15,,active,3,49
S001338,A001338,PLN_STARTER,2024-09-15,2025-12-15,cancelled,6,59
S001339,A001339,PLN_STARTER,2023-11-17,,active,6,59
S001340,A001340,PLN_STARTER,2024-04-09,,active,4,49
S001341,A001341,PLN_STARTER,2025-07-05,,active,5,49
S001342,A001342,PLN_GROWTH,2023-01-08,2023-04-26,cancelled,13,199
S001343,A001343,PLN_STARTER,2024-03-30,2025-04-29,cancelled,2,49
S001344,A001344,PLN_GROWTH,2025-02-10,,active,23,223
S001345,A001345,PLN_GROWTH,2024-05-12,,active,26,247
S001346,A001346,PLN_STARTER,2023-04-13,,active,5,49
S001347,A001347,PLN_STARTER,2024-11-17,,active,4,49
S001348,A001348,PLN_GROWTH,2023-06-12,2025-03-30,cancelled,23,223
S001349,A001349,PLN_STARTER,2024-09-04,,active,2,49
S001350,A001350,PLN_GROWTH,2025-08-10,,active,21,207
S001351,A001351,PLN_SCALE,2024-06-22,2024-09-30,cancelled,80,799
S001352,A001352,PLN_SCALE,2023-06-29,,active,69,799
S001353,A001353,PLN_STARTER,2023-05-13,,active,6,59
S001354,A001354,PLN_GROWTH,2024-07-07,,active,12,199
S001355,A001355,PLN_GROWTH,2024-04-22,,active,9,199
S001356,A001356,PLN_GROWTH,2023-04-07,,active,10,199
S001357,A001357,PLN_GROWTH,2025-01-02,,active,7,199
S001358,A001358,PLN_STARTER,2023-02-07,2023-07-25,cancelled,2,49
S001359,A001359,PLN_SCALE,2024-11-30,,active,116,895
S001360,A001360,PLN_GROWTH,2023-06-09,,active,16,199
S001361,A001361,PLN_GROWTH,2023-08-16,2025-04-17,cancelled,12,199
S001362,A001362,PLN_SCALE,2023-11-23,,active,74,799
S001363,A001363,PLN_STARTER,2024-04-27,,active,4,49
S001364,A001364,PLN_STARTER,2023-02-18,,active,5,49
S001365,A001365,PLN_GROWTH,2023-03-26,,active,11,199
S001366,A001366,PLN_STARTER,2024-01-11,2024-05-22,cancelled,1,49
S001367,A001367,PLN_ENTERPRISE,2025-02-25,,active,206,2499
S001368,A001368,PLN_STARTER,2024-04-08,,active,2,49
S001369,A001369,PLN_GROWTH,2025-10-20,,active,21,207
S001370,A001370,PLN_STARTER,2023-12-09,,active,4,49
S001371,A001371,PLN_SCALE,2025-07-14,,active,109,853
S001372,A001372,PLN_SCALE,2025-02-02,,active,104,823
S001373,A001373,PLN_STARTER,2025-08-30,,active,6,59
S001374,A001374,PLN_GROWTH,2025-06-24,,active,24,231
S001375,A001375,PLN_STARTER,2023-11-17,2024-12-25,cancelled,2,49
S001376,A001376,PLN_SCALE,2023-11-08,,active,131,985
S001377,A001377,PLN_STARTER,2024-01-24,,active,5,49
S001378,A001378,PLN_SCALE,2023-08-17,,active,46,799
S001379,A001379,PLN_STARTER,2024-10-18,,active,5,49
S001380,A001380,PLN_STARTER,2023-03-23,,active,3,49
S001381,A001381,PLN_STARTER,2024-03-02,,active,6,59
S001382,A001382,PLN_STARTER,2024-12-08,,active,4,49
S001383,A001383,PLN_GROWTH,2024-06-05,,active,21,207
S001384,A001384,PLN_SCALE,2023-11-10,,active,95,799
S001385,A001385,PLN_GROWTH,2023-08-05,,active,24,231
S001386,A001386,PLN_ENTERPRISE,2023-02-27,,active,258,2499
S001387,A001387,PLN_SCALE,2024-03-14,2025-11-06,cancelled,86,799
S001388,A001388,PLN_GROWTH,2024-09-19,,active,18,199
S001389,A001389,PLN_STARTER,2024-08-04,,active,6,59
S001390,A001390,PLN_GROWTH,2024-04-08,,active,13,199
S001391,A001391,PLN_STARTER,2024-08-29,,active,4,49
S001392,A001392,PLN_GROWTH,2025-05-03,2025-12-09,cancelled,16,199
S001393,A001393,PLN_STARTER,2024-12-18,,active,3,49
S001394,A001394,PLN_STARTER,2024-02-22,,active,2,49
S001395,A001395,PLN_ENTERPRISE,2024-04-27,,active,250,2499
S001396,A001396,PLN_STARTER,2024-12-18,2025-05-02,cancelled,3,49
S001397,A001397,PLN_STARTER,2024-03-05,2025-12-02,cancelled,4,49
S001398,A001398,PLN_SCALE,2025-09-22,,active,66,799
S001399,A001399,PLN_STARTER,2023-07-31,,active,6,59
S001400,A001400,PLN_SCALE,2023-04-04,2024-05-26,cancelled,105,829
S001401,A001401,PLN_STARTER,2023-08-05,,active,4,49
S001402,A001402,PLN_STARTER,2024-06-27,,active,5,49
S001403,A001403,PLN_ENTERPRISE,2025-05-07,,active,276,2499
S001404,A001404,PLN_STARTER,2024-01-28,,active,2,49
S001405,A001405,PLN_SCALE,2023-08-07,2024-08-22,cancelled,88,799
S001406,A001406,PLN_STARTER,2024-11-23,,active,4,49
S001407,A001407,PLN_GROWTH,2025-10-04,,active,11,199
S001408,A001408,PLN_STARTER,2024-11-07,,active,5,49
S001409,A001409,PLN_GROWTH,2023-03-25,2023-09-27,cancelled,16,199
S001410,A001410,PLN_GROWTH,2025-01-08,,active,24,231
S001411,A001411,PLN_STARTER,2025-05-07,,active,2,49
S001412,A001412,PLN_STARTER,2023-08-27,,active,5,49
S001413,A001413,PLN_STARTER,2024-12-25,,active,2,49
S001414,A001414,PLN_STARTER,2024-08-18,,active,4,49
S001415,A001415,PLN_STARTER,2025-02-12,,active,6,59
S001416,A001416,PLN_STARTER,2023-01-31,,active,2,49
S001417,A001417,PLN_STARTER,2023-02-23,,active,1,49
S001418,A001418,PLN_STARTER,2025-10-02,,active,5,49
S001419,A001419,PLN_STARTER,2023-12-16,,active,4,49
S001420,A001420,PLN_GROWTH,2024-09-23,,active,21,207
S001421,A001421,PLN_STARTER,2024-02-03,2024-09-11,cancelled,4,49
S001422,A001422,PLN_GROWTH,2024-03-18,,active,10,199
S001423,A001423,PLN_GROWTH,2023-11-18,2024-09-03,cancelled,25,239
S001424,A001424,PLN_GROWTH,2025-03-24,,active,20,199
S001425,A001425,PLN_STARTER,2024-06-16,,active,3,49
S001426,A001426,PLN_STARTER,2023-01-10,,active,2,49
S001427,A001427,PLN_GROWTH,2023-12-06,2025-05-15,cancelled,12,199
S001428,A001428,PLN_SCALE,2024-10-20,,active,80,799
S001429,A001429,PLN_STARTER,2025-03-17,,active,2,49
S001430,A001430,PLN_SCALE,2024-03-04,,active,133,997
S001431,A001431,PLN_STARTER,2024-03-16,,active,1,49
S001432,A001432,PLN_STARTER,2025-04-17,,active,4,49
S001433,A001433,PLN_STARTER,2024-09-03,,active,4,49
S001434,A001434,PLN_STARTER,2024-05-27,,active,2,49
S001435,A001435,PLN_SCALE,2025-06-08,,active,47,799
S001436,A001436,PLN_STARTER,2023-12-16,,active,6,59
S001437,A001437,PLN_STARTER,2023-03-17,2024-04-27,cancelled,4,49
S001438,A001438,PLN_STARTER,2025-07-25,,active,1,49
S001439,A001439,PLN_GROWTH,2025-02-25,2025-11-10,cancelled,15,199
S001440,A001440,PLN_GROWTH,2025-01-10,,active,8,199
S001441,A001441,PLN_GROWTH,2023-12-21,,active,13,199
S001442,A001442,PLN_STARTER,2024-12-05,2025-12-27,cancelled,5,49
S001443,A001443,PLN_STARTER,2024-05-08,2025-11-28,cancelled,3,49
S001444,A001444,PLN_GROWTH,2025-03-25,,active,21,207
S001445,A001445,PLN_GROWTH,2024-11-19,,active,10,199
S001446,A001446,PLN_STARTER,2024-10-11,,active,3,49
S001447,A001447,PLN_STARTER,2024-04-10,,active,6,59
S001448,A001448,PLN_GROWTH,2025-02-12,,active,25,239
S001449,A001449,PLN_STARTER,2023-08-10,2024-08-02,cancelled,5,49
S001450,A001450,PLN_SCALE,2024-12-31,,active,93,799
S001451,A001451,PLN_GROWTH,2024-05-17,,active,16,199
S001452,A001452,PLN_STARTER,2023-06-14,,active,3,49
S001453,A001453,PLN_GROWTH,2025-07-13,,active,7,199
S001454,A001454,PLN_GROWTH,2024-12-16,,active,8,199
S001455,A001455,PLN_GROWTH,2025-02-23,,active,7,199
S001456,A001456,PLN_GROWTH,2025-04-30,,active,9,199
S001457,A001457,PLN_GROWTH,2025-08-19,,active,10,199
S001458,A001458,PLN_STARTER,2024-02-22,,active,2,49
S001459,A001459,PLN_STARTER,2023-05-02,,active,4,49
S001460,A001460,PLN_STARTER,2025-04-27,,active,5,49
S001461,A001461,PLN_STARTER,2025-06-04,,active,4,49
S001462,A001462,PLN_GROWTH,2024-07-23,,active,17,199
S001463,A001463,PLN_STARTER,2025-09-14,,active,5,49
S001464,A001464,PLN_STARTER,2023-10-28,,active,4,49
S001465,A001465,PLN_STARTER,2025-06-23,,active,6,59
S001466,A001466,PLN_GROWTH,2025-05-16,,active,17,199
S001467,A001467,PLN_STARTER,2023-01-24,,active,3,49
S001468,A001468,PLN_GROWTH,2024-09-27,,active,24,231
S001469,A001469,PLN_SCALE,2025-07-13,,active,65,799
S001470,A001470,PLN_STARTER,2024-08-15,,active,6,59
S001471,A001471,PLN_STARTER,2024-04-05,,active,5,49
S001472,A001472,PLN_SCALE,2023-05-11,,active,50,799
S001473,A001473,PLN_GROWTH,2025-05-01,,active,9,199
S001474,A001474,PLN_GROWTH,2024-05-24,,active,11,199
S001475,A001475,PLN_STARTER,2025-01-22,,active,4,49
S001476,A001476,PLN_SCALE,2023-12-26,,active,127,961
S001477,A001477,PLN_STARTER,2023-05-12,,active,2,49
S001478,A001478,PLN_STARTER,2025-01-07,,active,5,49
S001479,A001479,PLN_STARTER,2023-04-05,,active,2,49
S001480,A001480,PLN_SCALE,2024-04-02,,active,68,799
S001481,A001481,PLN_STARTER,2025-05-25,,active,2,49
S001482,A001482,PLN_GROWTH,2023-06-10,,active,19,199
S001483,A001483,PLN_SCALE,2023-04-07,,active,95,799
S001484,A001484,PLN_GROWTH,2023-07-31,2024-04-17,cancelled,10,199
S001485,A001485,PLN_GROWTH,2024-07-12,,active,25,239
S001486,A001486,PLN_STARTER,2025-05-30,,active,5,49
S001487,A001487,PLN_SCALE,2025-02-25,,active,46,799
S001488,A001488,PLN_SCALE,2024-02-29,,active,52,799
S001489,A001489,PLN_GROWTH,2023-11-24,,active,13,199
S001490,A001490,PLN_STARTER,2024-12-16,,active,4,49
S001491,A001491,PLN_ENTERPRISE,2025-06-16,2025-12-30,cancelled,206,2499
S001492,A001492,PLN_STARTER,2024-02-23,,active,6,59
S001493,A001493,PLN_GROWTH,2023-04-28,,active,18,199
S001494,A001494,PLN_STARTER,2025-09-17,,active,2,49
S001495,A001495,PLN_STARTER,2023-05-18,2024-08-28,cancelled,3,49
S001496,A001496,PLN_STARTER,2024-05-22,,active,3,49
S001497,A001497,PLN_STARTER,2025-04-02,,active,6,59
S001498,A001498,PLN_STARTER,2024-02-26,,active,4,49
S001499,A001499,PLN_STARTER,2025-01-11,,active,2,49
S001500,A001500,PLN_STARTER,2025-08-29,,active,5,49
S001501,A001501,PLN_STARTER,2025-08-25,,active,5,49
S001502,A001502,PLN_STARTER,2023-06-15,,active,4,49
S001503,A001503,PLN_STARTER,2025-06-23,,active,4,49
S001504,A001504,PLN_STARTER,2025-07-01,,active,2,49
S001505,A001505,PLN_ENTERPRISE,2025-09-06,,active,486,2499
S001506,A001506,PLN_STARTER,2023-04-12,,active,6,59
S001507,A001507,PLN_STARTER,2024-03-03,,active,4,49
S001508,A001508,PLN_GROWTH,2023-04-07,,active,23,223
S001509,A001509,PLN_GROWTH,2024-01-23,,active,12,199
S001510,A001510,PLN_STARTER,2023-10-24,2024-03-02,cancelled,5,49
S001511,A001511,PLN_GROWTH,2024-03-08,,active,13,199
S001512,A001512,PLN_STARTER,2024-09-05,,active,2,49
S001513,A001513,PLN_GROWTH,2024-07-10,,active,8,199
S001514,A001514,PLN_STARTER,2023-02-28,2024-11-24,cancelled,4,49
S001515,A001515,PLN_STARTER,2025-03-16,,active,4,49
S001516,A001516,PLN_GROWTH,2024-03-17,2025-09-21,cancelled,22,215
S001517,A001517,PLN_STARTER,2025-10-05,,active,3,49
S001518,A001518,PLN_SCALE,2024-01-28,,active,59,799
S001519,A001519,PLN_STARTER,2025-07-17,,active,5,49
S001520,A001520,PLN_STARTER,2024-09-15,,active,1,49
S001521,A001521,PLN_STARTER,2024-10-06,,active,2,49
S001522,A001522,PLN_GROWTH,2025-06-29,,active,14,199
S001523,A001523,PLN_STARTER,2024-06-19,,active,4,49
S001524,A001524,PLN_STARTER,2023-05-27,,active,5,49
S001525,A001525,PLN_STARTER,2024-10-05,,active,2,49
S001526,A001526,PLN_STARTER,2024-08-13,,active,2,49
S001527,A001527,PLN_STARTER,2023-11-10,2024-11-02,cancelled,4,49
S001528,A001528,PLN_STARTER,2025-01-20,,active,5,49
S001529,A001529,PLN_GROWTH,2024-06-18,,active,10,199
S001530,A001530,PLN_GROWTH,2023-12-19,,active,17,199
S001531,A001531,PLN_STARTER,2025-04-25,,active,2,49
S001532,A001532,PLN_ENTERPRISE,2024-06-21,,active,419,2499
S001533,A001533,PLN_SCALE,2023-10-09,,active,76,799
S001534,A001534,PLN_STARTER,2023-12-07,,active,6,59
S001535,A001535,PLN_GROWTH,2024-09-14,,active,17,199
S001536,A001536,PLN_STARTER,2024-09-08,,active,4,49
S001537,A001537,PLN_GROWTH,2023-03-14,2024-06-28,cancelled,25,239
S001538,A001538,PLN_GROWTH,2024-08-10,,active,23,223
S001539,A001539,PLN_GROWTH,2024-08-25,,active,22,215
S001540,A001540,PLN_SCALE,2024-09-16,2025-02-09,cancelled,60,799
S001541,A001541,PLN_STARTER,2025-08-01,,active,5,49
S001542,A001542,PLN_STARTER,2023-09-29,,active,6,59
S001543,A001543,PLN_STARTER,2025-05-26,,active,6,59
S001544,A001544,PLN_STARTER,2025-02-26,,active,4,49
S001545,A001545,PLN_GROWTH,2023-10-13,,active,14,199
S001546,A001546,PLN_SCALE,2024-08-15,2025-03-22,cancelled,70,799
S001547,A001547,PLN_GROWTH,2023-03-12,,active,9,199
S001548,A001548,PLN_GROWTH,2024-12-09,,active,16,199
S001549,A001549,PLN_GROWTH,2023-01-22,,active,20,199
S001550,A001550,PLN_STARTER,2025-06-08,,active,3,49
S001551,A001551,PLN_STARTER,2023-07-20,,active,3,49
S001552,A001552,PLN_ENTERPRISE,2023-02-12,2024-05-03,cancelled,191,2499
S001553,A001553,PLN_STARTER,2024-11-24,,active,5,49
S001554,A001554,PLN_STARTER,2023-08-23,,active,2,49
S001555,A001555,PLN_SCALE,2025-07-29,,active,62,799
S001556,A001556,PLN_STARTER,2023-08-12,,active,4,49
S001557,A001557,PLN_ENTERPRISE,2025-05-07,,active,447,2499
S001558,A001558,PLN_STARTER,2024-12-26,,active,2,49
S001559,A001559,PLN_STARTER,2024-11-13,,active,3,49
S001560,A001560,PLN_STARTER,2024-08-06,,active,1,49
S001561,A001561,PLN_GROWTH,2024-09-04,2025-10-17,cancelled,7,199
S001562,A001562,PLN_STARTER,2023-08-14,2024-02-22,cancelled,2,49
S001563,A001563,PLN_GROWTH,2024-05-07,2025-09-18,cancelled,13,199
S001564,A001564,PLN_STARTER,2025-08-21,,active,4,49
S001565,A001565,PLN_SCALE,2023-12-09,2025-04-17,cancelled,62,799
S001566,A001566,PLN_STARTER,2025-08-06,,active,2,49
S001567,A001567,PLN_STARTER,2025-07-03,,active,4,49
S001568,A001568,PLN_GROWTH,2025-01-19,,active,15,199
S001569,A001569,PLN_GROWTH,2023-09-25,,active,20,199
S001570,A001570,PLN_STARTER,2023-02-26,2024-08-28,cancelled,5,49
S001571,A001571,PLN_STARTER,2024-09-10,,active,5,49
S001572,A001572,PLN_SCALE,2024-01-10,,active,132,991
S001573,A001573,PLN_STARTER,2023-07-24,,active,3,49
S001574,A001574,PLN_STARTER,2024-11-03,,active,2,49
S001575,A001575,PLN_GROWTH,2023-03-15,,active,8,199
S001576,A001576,PLN_GROWTH,2023-09-17,,active,15,199
S001577,A001577,PLN_GROWTH,2023-12-05,,active,26,247
S001578,A001578,PLN_GROWTH,2025-01-05,,active,23,223
S001579,A001579,PLN_ENTERPRISE,2023-12-18,,active,297,2499
S001580,A001580,PLN_STARTER,2023-11-02,,active,6,59
S001581,A001581,PLN_STARTER,2024-12-01,,active,5,49
S001582,A001582,PLN_GROWTH,2024-01-16,,active,13,199
S001583,A001583,PLN_GROWTH,2025-05-17,,active,23,223
S001584,A001584,PLN_STARTER,2025-08-23,,active,4,49
S001585,A001585,PLN_STARTER,2023-11-25,,active,4,49
S001586,A001586,PLN_GROWTH,2024-03-29,2025-04-08,cancelled,26,247
S001587,A001587,PLN_GROWTH,2025-01-15,2025-09-29,cancelled,13,199
S001588,A001588,PLN_GROWTH,2023-09-21,2024-05-03,cancelled,18,199
S001589,A001589,PLN_STARTER,2025-09-01,,active,6,59
S001590,A001590,PLN_STARTER,2025-08-21,,active,2,49
S001591,A001591,PLN_STARTER,2025-02-04,,active,4,49
S001592,A001592,PLN_STARTER,2025-09-24,,active,2,49
S001593,A001593,PLN_SCALE,2025-05-14,,active,62,799
S001594,A001594,PLN_GROWTH,2024-03-15,,active,26,247
S001595,A001595,PLN_SCALE,2025-01-29,,active,76,799
S001596,A001596,PLN_ENTERPRISE,2023-02-13,2024-10-07,cancelled,466,2499
S001597,A001597,PLN_SCALE,2025-09-29,,active,82,799
S001598,A001598,PLN_ENTERPRISE,2024-07-25,2024-11-28,cancelled,326,2499
S001599,A001599,PLN_STARTER,2023-05-13,,active,2,49
S001600,A001600,PLN_STARTER,2025-05-26,,active,4,49
S001601,A001601,PLN_STARTER,2025-01-24,,active,1,49
S001602,A001602,PLN_SCALE,2023-06-22,,active,114,883
S001603,A001603,PLN_STARTER,2025-05-20,2025-10-09,cancelled,3,49
S001604,A001604,PLN_STARTER,2025-09-22,,active,6,59
S001605,A001605,PLN_GROWTH,2025-05-18,,active,11,199
S001606,A001606,PLN_STARTER,2023-05-31,,active,5,49
S001607,A001607,PLN_GROWTH,2025-01-06,,active,10,199
S001608,A001608,PLN_GROWTH,2024-07-09,2025-11-07,cancelled,7,199
S001609,A001609,PLN_STARTER,2025-08-13,,active,5,49
S001610,A001610,PLN_SCALE,2024-11-06,2025-10-30,cancelled,52,799
S001611,A001611,PLN_ENTERPRISE,2025-04-17,,active,222,2499
S001612,A001612,PLN_SCALE,2024-11-21,,active,36,799
S001613,A001613,PLN_GROWTH,2025-01-12,,active,25,239
S001614,A001614,PLN_STARTER,2024-02-20,2025-03-14,cancelled,6,59
S001615,A001615,PLN_SCALE,2024-07-03,,active,63,799
S001616,A001616,PLN_STARTER,2025-04-11,,active,2,49
S001617,A001617,PLN_STARTER,2025-05-16,,active,3,49
S001618,A001618,PLN_STARTER,2024-01-06,,active,4,49
S001619,A001619,PLN_STARTER,2025-03-10,,active,5,49
S001620,A001620,PLN_STARTER,2024-09-05,,active,3,49
S001621,A001621,PLN_SCALE,2024-08-09,2025-02-26,cancelled,125,949
S001622,A001622,PLN_GROWTH,2025-02-16,,active,22,215
S001623,A001623,PLN_STARTER,2025-05-24,,active,3,49
S001624,A001624,PLN_GROWTH,2025-07-19,,active,15,199
S001625,A001625,PLN_SCALE,2025-05-18,,active,109,853
S001626,A001626,PLN_GROWTH,2025-09-02,,active,26,247
S001627,A001627,PLN_STARTER,2024-06-23,,active,4,49
S001628,A001628,PLN_STARTER,2025-01-05,2025-06-19,cancelled,3,49
S001629,A001629,PLN_STARTER,2024-07-31,,active,4,49
S001630,A001630,PLN_STARTER,2023-07-05,,active,5,49
S001631,A001631,PLN_STARTER,2024-12-23,2025-12-22,cancelled,2,49
S001632,A001632,PLN_GROWTH,2024-01-03,2025-10-11,cancelled,10,199
S001633,A001633,PLN_STARTER,2024-03-18,,active,4,49
S001634,A001634,PLN_GROWTH,2025-04-23,,active,13,199
S001635,A001635,PLN_STARTER,2023-02-07,,active,3,49
S001636,A001636,PLN_STARTER,2024-08-19,,active,4,49
S001637,A001637,PLN_SCALE,2025-02-26,,active,61,799
S001638,A001638,PLN_STARTER,2025-08-11,,active,2,49
S001639,A001639,PLN_STARTER,2025-04-17,,active,2,49
S001640,A001640,PLN_GROWTH,2023-04-30,,active,18,199
S001641,A001641,PLN_STARTER,2025-08-17,,active,4,49
S001642,A001642,PLN_STARTER,2024-02-21,,active,3,49
S001643,A001643,PLN_SCALE,2023-06-07,2024-02-06,cancelled,91,799
S001644,A001644,PLN_GROWTH,2023-02-10,,active,16,199
S001645,A001645,PLN_STARTER,2023-02-24,2024-09-11,cancelled,4,49
S001646,A001646,PLN_GROWTH,2024-09-18,,active,13,199
S001647,A001647,PLN_GROWTH,2023-08-04,2025-03-31,cancelled,22,215
S001648,A001648,PLN_GROWTH,2023-12-16,,active,11,199
S001649,A001649,PLN_SCALE,2023-10-13,,active,112,871
S001650,A001650,PLN_STARTER,2023-11-12,,active,5,49
S001651,A001651,PLN_GROWTH,2025-05-18,,active,17,199
S001652,A001652,PLN_GROWTH,2025-05-25,,active,14,199
S001653,A001653,PLN_GROWTH,2023-08-09,,active,24,231
S001654,A001654,PLN_STARTER,2023-10-21,,active,6,59
S001655,A001655,PLN_STARTER,2024-03-06,2025-09-08,cancelled,2,49
S001656,A001656,PLN_SCALE,2025-03-27,,active,55,799
S001657,A001657,PLN_GROWTH,2024-10-29,,active,18,199
S001658,A001658,PLN_STARTER,2024-07-04,,active,4,49
S001659,A001659,PLN_SCALE,2023-07-16,,active,121,925
S001660,A001660,PLN_STARTER,2023-08-17,2024-10-04,cancelled,2,49
S001661,A001661,PLN_GROWTH,2025-01-25,,active,19,199
S001662,A001662,PLN_STARTER,2025-08-15,,active,6,59
S001663,A001663,PLN_STARTER,2024-04-25,,active,6,59
S001664,A001664,PLN_GROWTH,2024-03-06,,active,15,199
S001665,A001665,PLN_STARTER,2023-08-12,,active,2,49
S001666,A001666,PLN_SCALE,2025-05-18,,active,74,799
S001667,A001667,PLN_SCALE,2023-10-30,,active,40,799
S001668,A001668,PLN_STARTER,2024-11-29,,active,2,49
S001669,A001669,PLN_STARTER,2024-08-05,,active,1,49
S001670,A001670,PLN_STARTER,2025-09-29,,active,4,49
S001671,A001671,PLN_STARTER,2024-12-21,,active,4,49
S001672,A001672,PLN_SCALE,2023-12-24,2024-05-04,cancelled,133,997
S001673,A001673,PLN_STARTER,2025-06-19,,active,2,49
S001674,A001674,PLN_STARTER,2025-03-26,,active,2,49
S001675,A001675,PLN_GROWTH,2023-04-21,2024-09-08,cancelled,24,231
S001676,A001676,PLN_STARTER,2024-10-15,,active,3,49
S001677,A001677,PLN_STARTER,2024-08-19,,active,5,49
S001678,A001678,PLN_GROWTH,2024-09-23,,active,9,199
S001679,A001679,PLN_STARTER,2025-01-31,,active,3,49
S001680,A001680,PLN_STARTER,2024-09-21,,active,6,59
S001681,A001681,PLN_GROWTH,2024-09-21,,active,20,199
S001682,A001682,PLN_STARTER,2023-04-03,,active,1,49
S001683,A001683,PLN_GROWTH,2023-03-05,,active,10,199
S001684,A001684,PLN_STARTER,2023-12-04,,active,6,59
S001685,A001685,PLN_STARTER,2025-03-31,2025-08-02,cancelled,2,49
S001686,A001686,PLN_GROWTH,2023-09-30,,active,19,199
S001687,A001687,PLN_STARTER,2023-04-06,2023-07-28,cancelled,5,49
S001688,A001688,PLN_GROWTH,2024-09-08,,active,13,199
S001689,A001689,PLN_STARTER,2023-10-03,2025-01-15,cancelled,6,59
S001690,A001690,PLN_STARTER,2024-12-31,,active,5,49
S001691,A001691,PLN_ENTERPRISE,2025-06-14,,active,396,2499
S001692,A001692,PLN_GROWTH,2023-09-08,,active,8,199
S001693,A001693,PLN_STARTER,2024-05-28,2025-02-06,cancelled,3,49
S001694,A001694,PLN_GROWTH,2024-12-23,,active,24,231
S001695,A001695,PLN_ENTERPRISE,2024-02-16,2025-04-04,cancelled,262,2499
S001696,A001696,PLN_ENTERPRISE,2025-09-30,,active,317,2499
S001697,A001697,PLN_STARTER,2024-01-05,2025-03-13,cancelled,4,49
S001698,A001698,PLN_GROWTH,2023-04-14,,active,22,215
S001699,A001699,PLN_GROWTH,2023-11-19,,active,10,199
S001700,A001700,PLN_GROWTH,2025-06-12,,active,17,199
S001701,A001701,PLN_SCALE,2024-09-09,,active,56,799
S001702,A001702,PLN_STARTER,2023-12-23,,active,3,49
S001703,A001703,PLN_GROWTH,2024-08-17,2025-02-15,cancelled,8,199
S001704,A001704,PLN_STARTER,2025-01-15,,active,4,49
S001705,A001705,PLN_STARTER,2025-01-06,,active,6,59
S001706,A001706,PLN_GROWTH,2025-07-23,,active,25,239
S001707,A001707,PLN_GROWTH,2024-07-13,,active,10,199
S001708,A001708,PLN_SCALE,2024-10-03,,active,81,799
S001709,A001709,PLN_ENTERPRISE,2025-09-19,,active,231,2499
S001710,A001710,PLN_SCALE,2024-10-24,,active,114,883
S001711,A001711,PLN_STARTER,2024-07-14,,active,4,49
S001712,A001712,PLN_GROWTH,2025-03-02,,active,10,199
S001713,A001713,PLN_GROWTH,2023-06-30,,active,13,199
S001714,A001714,PLN_GROWTH,2024-07-10,,active,9,199
S001715,A001715,PLN_GROWTH,2025-06-02,,active,13,199
S001716,A001716,PLN_SCALE,2024-11-29,,active,70,799
S001717,A001717,PLN_ENTERPRISE,2025-09-17,,active,458,2499
S001718,A001718,PLN_GROWTH,2023-07-12,,active,24,231
S001719,A001719,PLN_STARTER,2023-10-30,,active,6,59
S001720,A001720,PLN_ENTERPRISE,2023-04-23,,active,398,2499
S001721,A001721,PLN_STARTER,2025-04-18,,active,3,49
S001722,A001722,PLN_GROWTH,2024-05-06,,active,23,223
S001723,A001723,PLN_SCALE,2023-04-17,,active,49,799
S001724,A001724,PLN_STARTER,2024-01-21,,active,6,59
S001725,A001725,PLN_SCALE,2025-07-08,,active,83,799
S001726,A001726,PLN_STARTER,2023-08-01,,active,2,49
S001727,A001727,PLN_ENTERPRISE,2024-05-10,,active,506,2523
S001728,A001728,PLN_STARTER,2024-10-01,,active,3,49
S001729,A001729,PLN_STARTER,2025-06-26,,active,4,49
S001730,A001730,PLN_SCALE,2025-04-09,,active,133,997
S001731,A001731,PLN_STARTER,2024-09-09,,active,4,49
S001732,A001732,PLN_STARTER,2023-12-22,,active,3,49
S001733,A001733,PLN_GROWTH,2024-12-01,,active,7,199
S001734,A001734,PLN_SCALE,2023-11-28,2025-05-13,cancelled,120,919
S001735,A001735,PLN_GROWTH,2023-05-14,,active,22,215
S001736,A001736,PLN_GROWTH,2023-07-03,,active,7,199
S001737,A001737,PLN_GROWTH,2025-01-15,,active,13,199
S001738,A001738,PLN_GROWTH,2024-05-06,2025-05-09,cancelled,14,199
S001739,A001739,PLN_GROWTH,2024-02-02,2025-06-24,cancelled,21,207
S001740,A001740,PLN_STARTER,2024-02-08,2025-02-25,cancelled,6,59
S001741,A001741,PLN_STARTER,2023-09-30,,active,4,49
S001742,A001742,PLN_STARTER,2024-03-21,,active,5,49
S001743,A001743,PLN_GROWTH,2025-08-22,,active,18,199
S001744,A001744,PLN_STARTER,2025-05-29,,active,5,49
S001745,A001745,PLN_SCALE,2024-08-27,,active,108,847
S001746,A001746,PLN_GROWTH,2025-07-07,,active,11,199
S001747,A001747,PLN_STARTER,2023-07-05,,active,1,49
S001748,A001748,PLN_STARTER,2025-08-03,2025-11-23,cancelled,1,49
S001749,A001749,PLN_ENTERPRISE,2025-01-25,,active,279,2499
S001750,A001750,PLN_STARTER,2025-08-14,,active,3,49
S001751,A001751,PLN_STARTER,2024-03-17,,active,5,49
S001752,A001752,PLN_STARTER,2024-05-16,,active,6,59
S001753,A001753,PLN_GROWTH,2024-07-03,,active,8,199
S001754,A001754,PLN_STARTER,2023-02-19,,active,5,49
S001755,A001755,PLN_ENTERPRISE,2024-11-20,,active,447,2499
S001756,A001756,PLN_GROWTH,2025-07-11,,active,8,199
S001757,A001757,PLN_SCALE,2023-06-28,2025-01-28,cancelled,80,799
S001758,A001758,PLN_STARTER,2023-09-13,,active,4,49
S001759,A001759,PLN_GROWTH,2025-05-14,,active,8,199
S001760,A001760,PLN_GROWTH,2025-01-04,,active,20,199
S001761,A001761,PLN_GROWTH,2024-08-19,,active,12,199
S001762,A001762,PLN_STARTER,2024-05-10,2025-10-24,cancelled,5,49
S001763,A001763,PLN_STARTER,2024-09-24,,active,6,59
S001764,A001764,PLN_SCALE,2024-12-05,,active,114,883
S001765,A001765,PLN_SCALE,2024-01-15,,active,117,901
S001766,A001766,PLN_STARTER,2023-12-08,,active,1,49
S001767,A001767,PLN_GROWTH,2024-11-06,,active,16,199
S001768,A001768,PLN_SCALE,2025-06-18,,active,60,799
S001769,A001769,PLN_SCALE,2025-09-12,,active,70,799
S001770,A001770,PLN_SCALE,2024-01-03,,active,104,823
S001771,A001771,PLN_STARTER,2023-04-07,2024-05-28,cancelled,4,49
S001772,A001772,PLN_STARTER,2024-12-26,,active,5,49
S001773,A001773,PLN_ENTERPRISE,2024-04-18,,active,392,2499
S001774,A001774,PLN_GROWTH,2024-11-16,,active,24,231
S001775,A001775,PLN_GROWTH,2023-09-22,,active,19,199
S001776,A001776,PLN_STARTER,2024-01-10,,active,2,49
S001777,A001777,PLN_STARTER,2025-07-14,,active,6,59
S001778,A001778,PLN_GROWTH,2024-04-25,2024-11-26,cancelled,24,231
S001779,A001779,PLN_STARTER,2025-09-05,,active,2,49
S001780,A001780,PLN_STARTER,2023-12-09,,active,1,49
S001781,A001781,PLN_GROWTH,2023-06-26,2024-10-11,cancelled,21,207
S001782,A001782,PLN_SCALE,2024-12-14,,active,107,841
S001783,A001783,PLN_STARTER,2025-07-08,,active,3,49
S001784,A001784,PLN_STARTER,2024-10-31,,active,3,49
S001785,A001785,PLN_STARTER,2023-02-09,,active,5,49
S001786,A001786,PLN_STARTER,2025-07-28,,active,3,49
S001787,A001787,PLN_STARTER,2024-11-29,,active,4,49
S001788,A001788,PLN_GROWTH,2023-09-03,2025-04-24,cancelled,12,199
S001789,A001789,PLN_STARTER,2023-08-06,2024-03-16,cancelled,6,59
S001790,A001790,PLN_STARTER,2024-05-08,,active,2,49
S001791,A001791,PLN_GROWTH,2024-08-14,,active,22,215
S001792,A001792,PLN_SCALE,2024-04-06,,active,84,799
S001793,A001793,PLN_STARTER,2024-12-08,,active,5,49
S001794,A001794,PLN_STARTER,2025-07-14,,active,4,49
S001795,A001795,PLN_STARTER,2024-09-08,,active,3,49
S001796,A001796,PLN_GROWTH,2025-06-22,,active,17,199
S001797,A001797,PLN_GROWTH,2024-07-06,,active,9,199
S001798,A001798,PLN_STARTER,2024-08-26,,active,4,49
S001799,A001799,PLN_STARTER,2023-11-25,,active,2,49
S001800,A001800,PLN_STARTER,2025-07-14,,active,6,59
S001801,A001801,PLN_STARTER,2025-05-25,,active,3,49
S001802,A001802,PLN_GROWTH,2025-08-24,,active,12,199
S001803,A001803,PLN_STARTER,2025-06-12,,active,2,49
S001804,A001804,PLN_ENTERPRISE,2023-06-04,,active,246,2499
S001805,A001805,PLN_STARTER,2024-08-15,,active,5,49
S001806,A001806,PLN_GROWTH,2025-04-25,,active,8,199
S001807,A001807,PLN_STARTER,2024-12-05,,active,3,49
S001808,A001808,PLN_STARTER,2023-05-28,,active,6,59
S001809,A001809,PLN_GROWTH,2023-05-01,2025-02-08,cancelled,22,215
S001810,A001810,PLN_STARTER,2024-10-27,,active,6,59
S001811,A001811,PLN_STARTER,2025-08-21,,active,3,49
S001812,A001812,PLN_SCALE,2025-05-11,,active,116,895
S001813,A001813,PLN_GROWTH,2023-04-23,,active,26,247
S001814,A001814,PLN_STARTER,2025-04-06,,active,3,49
S001815,A001815,PLN_GROWTH,2023-12-11,2024-12-28,cancelled,10,199
S001816,A001816,PLN_GROWTH,2023-03-10,,active,10,199
S001817,A001817,PLN_STARTER,2023-09-23,,active,5,49
S001818,A001818,PLN_GROWTH,2024-10-29,,active,26,247
S001819,A001819,PLN_STARTER,2025-07-08,,active,4,49
S001820,A001820,PLN_STARTER,2023-04-26,,active,2,49
S001821,A001821,PLN_SCALE,2023-10-08,,active,96,799
S001822,A001822,PLN_ENTERPRISE,2024-11-27,,active,238,2499
S001823,A001823,PLN_STARTER,2025-06-08,,active,6,59
S001824,A001824,PLN_STARTER,2023-12-12,2025-11-03,cancelled,5,49
S001825,A001825,PLN_GROWTH,2023-07-28,,active,9,199
S001826,A001826,PLN_STARTER,2024-09-10,,active,4,49
S001827,A001827,PLN_STARTER,2024-12-15,,active,4,49
S001828,A001828,PLN_STARTER,2023-02-19,,active,5,49
S001829,A001829,PLN_STARTER,2023-12-23,2024-09-21,cancelled,2,49
S001830,A001830,PLN_STARTER,2025-04-14,,active,6,59
S001831,A001831,PLN_STARTER,2023-08-08,,active,6,59
S001832,A001832,PLN_STARTER,2024-02-11,,active,2,49
S001833,A001833,PLN_SCALE,2025-04-12,,active,126,955
S001834,A001834,PLN_GROWTH,2025-01-26,,active,16,199
S001835,A001835,PLN_GROWTH,2025-09-06,,active,23,223
S001836,A001836,PLN_STARTER,2024-04-25,,active,3,49
S001837,A001837,PLN_GROWTH,2024-10-20,,active,10,199
S001838,A001838,PLN_STARTER,2024-02-26,,active,5,49
S001839,A001839,PLN_STARTER,2025-07-09,,active,4,49
S001840,A001840,PLN_STARTER,2023-10-11,,active,2,49
S001841,A001841,PLN_GROWTH,2023-05-14,,active,23,223
S001842,A001842,PLN_SCALE,2024-11-21,,active,118,907
S001843,A001843,PLN_STARTER,2024-11-26,,active,6,59
S001844,A001844,PLN_STARTER,2025-07-29,,active,4,49
S001845,A001845,PLN_GROWTH,2025-07-22,,active,12,199
S001846,A001846,PLN_GROWTH,2025-01-10,,active,8,199
S001847,A001847,PLN_SCALE,2024-12-21,,active,121,925
S001848,A001848,PLN_GROWTH,2024-09-28,,active,26,247
S001849,A001849,PLN_GROWTH,2025-02-05,,active,25,239
S001850,A001850,PLN_GROWTH,2024-06-17,2025-01-25,cancelled,22,215
S001851,A001851,PLN_SCALE,2024-05-09,,active,95,799
S001852,A001852,PLN_STARTER,2025-02-25,2025-07-06,cancelled,5,49
S001853,A001853,PLN_STARTER,2024-11-09,,active,2,49
S001854,A001854,PLN_GROWTH,2023-07-10,2025-06-11,cancelled,13,199
S001855,A001855,PLN_STARTER,2023-01-09,,active,5,49
S001856,A001856,PLN_STARTER,2024-12-27,,active,3,49
S001857,A001857,PLN_ENTERPRISE,2024-08-15,,active,463,2499
S001858,A001858,PLN_STARTER,2024-11-05,,active,5,49
S001859,A001859,PLN_STARTER,2025-10-22,,active,3,49
S001860,A001860,PLN_STARTER,2024-06-26,,active,2,49
S001861,A001861,PLN_STARTER,2023-08-03,,active,6,59
S001862,A001862,PLN_SCALE,2024-08-29,2025-06-01,cancelled,104,823
S001863,A001863,PLN_GROWTH,2023-07-18,,active,21,207
S001864,A001864,PLN_STARTER,2023-09-26,,active,3,49
S001865,A001865,PLN_GROWTH,2024-08-07,,active,14,199
S001866,A001866,PLN_SCALE,2023-07-06,,active,121,925
S001867,A001867,PLN_STARTER,2025-09-24,,active,6,59
S001868,A001868,PLN_GROWTH,2023-06-17,,active,23,223
S001869,A001869,PLN_GROWTH,2023-03-13,,active,19,199
S001870,A001870,PLN_SCALE,2024-11-12,,active,126,955
S001871,A001871,PLN_STARTER,2025-09-17,,active,6,59
S001872,A001872,PLN_STARTER,2025-10-08,,active,1,49
S001873,A001873,PLN_ENTERPRISE,2023-12-19,,active,276,2499
S001874,A001874,PLN_GROWTH,2023-05-13,,active,26,247
S001875,A001875,PLN_GROWTH,2023-10-29,,active,18,199
S001876,A001876,PLN_STARTER,2024-08-21,,active,2,49
S001877,A001877,PLN_STARTER,2024-05-31,2025-02-20,cancelled,3,49
S001878,A001878,PLN_STARTER,2025-01-03,2025-12-14,cancelled,3,49
S001879,A001879,PLN_GROWTH,2024-05-10,,active,25,239
S001880,A001880,PLN_SCALE,2024-09-23,,active,52,799
S001881,A001881,PLN_SCALE,2024-12-17,2025-05-19,cancelled,88,799
S001882,A001882,PLN_STARTER,2023-08-08,,active,5,49
S001883,A001883,PLN_SCALE,2024-03-14,,active,89,799
S001884,A001884,PLN_STARTER,2024-09-02,,active,4,49
S001885,A001885,PLN_STARTER,2024-12-09,,active,5,49
S001886,A001886,PLN_GROWTH,2023-01-29,2023-12-23,cancelled,18,199
S001887,A001887,PLN_STARTER,2023-12-09,,active,6,59
S001888,A001888,PLN_GROWTH,2024-09-17,2025-02-11,cancelled,7,199
S001889,A001889,PLN_GROWTH,2023-10-24,,active,12,199
S001890,A001890,PLN_STARTER,2023-09-27,,active,6,59
S001891,A001891,PLN_STARTER,2024-10-21,2025-05-04,cancelled,6,59
S001892,A001892,PLN_STARTER,2024-08-11,,active,4,49
S001893,A001893,PLN_STARTER,2025-06-30,,active,3,49
S001894,A001894,PLN_ENTERPRISE,2025-06-24,,active,255,2499
S001895,A001895,PLN_STARTER,2023-01-24,,active,5,49
S001896,A001896,PLN_STARTER,2023-04-24,,active,2,49
S001897,A001897,PLN_STARTER,2025-09-04,,active,3,49
S001898,A001898,PLN_STARTER,2023-02-11,,active,3,49
S001899,A001899,PLN_STARTER,2025-09-08,,active,1,49
S001900,A001900,PLN_GROWTH,2025-04-23,,active,15,199
S001901,A001901,PLN_SCALE,2025-06-17,,active,65,799
S001902,A001902,PLN_STARTER,2024-04-09,2025-09-27,cancelled,2,49
S001903,A001903,PLN_STARTER,2025-09-21,,active,3,49
S001904,A001904,PLN_STARTER,2024-03-01,2024-08-24,cancelled,6,59
S001905,A001905,PLN_STARTER,2025-03-22,,active,3,49
S001906,A001906,PLN_GROWTH,2023-03-25,,active,19,199
S001907,A001907,PLN_STARTER,2023-12-05,2024-11-01,cancelled,4,49
S001908,A001908,PLN_GROWTH,2024-01-14,,active,8,199
S001909,A001909,PLN_STARTER,2023-02-18,,active,2,49
S001910,A001910,PLN_STARTER,2023-09-17,2024-09-07,cancelled,3,49
S001911,A001911,PLN_STARTER,2025-01-27,,active,2,49
S001912,A001912,PLN_STARTER,2023-05-06,,active,3,49
S001913,A001913,PLN_STARTER,2024-09-15,2024-12-21,cancelled,6,59
S001914,A001914,PLN_GROWTH,2023-01-17,2024-07-01,cancelled,20,199
S001915,A001915,PLN_GROWTH,2024-11-23,,active,18,199
S001916,A001916,PLN_GROWTH,2023-03-11,,active,9,199
S001917,A001917,PLN_GROWTH,2023-12-24,,active,21,207
S001918,A001918,PLN_STARTER,2024-11-20,,active,6,59
S001919,A001919,PLN_SCALE,2023-04-03,,active,76,799
S001920,A001920,PLN_STARTER,2023-03-19,,active,5,49
S001921,A001921,PLN_GROWTH,2023-10-10,2024-03-17,cancelled,20,199
S001922,A001922,PLN_GROWTH,2025-06-10,,active,11,199
S001923,A001923,PLN_SCALE,2025-01-26,,active,79,799
S001924,A001924,PLN_ENTERPRISE,2023-12-15,2025-04-30,cancelled,421,2499
S001925,A001925,PLN_STARTER,2024-06-08,,active,4,49
S001926,A001926,PLN_SCALE,2024-07-25,2025-01-10,cancelled,97,799
S001927,A001927,PLN_GROWTH,2023-02-07,2024-08-29,cancelled,16,199
S001928,A001928,PLN_STARTER,2023-12-03,,active,6,59
S001929,A001929,PLN_STARTER,2023-09-02,,active,2,49
S001930,A001930,PLN_GROWTH,2023-02-08,2024-02-22,cancelled,23,223
S001931,A001931,PLN_SCALE,2023-04-03,,active,105,829
S001932,A001932,PLN_STARTER,2023-07-10,,active,1,49
S001933,A001933,PLN_SCALE,2024-02-24,,active,106,835
S001934,A001934,PLN_SCALE,2024-04-16,,active,41,799
S001935,A001935,PLN_GROWTH,2024-09-27,,active,16,199
S001936,A001936,PLN_STARTER,2024-03-12,,active,2,49
S001937,A001937,PLN_GROWTH,2025-03-10,2025-11-25,cancelled,8,199
S001938,A001938,PLN_GROWTH,2024-09-14,2025-03-23,cancelled,19,199
S001939,A001939,PLN_STARTER,2024-11-13,,active,2,49
S001940,A001940,PLN_GROWTH,2025-09-22,,active,16,199
S001941,A001941,PLN_STARTER,2025-04-10,,active,5,49
S001942,A001942,PLN_SCALE,2023-03-18,,active,129,973
S001943,A001943,PLN_STARTER,2024-11-16,,active,5,49
S001944,A001944,PLN_GROWTH,2025-01-03,,active,19,199
S001945,A001945,PLN_GROWTH,2025-02-15,,active,17,199
S001946,A001946,PLN_GROWTH,2024-08-12,,active,26,247
S001947,A001947,PLN_GROWTH,2025-01-24,,active,23,223
S001948,A001948,PLN_GROWTH,2025-08-21,,active,18,199
S001949,A001949,PLN_STARTER,2025-05-15,,active,3,49
S001950,A001950,PLN_GROWTH,2023-02-27,,active,23,223
S001951,A001951,PLN_STARTER,2025-03-10,,active,2,49
S001952,A001952,PLN_GROWTH,2025-03-02,,active,23,223
S001953,A001953,PLN_GROWTH,2025-08-25,,active,7,199
S001954,A001954,PLN_GROWTH,2024-11-20,,active,14,199
S001955,A001955,PLN_STARTER,2025-02-16,,active,4,49
S001956,A001956,PLN_STARTER,2024-07-15,2025-05-24,cancelled,6,59
S001957,A001957,PLN_GROWTH,2024-09-30,,active,20,199
S001958,A001958,PLN_GROWTH,2024-09-30,,active,18,199
S001959,A001959,PLN_GROWTH,2024-11-30,,active,17,199
S001960,A001960,PLN_SCALE,2025-07-19,2025-12-02,cancelled,75,799
S001961,A001961,PLN_STARTER,2023-12-14,2025-09-11,cancelled,2,49
S001962,A001962,PLN_SCALE,2023-04-08,,active,107,841
S001963,A001963,PLN_GROWTH,2025-06-25,,active,16,199
S001964,A001964,PLN_STARTER,2024-08-16,,active,2,49
S001965,A001965,PLN_GROWTH,2024-11-22,,active,19,199
S001966,A001966,PLN_GROWTH,2024-07-05,,active,10,199
S001967,A001967,PLN_STARTER,2024-04-29,2025-02-19,cancelled,6,59
S001968,A001968,PLN_STARTER,2025-08-27,,active,2,49
S001969,A001969,PLN_GROWTH,2024-09-23,,active,25,239
S001970,A001970,PLN_STARTER,2024-10-23,,active,3,49
S001971,A001971,PLN_SCALE,2025-02-01,,active,127,961
S001972,A001972,PLN_SCALE,2024-03-13,,active,97,799
S001973,A001973,PLN_STARTER,2023-10-17,2024-03-16,cancelled,2,49
S001974,A001974,PLN_SCALE,2025-06-25,,active,127,961
S001975,A001975,PLN_GROWTH,2025-03-20,,active,17,199
S001976,A001976,PLN_GROWTH,2024-06-04,,active,26,247
S001977,A001977,PLN_GROWTH,2024-07-18,,active,16,199
S001978,A001978,PLN_GROWTH,2024-06-12,,active,25,239
S001979,A001979,PLN_SCALE,2023-07-11,2024-11-19,cancelled,55,799
S001980,A001980,PLN_STARTER,2023-12-18,2025-02-26,cancelled,4,49
S001981,A001981,PLN_STARTER,2024-11-23,,active,4,49
S001982,A001982,PLN_GROWTH,2025-02-20,,active,8,199
S001983,A001983,PLN_STARTER,2023-11-16,,active,2,49
S001984,A001984,PLN_STARTER,2023-02-17,2023-10-26,cancelled,2,49
S001985,A001985,PLN_STARTER,2024-09-25,,active,3,49
S001986,A001986,PLN_STARTER,2025-08-10,,active,5,49
S001987,A001987,PLN_STARTER,2023-07-19,,active,4,49
S001988,A001988,PLN_STARTER,2023-08-24,,active,4,49
S001989,A001989,PLN_STARTER,2025-10-22,,active,4,49
S001990,A001990,PLN_STARTER,2025-09-07,,active,3,49
S001991,A001991,PLN_GROWTH,2025-01-20,,active,12,199
S001992,A001992,PLN_GROWTH,2025-09-05,,active,8,199
S001993,A001993,PLN_STARTER,2025-06-13,,active,5,49
S001994,A001994,PLN_STARTER,2023-06-19,,active,2,49
S001995,A001995,PLN_STARTER,2024-11-18,,active,2,49
S001996,A001996,PLN_STARTER,2024-05-24,,active,6,59
S001997,A001997,PLN_GROWTH,2025-06-15,,active,21,207
S001998,A001998,PLN_STARTER,2024-06-10,,active,4,49
S001999,A001999,PLN_GROWTH,2024-09-23,,active,20,199
S002000,A002000,PLN_GROWTH,2023-07-19,,active,12,199
S002001,A002001,PLN_STARTER,2025-01-22,,active,2,49
S002002,A002002,PLN_STARTER,2024-03-19,2025-07-29,cancelled,4,49
S002003,A002003,PLN_STARTER,2025-03-16,,active,3,49
S002004,A002004,PLN_STARTER,2024-07-17,,active,6,59
S002005,A002005,PLN_STARTER,2024-12-12,,active,5,49
S002006,A002006,PLN_ENTERPRISE,2024-04-09,2024-10-09,cancelled,388,2499
S002007,A002007,PLN_STARTER,2023-08-18,,active,5,49
S002008,A002008,PLN_STARTER,2024-04-26,,active,2,49
S002009,A002009,PLN_SCALE,2024-05-28,,active,100,799
S002010,A002010,PLN_STARTER,2023-07-28,2024-01-20,cancelled,1,49
S002011,A002011,PLN_GROWTH,2023-05-19,2024-06-23,cancelled,25,239
S002012,A002012,PLN_STARTER,2023-07-28,,active,5,49
S002013,A002013,PLN_STARTER,2023-10-18,,active,3,49
S002014,A002014,PLN_GROWTH,2023-02-06,2024-02-21,cancelled,17,199
S002015,A002015,PLN_STARTER,2025-09-25,,active,3,49
S002016,A002016,PLN_GROWTH,2023-06-15,,active,14,199
S002017,A002017,PLN_STARTER,2024-01-29,,active,3,49
S002018,A002018,PLN_STARTER,2023-03-05,,active,5,49
S002019,A002019,PLN_SCALE,2023-09-29,2024-11-12,cancelled,35,799
S002020,A002020,PLN_GROWTH,2025-07-07,,active,8,199
S002021,A002021,PLN_GROWTH,2023-09-27,,active,7,199
S002022,A002022,PLN_GROWTH,2023-03-06,2023-07-16,cancelled,26,247
S002023,A002023,PLN_STARTER,2025-09-16,,active,4,49
S002024,A002024,PLN_GROWTH,2023-10-12,2024-02-25,cancelled,9,199
S002025,A002025,PLN_ENTERPRISE,2025-09-05,,active,469,2499
S002026,A002026,PLN_GROWTH,2023-11-30,,active,14,199
S002027,A002027,PLN_STARTER,2023-11-21,,active,3,49
S002028,A002028,PLN_GROWTH,2025-08-21,2025-12-14,cancelled,21,207
S002029,A002029,PLN_STARTER,2024-05-10,,active,2,49
S002030,A002030,PLN_STARTER,2025-06-20,,active,2,49
S002031,A002031,PLN_ENTERPRISE,2024-09-09,,active,355,2499
S002032,A002032,PLN_STARTER,2025-08-13,,active,4,49
S002033,A002033,PLN_GROWTH,2023-06-09,,active,8,199
S002034,A002034,PLN_GROWTH,2024-06-27,,active,16,199
S002035,A002035,PLN_GROWTH,2025-01-18,,active,10,199
S002036,A002036,PLN_GROWTH,2023-03-17,,active,22,215
S002037,A002037,PLN_SCALE,2023-02-03,,active,89,799
S002038,A002038,PLN_SCALE,2025-07-06,,active,56,799
S002039,A002039,PLN_GROWTH,2023-02-15,2024-06-19,cancelled,9,199
S002040,A002040,PLN_GROWTH,2024-11-12,,active,12,199
S002041,A002041,PLN_STARTER,2025-05-12,,active,5,49
S002042,A002042,PLN_STARTER,2024-10-13,,active,3,49
S002043,A002043,PLN_STARTER,2024-12-16,,active,5,49
S002044,A002044,PLN_GROWTH,2024-11-15,,active,24,231
S002045,A002045,PLN_SCALE,2025-01-01,,active,106,835
S002046,A002046,PLN_GROWTH,2025-05-08,,active,19,199
S002047,A002047,PLN_ENTERPRISE,2025-02-24,,active,246,2499
S002048,A002048,PLN_STARTER,2023-09-06,,active,3,49
S002049,A002049,PLN_GROWTH,2024-08-21,,active,17,199
S002050,A002050,PLN_STARTER,2023-06-01,,active,5,49
S002051,A002051,PLN_STARTER,2025-05-07,,active,2,49
S002052,A002052,PLN_GROWTH,2023-09-10,,active,19,199
S002053,A002053,PLN_STARTER,2023-06-02,,active,3,49
S002054,A002054,PLN_GROWTH,2025-04-07,,active,12,199
S002055,A002055,PLN_GROWTH,2025-04-27,,active,26,247
S002056,A002056,PLN_STARTER,2024-03-04,,active,4,49
S002057,A002057,PLN_GROWTH,2023-11-12,2025-06-02,cancelled,16,199
S002058,A002058,PLN_STARTER,2024-03-04,2025-02-27,cancelled,2,49
S002059,A002059,PLN_SCALE,2025-04-10,,active,43,799
S002060,A002060,PLN_STARTER,2024-04-27,2025-10-04,cancelled,3,49
S002061,A002061,PLN_STARTER,2024-03-16,,active,5,49
S002062,A002062,PLN_STARTER,2024-03-13,,active,5,49
S002063,A002063,PLN_SCALE,2025-01-10,,active,44,799
S002064,A002064,PLN_STARTER,2023-06-09,,active,1,49
S002065,A002065,PLN_SCALE,2025-02-13,,active,50,799
S002066,A002066,PLN_STARTER,2025-02-07,,active,3,49
S002067,A002067,PLN_STARTER,2023-03-28,,active,5,49
S002068,A002068,PLN_GROWTH,2023-07-10,,active,19,199
S002069,A002069,PLN_STARTER,2023-01-10,,active,5,49
S002070,A002070,PLN_SCALE,2024-01-24,,active,75,799
S002071,A002071,PLN_SCALE,2023-10-07,2025-03-01,cancelled,43,799
S002072,A002072,PLN_GROWTH,2023-08-27,2024-08-17,cancelled,14,199
S002073,A002073,PLN_STARTER,2024-07-23,,active,2,49
S002074,A002074,PLN_STARTER,2023-03-17,,active,2,49
S002075,A002075,PLN_GROWTH,2024-02-29,,active,9,199
S002076,A002076,PLN_STARTER,2023-09-04,2024-08-13,cancelled,2,49
S002077,A002077,PLN_SCALE,2025-02-04,,active,128,967
S002078,A002078,PLN_GROWTH,2025-08-19,,active,19,199
S002079,A002079,PLN_ENTERPRISE,2024-07-06,,active,501,2503
S002080,A002080,PLN_STARTER,2025-06-01,,active,4,49
S002081,A002081,PLN_GROWTH,2024-06-06,,active,17,199
S002082,A002082,PLN_GROWTH,2025-01-07,,active,13,199
S002083,A002083,PLN_GROWTH,2023-10-05,,active,11,199
S002084,A002084,PLN_SCALE,2023-11-03,,active,41,799
S002085,A002085,PLN_STARTER,2023-12-17,2025-01-22,cancelled,3,49
S002086,A002086,PLN_STARTER,2025-01-24,,active,6,59
S002087,A002087,PLN_GROWTH,2025-05-09,,active,9,199
S002088,A002088,PLN_STARTER,2023-07-31,,active,5,49
S002089,A002089,PLN_STARTER,2025-02-22,2025-11-24,cancelled,2,49
S002090,A002090,PLN_STARTER,2025-06-15,,active,4,49
S002091,A002091,PLN_GROWTH,2024-05-25,,active,15,199
S002092,A002092,PLN_GROWTH,2025-07-01,,active,14,199
S002093,A002093,PLN_STARTER,2025-03-15,,active,6,59
S002094,A002094,PLN_ENTERPRISE,2024-04-29,2025-03-13,cancelled,505,2519
S002095,A002095,PLN_STARTER,2023-10-06,,active,2,49
S002096,A002096,PLN_STARTER,2025-07-01,,active,4,49
S002097,A002097,PLN_GROWTH,2024-06-30,,active,7,199
S002098,A002098,PLN_GROWTH,2023-10-18,,active,14,199
S002099,A002099,PLN_STARTER,2024-04-05,,active,5,49
S002100,A002100,PLN_GROWTH,2023-01-24,,active,9,199
S002101,A002101,PLN_STARTER,2025-05-09,,active,2,49
S002102,A002102,PLN_STARTER,2023-04-17,,active,1,49
S002103,A002103,PLN_STARTER,2024-03-31,2025-10-16,cancelled,5,49
S002104,A002104,PLN_GROWTH,2025-09-09,,active,12,199
S002105,A002105,PLN_GROWTH,2023-06-04,2024-11-28,cancelled,12,199
S002106,A002106,PLN_SCALE,2023-09-25,,active,44,799
S002107,A002107,PLN_SCALE,2025-06-19,2025-12-10,cancelled,79,799
S002108,A002108,PLN_GROWTH,2025-03-01,,active,7,199
S002109,A002109,PLN_STARTER,2023-12-23,,active,6,59
S002110,A002110,PLN_STARTER,2025-10-05,,active,5,49
S002111,A002111,PLN_STARTER,2024-07-06,2025-12-14,cancelled,2,49
S002112,A002112,PLN_ENTERPRISE,2024-06-24,,active,350,2499
S002113,A002113,PLN_STARTER,2023-04-18,,active,2,49
S002114,A002114,PLN_STARTER,2023-08-02,,active,3,49
S002115,A002115,PLN_GROWTH,2025-06-15,,active,11,199
S002116,A002116,PLN_GROWTH,2023-12-03,2024-09-05,cancelled,25,239
S002117,A002117,PLN_STARTER,2023-09-20,2024-08-26,cancelled,5,49
S002118,A002118,PLN_SCALE,2023-07-01,,active,54,799
S002119,A002119,PLN_STARTER,2025-08-02,,active,5,49
S002120,A002120,PLN_SCALE,2024-10-10,,active,107,841
S002121,A002121,PLN_GROWTH,2025-05-17,,active,16,199
S002122,A002122,PLN_GROWTH,2024-05-27,,active,22,215
S002123,A002123,PLN_STARTER,2023-01-24,,active,2,49
S002124,A002124,PLN_STARTER,2023-08-25,,active,1,49
S002125,A002125,PLN_STARTER,2023-10-25,,active,2,49
S002126,A002126,PLN_ENTERPRISE,2023-11-24,,active,294,2499
S002127,A002127,PLN_STARTER,2025-05-29,,active,2,49
S002128,A002128,PLN_GROWTH,2024-08-08,2025-05-27,cancelled,15,199
S002129,A002129,PLN_STARTER,2023-03-31,,active,3,49
S002130,A002130,PLN_STARTER,2023-02-16,2024-08-17,cancelled,6,59
S002131,A002131,PLN_GROWTH,2025-02-14,,active,21,207
S002132,A002132,PLN_GROWTH,2024-10-20,,active,8,199
S002133,A002133,PLN_GROWTH,2024-09-10,,active,20,199
S002134,A002134,PLN_STARTER,2025-05-24,,active,4,49
S002135,A002135,PLN_GROWTH,2025-03-22,,active,18,199
S002136,A002136,PLN_GROWTH,2023-12-15,2024-08-09,cancelled,17,199
S002137,A002137,PLN_STARTER,2025-03-09,,active,6,59
S002138,A002138,PLN_STARTER,2025-04-25,,active,3,49
S002139,A002139,PLN_STARTER,2024-07-14,,active,3,49
S002140,A002140,PLN_STARTER,2023-01-04,,active,3,49
S002141,A002141,PLN_STARTER,2025-09-02,,active,3,49
S002142,A002142,PLN_GROWTH,2025-03-01,,active,10,199
S002143,A002143,PLN_STARTER,2024-07-02,,active,6,59
S002144,A002144,PLN_SCALE,2023-08-19,,active,45,799
S002145,A002145,PLN_GROWTH,2024-12-23,,active,8,199
S002146,A002146,PLN_SCALE,2024-06-09,,active,117,901
S002147,A002147,PLN_ENTERPRISE,2024-02-16,,active,300,2499
S002148,A002148,PLN_SCALE,2025-06-15,,active,67,799
S002149,A002149,PLN_STARTER,2024-07-07,,active,5,49
S002150,A002150,PLN_STARTER,2023-08-23,2024-08-04,cancelled,6,59
S002151,A002151,PLN_STARTER,2024-07-03,2025-01-30,cancelled,6,59
S002152,A002152,PLN_GROWTH,2023-06-23,,active,15,199
S002153,A002153,PLN_STARTER,2025-07-12,,active,1,49
S002154,A002154,PLN_STARTER,2025-05-09,2025-11-20,cancelled,4,49
S002155,A002155,PLN_GROWTH,2025-01-13,,active,17,199
S002156,A002156,PLN_GROWTH,2025-06-14,,active,7,199
S002157,A002157,PLN_STARTER,2023-05-09,,active,3,49
S002158,A002158,PLN_STARTER,2024-12-25,,active,5,49
S002159,A002159,PLN_SCALE,2023-10-30,,active,97,799
S002160,A002160,PLN_GROWTH,2024-10-09,,active,10,199
S002161,A002161,PLN_SCALE,2023-07-28,,active,67,799
S002162,A002162,PLN_SCALE,2024-01-19,,active,85,799
S002163,A002163,PLN_STARTER,2024-11-13,,active,5,49
S002164,A002164,PLN_STARTER,2024-08-10,2025-10-31,cancelled,2,49
S002165,A002165,PLN_STARTER,2025-09-11,,active,4,49
S002166,A002166,PLN_STARTER,2023-05-21,2023-11-02,cancelled,2,49
S002167,A002167,PLN_SCALE,2023-04-01,2024-01-01,cancelled,128,967
S002168,A002168,PLN_STARTER,2023-11-17,2024-04-13,cancelled,2,49
S002169,A002169,PLN_ENTERPRISE,2024-02-18,,active,483,2499
S002170,A002170,PLN_STARTER,2024-09-06,,active,3,49
S002171,A002171,PLN_SCALE,2023-01-19,,active,69,799
S002172,A002172,PLN_GROWTH,2025-09-20,,active,8,199
S002173,A002173,PLN_STARTER,2023-05-07,,active,4,49
S002174,A002174,PLN_STARTER,2024-10-07,,active,4,49
S002175,A002175,PLN_STARTER,2023-12-29,2025-11-11,cancelled,5,49
S002176,A002176,PLN_GROWTH,2025-07-01,,active,9,199
S002177,A002177,PLN_GROWTH,2024-07-05,2025-09-28,cancelled,13,199
S002178,A002178,PLN_STARTER,2024-03-17,,active,5,49
S002179,A002179,PLN_STARTER,2023-12-03,2025-01-24,cancelled,5,49
S002180,A002180,PLN_STARTER,2024-06-21,,active,2,49
S002181,A002181,PLN_STARTER,2024-04-22,,active,2,49
S002182,A002182,PLN_GROWTH,2024-09-22,,active,17,199
S002183,A002183,PLN_ENTERPRISE,2025-05-04,,active,201,2499
S002184,A002184,PLN_SCALE,2024-05-27,,active,125,949
S002185,A002185,PLN_ENTERPRISE,2024-04-01,,active,178,2499
S002186,A002186,PLN_STARTER,2023-11-01,2024-05-30,cancelled,5,49
S002187,A002187,PLN_GROWTH,2024-01-02,2025-05-15,cancelled,7,199
S002188,A002188,PLN_STARTER,2023-08-08,2024-08-19,cancelled,5,49
S002189,A002189,PLN_GROWTH,2025-04-24,,active,16,199
S002190,A002190,PLN_STARTER,2023-05-25,2025-02-02,cancelled,2,49
S002191,A002191,PLN_STARTER,2023-02-17,,active,5,49
S002192,A002192,PLN_STARTER,2024-07-17,,active,3,49
S002193,A002193,PLN_STARTER,2024-07-24,,active,2,49
S002194,A002194,PLN_SCALE,2023-11-20,,active,119,913
S002195,A002195,PLN_GROWTH,2024-08-12,,active,16,199
S002196,A002196,PLN_SCALE,2024-04-30,,active,72,799
S002197,A002197,PLN_GROWTH,2024-06-18,,active,13,199
S002198,A002198,PLN_GROWTH,2024-07-27,,active,11,199
S002199,A002199,PLN_GROWTH,2024-09-05,,active,23,223
S002200,A002200,PLN_GROWTH,2025-05-04,,active,19,199
S002201,A002201,PLN_STARTER,2024-08-31,,active,5,49
S002202,A002202,PLN_STARTER,2025-06-07,,active,3,49
S002203,A002203,PLN_SCALE,2024-02-25,,active,59,799
S002204,A002204,PLN_SCALE,2025-05-24,,active,125,949
S002205,A002205,PLN_SCALE,2024-07-07,,active,109,853
S002206,A002206,PLN_STARTER,2024-06-28,,active,5,49
S002207,A002207,PLN_STARTER,2025-08-30,,active,4,49
S002208,A002208,PLN_GROWTH,2023-10-20,,active,17,199
S002209,A002209,PLN_STARTER,2025-07-25,,active,4,49
S002210,A002210,PLN_SCALE,2024-08-18,,active,103,817
S002211,A002211,PLN_GROWTH,2023-07-01,2025-01-16,cancelled,13,199
S002212,A002212,PLN_STARTER,2025-04-20,2025-11-20,cancelled,1,49
S002213,A002213,PLN_GROWTH,2023-03-29,,active,23,223
S002214,A002214,PLN_STARTER,2024-12-22,2025-04-16,cancelled,4,49
S002215,A002215,PLN_STARTER,2023-12-14,,active,5,49
S002216,A002216,PLN_STARTER,2025-08-07,,active,3,49
S002217,A002217,PLN_GROWTH,2025-10-08,,active,18,199
S002218,A002218,PLN_STARTER,2023-08-16,,active,5,49
S002219,A002219,PLN_STARTER,2024-10-26,2025-07-14,cancelled,4,49
S002220,A002220,PLN_GROWTH,2024-02-13,2025-01-28,cancelled,18,199
S002221,A002221,PLN_STARTER,2024-03-21,,active,6,59
S002222,A002222,PLN_GROWTH,2025-03-03,,active,14,199
S002223,A002223,PLN_STARTER,2023-09-23,,active,2,49
S002224,A002224,PLN_STARTER,2023-04-15,,active,3,49
S002225,A002225,PLN_STARTER,2023-04-13,,active,3,49
S002226,A002226,PLN_SCALE,2023-11-30,2025-05-16,cancelled,115,889
S002227,A002227,PLN_GROWTH,2024-12-22,,active,11,199
S002228,A002228,PLN_STARTER,2024-10-29,,active,3,49
S002229,A002229,PLN_GROWTH,2024-01-15,,active,8,199
S002230,A002230,PLN_STARTER,2024-06-29,,active,2,49
S002231,A002231,PLN_GROWTH,2025-03-29,,active,15,199
S002232,A002232,PLN_GROWTH,2024-09-06,,active,16,199
S002233,A002233,PLN_STARTER,2024-05-08,,active,4,49
S002234,A002234,PLN_STARTER,2023-11-12,,active,2,49
S002235,A002235,PLN_STARTER,2025-03-21,,active,3,49
S002236,A002236,PLN_STARTER,2023-08-10,,active,5,49
S002237,A002237,PLN_STARTER,2024-07-23,,active,4,49
S002238,A002238,PLN_GROWTH,2023-05-08,,active,24,231
S002239,A002239,PLN_GROWTH,2023-08-15,2025-04-19,cancelled,8,199
S002240,A002240,PLN_GROWTH,2025-09-29,,active,16,199
S002241,A002241,PLN_STARTER,2025-02-23,,active,1,49
S002242,A002242,PLN_GROWTH,2024-12-10,,active,15,199
S002243,A002243,PLN_STARTER,2025-07-05,,active,3,49
S002244,A002244,PLN_GROWTH,2023-01-19,,active,18,199
S002245,A002245,PLN_GROWTH,2024-07-05,,active,19,199
S002246,A002246,PLN_GROWTH,2024-01-04,,active,19,199
S002247,A002247,PLN_ENTERPRISE,2023-09-26,2024-02-11,cancelled,397,2499
S002248,A002248,PLN_STARTER,2025-07-22,,active,3,49
S002249,A002249,PLN_STARTER,2025-03-15,,active,4,49
S002250,A002250,PLN_GROWTH,2023-08-10,,active,14,199
S002251,A002251,PLN_ENTERPRISE,2023-03-21,,active,284,2499
S002252,A002252,PLN_STARTER,2024-04-30,2024-10-22,cancelled,3,49
S002253,A002253,PLN_GROWTH,2023-02-13,2023-10-15,cancelled,7,199
S002254,A002254,PLN_ENTERPRISE,2025-08-07,,active,214,2499
S002255,A002255,PLN_STARTER,2025-06-29,,active,3,49
S002256,A002256,PLN_STARTER,2025-01-13,,active,3,49
S002257,A002257,PLN_STARTER,2023-08-10,,active,2,49
S002258,A002258,PLN_STARTER,2025-01-05,,active,4,49
S002259,A002259,PLN_STARTER,2023-11-03,2024-05-09,cancelled,4,49
S002260,A002260,PLN_STARTER,2023-11-14,,active,1,49
S002261,A002261,PLN_GROWTH,2024-01-25,2024-11-11,cancelled,17,199
S002262,A002262,PLN_STARTER,2025-07-01,,active,2,49
S002263,A002263,PLN_GROWTH,2025-06-30,,active,18,199
S002264,A002264,PLN_STARTER,2024-09-20,,active,4,49
S002265,A002265,PLN_GROWTH,2023-05-23,,active,8,199
S002266,A002266,PLN_STARTER,2023-12-04,,active,2,49
S002267,A002267,PLN_STARTER,2025-03-14,2025-11-16,cancelled,5,49
S002268,A002268,PLN_STARTER,2024-01-16,,active,2,49
S002269,A002269,PLN_SCALE,2025-03-02,,active,111,865
S002270,A002270,PLN_STARTER,2023-06-02,2023-11-27,cancelled,3,49
S002271,A002271,PLN_STARTER,2024-02-20,2025-12-01,cancelled,6,59
S002272,A002272,PLN_STARTER,2024-10-14,,active,4,49
S002273,A002273,PLN_STARTER,2025-03-22,,active,6,59
S002274,A002274,PLN_STARTER,2024-04-18,2024-10-20,cancelled,5,49
S002275,A002275,PLN_STARTER,2023-03-16,,active,3,49
S002276,A002276,PLN_STARTER,2023-10-05,2025-03-28,cancelled,2,49
S002277,A002277,PLN_STARTER,2024-03-23,,active,4,49
S002278,A002278,PLN_STARTER,2024-09-25,,active,4,49
S002279,A002279,PLN_GROWTH,2025-02-27,,active,20,199
S002280,A002280,PLN_STARTER,2025-06-22,,active,3,49
S002281,A002281,PLN_STARTER,2024-08-27,,active,5,49
S002282,A002282,PLN_STARTER,2024-08-23,,active,3,49
S002283,A002283,PLN_GROWTH,2025-07-19,,active,20,199
S002284,A002284,PLN_GROWTH,2024-04-28,,active,8,199
S002285,A002285,PLN_STARTER,2023-04-01,,active,5,49
S002286,A002286,PLN_SCALE,2024-02-04,,active,111,865
S002287,A002287,PLN_ENTERPRISE,2024-07-26,,active,343,2499
S002288,A002288,PLN_GROWTH,2024-05-27,2025-01-09,cancelled,15,199
S002289,A002289,PLN_STARTER,2025-03-21,,active,4,49
S002290,A002290,PLN_GROWTH,2024-01-13,,active,20,199
S002291,A002291,PLN_GROWTH,2023-09-09,2025-07-24,cancelled,8,199
S002292,A002292,PLN_STARTER,2025-05-29,,active,4,49
S002293,A002293,PLN_GROWTH,2023-11-16,,active,22,215
S002294,A002294,PLN_STARTER,2024-11-01,,active,4,49
S002295,A002295,PLN_STARTER,2023-09-09,,active,6,59
S002296,A002296,PLN_GROWTH,2025-05-20,,active,10,199
S002297,A002297,PLN_SCALE,2024-04-02,,active,112,871
S002298,A002298,PLN_GROWTH,2023-10-29,,active,25,239
S002299,A002299,PLN_STARTER,2024-02-25,2025-04-21,cancelled,2,49
S002300,A002300,PLN_STARTER,2023-02-28,,active,3,49
S002301,A002301,PLN_STARTER,2024-04-21,,active,5,49
S002302,A002302,PLN_STARTER,2025-01-19,,active,4,49
S002303,A002303,PLN_STARTER,2025-05-07,,active,5,49
S002304,A002304,PLN_STARTER,2023-11-28,,active,5,49
S002305,A002305,PLN_STARTER,2024-07-10,,active,5,49
S002306,A002306,PLN_GROWTH,2024-07-15,,active,15,199
S002307,A002307,PLN_SCALE,2024-05-27,,active,90,799
S002308,A002308,PLN_GROWTH,2024-03-28,,active,9,199
S002309,A002309,PLN_GROWTH,2024-12-21,2025-09-30,cancelled,16,199
S002310,A002310,PLN_STARTER,2023-07-31,,active,2,49
S002311,A002311,PLN_STARTER,2025-07-06,,active,4,49
S002312,A002312,PLN_STARTER,2023-02-15,,active,6,59
S002313,A002313,PLN_STARTER,2024-09-22,,active,3,49
S002314,A002314,PLN_GROWTH,2025-05-28,,active,21,207
S002315,A002315,PLN_GROWTH,2025-08-20,,active,26,247
S002316,A002316,PLN_STARTER,2025-07-22,,active,3,49
S002317,A002317,PLN_GROWTH,2023-07-02,2024-09-12,cancelled,16,199
S002318,A002318,PLN_STARTER,2023-04-11,2025-03-06,cancelled,5,49
S002319,A002319,PLN_SCALE,2025-06-17,,active,73,799
S002320,A002320,PLN_STARTER,2024-12-16,,active,4,49
S002321,A002321,PLN_GROWTH,2025-01-02,,active,10,199
S002322,A002322,PLN_SCALE,2024-03-25,,active,93,799
S002323,A002323,PLN_GROWTH,2025-02-17,,active,13,199
S002324,A002324,PLN_STARTER,2023-12-19,2024-09-11,cancelled,3,49
S002325,A002325,PLN_SCALE,2023-07-13,,active,102,811
S002326,A002326,PLN_GROWTH,2024-04-20,,active,26,247
S002327,A002327,PLN_STARTER,2024-08-15,,active,3,49
S002328,A002328,PLN_SCALE,2023-10-31,,active,124,943
S002329,A002329,PLN_STARTER,2024-07-11,,active,2,49
S002330,A002330,PLN_SCALE,2025-01-07,,active,65,799
S002331,A002331,PLN_STARTER,2023-10-05,2024-03-07,cancelled,3,49
S002332,A002332,PLN_STARTER,2023-11-22,2024-11-22,cancelled,6,59
S002333,A002333,PLN_GROWTH,2025-09-01,,active,21,207
S002334,A002334,PLN_ENTERPRISE,2023-01-24,,active,298,2499
S002335,A002335,PLN_STARTER,2023-03-26,2024-06-17,cancelled,2,49
S002336,A002336,PLN_STARTER,2023-08-28,2024-02-17,cancelled,2,49
S002337,A002337,PLN_ENTERPRISE,2025-08-24,,active,230,2499
S002338,A002338,PLN_STARTER,2023-07-03,2025-03-02,cancelled,1,49
S002339,A002339,PLN_STARTER,2023-11-04,2024-08-05,cancelled,4,49
S002340,A002340,PLN_STARTER,2024-09-27,,active,2,49
S002341,A002341,PLN_ENTERPRISE,2024-02-26,,active,263,2499
S002342,A002342,PLN_SCALE,2024-10-18,,active,133,997
S002343,A002343,PLN_SCALE,2023-11-16,2025-04-13,cancelled,49,799
S002344,A002344,PLN_ENTERPRISE,2025-08-08,,active,311,2499
S002345,A002345,PLN_GROWTH,2025-09-10,,active,7,199
S002346,A002346,PLN_STARTER,2024-01-06,,active,6,59
S002347,A002347,PLN_GROWTH,2025-06-23,,active,24,231
S002348,A002348,PLN_GROWTH,2024-05-10,,active,10,199
S002349,A002349,PLN_STARTER,2024-05-03,,active,3,49
S002350,A002350,PLN_ENTERPRISE,2023-04-19,,active,259,2499
S002351,A002351,PLN_GROWTH,2024-01-22,,active,21,207
S002352,A002352,PLN_GROWTH,2023-07-02,,active,23,223
S002353,A002353,PLN_GROWTH,2024-01-10,,active,7,199
S002354,A002354,PLN_GROWTH,2023-05-13,,active,10,199
S002355,A002355,PLN_STARTER,2024-02-02,,active,6,59
S002356,A002356,PLN_ENTERPRISE,2025-09-08,,active,359,2499
S002357,A002357,PLN_STARTER,2023-07-19,,active,2,49
S002358,A002358,PLN_GROWTH,2023-09-07,,active,15,199
S002359,A002359,PLN_GROWTH,2025-03-07,,active,18,199
S002360,A002360,PLN_STARTER,2023-05-01,,active,3,49
S002361,A002361,PLN_STARTER,2023-05-22,,active,3,49
S002362,A002362,PLN_STARTER,2023-07-15,,active,6,59
S002363,A002363,PLN_STARTER,2023-12-04,,active,6,59
S002364,A002364,PLN_STARTER,2025-03-21,,active,4,49
S002365,A002365,PLN_STARTER,2025-09-26,,active,2,49
S002366,A002366,PLN_STARTER,2024-06-27,,active,4,49
S002367,A002367,PLN_SCALE,2024-05-18,,active,61,799
S002368,A002368,PLN_GROWTH,2025-03-22,,active,11,199
S002369,A002369,PLN_STARTER,2025-10-11,,active,4,49
S002370,A002370,PLN_GROWTH,2023-09-20,,active,10,199
S002371,A002371,PLN_STARTER,2023-07-31,,active,3,49
S002372,A002372,PLN_STARTER,2025-09-24,,active,3,49
S002373,A002373,PLN_STARTER,2024-03-09,2024-06-30,cancelled,6,59
S002374,A002374,PLN_STARTER,2024-04-18,,active,4,49
S002375,A002375,PLN_SCALE,2024-05-16,,active,39,799
S002376,A002376,PLN_GROWTH,2023-02-07,2024-03-12,cancelled,10,199
S002377,A002377,PLN_STARTER,2024-12-19,,active,5,49
S002378,A002378,PLN_STARTER,2023-02-06,,active,2,49
S002379,A002379,PLN_STARTER,2025-03-14,,active,3,49
S002380,A002380,PLN_GROWTH,2025-05-09,,active,24,231
S002381,A002381,PLN_GROWTH,2025-01-20,,active,14,199
S002382,A002382,PLN_GROWTH,2024-10-30,,active,20,199
S002383,A002383,PLN_STARTER,2024-10-10,2025-12-10,cancelled,3,49
S002384,A002384,PLN_STARTER,2024-09-24,,active,5,49
S002385,A002385,PLN_GROWTH,2025-06-26,,active,22,215
S002386,A002386,PLN_GROWTH,2023-02-25,,active,9,199
S002387,A002387,PLN_STARTER,2025-09-10,,active,2,49
S002388,A002388,PLN_ENTERPRISE,2025-09-03,,active,356,2499
S002389,A002389,PLN_STARTER,2025-09-11,,active,2,49
S002390,A002390,PLN_GROWTH,2024-04-21,,active,22,215
S002391,A002391,PLN_STARTER,2023-02-19,,active,3,49
S002392,A002392,PLN_STARTER,2025-06-21,,active,4,49
S002393,A002393,PLN_SCALE,2025-05-15,,active,43,799
S002394,A002394,PLN_STARTER,2025-05-13,,active,2,49
S002395,A002395,PLN_STARTER,2023-03-29,2024-04-15,cancelled,1,49
S002396,A002396,PLN_STARTER,2023-07-22,2024-12-27,cancelled,1,49
S002397,A002397,PLN_STARTER,2024-03-02,,active,4,49
S002398,A002398,PLN_SCALE,2023-05-28,,active,93,799
S002399,A002399,PLN_STARTER,2023-04-01,2024-03-15,cancelled,6,59
S002400,A002400,PLN_STARTER,2024-04-12,,active,2,49
S002401,A002401,PLN_SCALE,2023-08-18,,active,36,799
S002402,A002402,PLN_GROWTH,2023-10-04,,active,13,199
S002403,A002403,PLN_GROWTH,2023-03-09,2024-08-30,cancelled,10,199
S002404,A002404,PLN_SCALE,2023-03-23,,active,105,829
S002405,A002405,PLN_STARTER,2023-02-27,,active,3,49
S002406,A002406,PLN_STARTER,2024-04-27,,active,4,49
S002407,A002407,PLN_STARTER,2023-07-25,,active,4,49
S002408,A002408,PLN_STARTER,2023-01-10,,active,4,49
S002409,A002409,PLN_GROWTH,2025-10-29,,active,13,199
S002410,A002410,PLN_GROWTH,2024-01-14,,active,21,207
S002411,A002411,PLN_GROWTH,2023-09-12,,active,17,199
S002412,A002412,PLN_GROWTH,2024-02-16,,active,26,247
S002413,A002413,PLN_GROWTH,2025-03-29,,active,14,199
S002414,A002414,PLN_STARTER,2025-02-27,,active,4,49
S002415,A002415,PLN_GROWTH,2025-06-24,,active,24,231
S002416,A002416,PLN_GROWTH,2025-01-28,2025-05-08,cancelled,8,199
S002417,A002417,PLN_ENTERPRISE,2024-04-05,2025-06-29,cancelled,208,2499
S002418,A002418,PLN_SCALE,2024-09-08,,active,115,889
S002419,A002419,PLN_SCALE,2025-02-15,,active,131,985
S002420,A002420,PLN_GROWTH,2023-08-08,2025-04-10,cancelled,23,223
S002421,A002421,PLN_SCALE,2023-05-03,2024-05-16,cancelled,124,943
S002422,A002422,PLN_GROWTH,2024-04-24,,active,9,199
S002423,A002423,PLN_GROWTH,2025-08-03,,active,7,199
S002424,A002424,PLN_STARTER,2023-10-06,,active,5,49
S002425,A002425,PLN_STARTER,2023-08-27,2024-02-28,cancelled,5,49
S002426,A002426,PLN_ENTERPRISE,2023-07-04,,active,329,2499
S002427,A002427,PLN_STARTER,2025-03-30,,active,2,49
S002428,A002428,PLN_STARTER,2023-05-24,,active,5,49
S002429,A002429,PLN_STARTER,2023-03-05,,active,1,49
S002430,A002430,PLN_SCALE,2025-09-26,,active,72,799
S002431,A002431,PLN_GROWTH,2024-12-24,,active,20,199
S002432,A002432,PLN_STARTER,2024-11-17,,active,2,49
S002433,A002433,PLN_STARTER,2025-08-29,,active,2,49
S002434,A002434,PLN_SCALE,2025-07-02,,active,126,955
S002435,A002435,PLN_STARTER,2025-04-01,,active,4,49
S002436,A002436,PLN_GROWTH,2023-09-15,,active,8,199
S002437,A002437,PLN_GROWTH,2024-05-12,,active,19,199
S002438,A002438,PLN_GROWTH,2024-10-12,,active,10,199
S002439,A002439,PLN_GROWTH,2023-09-26,2024-07-16,cancelled,8,199
S002440,A002440,PLN_STARTER,2023-11-30,,active,5,49
S002441,A002441,PLN_STARTER,2024-06-04,,active,2,49
S002442,A002442,PLN_STARTER,2025-09-13,,active,5,49
S002443,A002443,PLN_STARTER,2023-12-24,,active,6,59
S002444,A002444,PLN_SCALE,2024-09-05,,active,96,799
S002445,A002445,PLN_SCALE,2024-09-20,,active,63,799
S002446,A002446,PLN_GROWTH,2025-07-05,,active,20,199
S002447,A002447,PLN_GROWTH,2023-08-23,,active,15,199
S002448,A002448,PLN_GROWTH,2025-08-19,,active,22,215
S002449,A002449,PLN_STARTER,2023-05-10,,active,5,49
S002450,A002450,PLN_GROWTH,2025-05-07,,active,18,199
S002451,A002451,PLN_GROWTH,2025-08-16,,active,11,199
S002452,A002452,PLN_GROWTH,2025-03-01,,active,8,199
S002453,A002453,PLN_STARTER,2025-04-09,,active,5,49
S002454,A002454,PLN_STARTER,2023-02-10,,active,6,59
S002455,A002455,PLN_STARTER,2024-07-06,2025-09-24,cancelled,6,59
S002456,A002456,PLN_STARTER,2024-05-11,,active,3,49
S002457,A002457,PLN_STARTER,2024-01-24,,active,2,49
S002458,A002458,PLN_STARTER,2024-12-27,,active,3,49
S002459,A002459,PLN_STARTER,2024-08-20,,active,5,49
S002460,A002460,PLN_STARTER,2023-02-02,,active,2,49
S002461,A002461,PLN_GROWTH,2025-08-01,,active,23,223
S002462,A002462,PLN_STARTER,2024-03-01,,active,6,59
S002463,A002463,PLN_STARTER,2024-02-12,,active,3,49
S002464,A002464,PLN_ENTERPRISE,2025-07-28,,active,273,2499
S002465,A002465,PLN_GROWTH,2023-10-08,,active,17,199
S002466,A002466,PLN_ENTERPRISE,2023-12-19,2024-08-29,cancelled,238,2499
S002467,A002467,PLN_ENTERPRISE,2025-08-23,,active,274,2499
S002468,A002468,PLN_ENTERPRISE,2023-07-01,,active,341,2499
S002469,A002469,PLN_STARTER,2025-02-12,,active,6,59
S002470,A002470,PLN_STARTER,2025-04-24,,active,4,49
S002471,A002471,PLN_STARTER,2023-02-12,2024-11-10,cancelled,1,49
S002472,A002472,PLN_STARTER,2024-10-05,,active,2,49
S002473,A002473,PLN_SCALE,2025-07-03,,active,51,799
S002474,A002474,PLN_STARTER,2023-12-14,,active,3,49
S002475,A002475,PLN_STARTER,2025-01-03,,active,2,49
S002476,A002476,PLN_STARTER,2024-06-04,2025-02-18,cancelled,5,49
S002477,A002477,PLN_GROWTH,2024-11-13,,active,17,199
S002478,A002478,PLN_STARTER,2023-07-23,2023-11-19,cancelled,5,49
S002479,A002479,PLN_SCALE,2023-01-19,,active,90,799
S002480,A002480,PLN_ENTERPRISE,2025-05-25,,active,481,2499
S002481,A002481,PLN_STARTER,2025-07-30,,active,2,49
S002482,A002482,PLN_STARTER,2023-06-04,2025-04-16,cancelled,6,59
S002483,A002483,PLN_STARTER,2024-07-08,,active,2,49
S002484,A002484,PLN_STARTER,2025-02-18,,active,3,49
S002485,A002485,PLN_STARTER,2024-02-16,,active,2,49
S002486,A002486,PLN_SCALE,2024-07-19,2025-07-29,cancelled,113,877
S002487,A002487,PLN_STARTER,2023-11-09,,active,2,49
S002488,A002488,PLN_GROWTH,2024-04-01,,active,22,215
S002489,A002489,PLN_ENTERPRISE,2024-08-16,,active,495,2499
S002490,A002490,PLN_STARTER,2023-12-29,,active,3,49
S002491,A002491,PLN_STARTER,2024-02-24,,active,2,49
S002492,A002492,PLN_STARTER,2025-02-25,,active,6,59
S002493,A002493,PLN_SCALE,2024-07-13,2025-05-30,cancelled,112,871
S002494,A002494,PLN_STARTER,2025-09-01,,active,1,49
S002495,A002495,PLN_SCALE,2023-06-06,,active,50,799
S002496,A002496,PLN_GROWTH,2023-08-10,,active,8,199
S002497,A002497,PLN_STARTER,2024-05-08,2025-06-28,cancelled,2,49
S002498,A002498,PLN_GROWTH,2024-10-11,,active,15,199
S002499,A002499,PLN_STARTER,2024-02-20,,active,2,49
S002500,A002500,PLN_ENTERPRISE,2024-05-08,2025-07-19,cancelled,346,2499
S002501,A002501,PLN_GROWTH,2025-02-10,,active,13,199
S002502,A002502,PLN_ENTERPRISE,2025-07-31,,active,295,2499
S002503,A002503,PLN_GROWTH,2023-03-02,,active,24,231
S002504,A002504,PLN_GROWTH,2023-11-04,,active,23,223
S002505,A002505,PLN_STARTER,2024-08-07,,active,6,59
S002506,A002506,PLN_GROWTH,2023-04-03,,active,21,207
S002507,A002507,PLN_GROWTH,2024-02-05,,active,24,231
S002508,A002508,PLN_SCALE,2024-10-30,,active,38,799
S002509,A002509,PLN_GROWTH,2023-01-24,,active,13,199
S002510,A002510,PLN_STARTER,2025-04-23,,active,5,49
S002511,A002511,PLN_GROWTH,2024-04-13,,active,9,199
S002512,A002512,PLN_STARTER,2024-11-04,,active,5,49
S002513,A002513,PLN_STARTER,2025-08-01,,active,4,49
S002514,A002514,PLN_GROWTH,2025-02-23,,active,13,199
S002515,A002515,PLN_GROWTH,2024-03-10,2025-01-24,cancelled,7,199
S002516,A002516,PLN_GROWTH,2023-12-06,,active,25,239
S002517,A002517,PLN_ENTERPRISE,2024-03-19,,active,362,2499
S002518,A002518,PLN_ENTERPRISE,2023-12-24,,active,292,2499
S002519,A002519,PLN_STARTER,2025-09-19,,active,5,49
S002520,A002520,PLN_GROWTH,2025-09-22,,active,26,247
S002521,A002521,PLN_GROWTH,2024-08-02,2025-11-06,cancelled,17,199
S002522,A002522,PLN_STARTER,2023-04-23,,active,3,49
S002523,A002523,PLN_STARTER,2025-08-15,,active,5,49
S002524,A002524,PLN_STARTER,2023-04-14,2024-08-01,cancelled,5,49
S002525,A002525,PLN_STARTER,2024-12-22,,active,3,49
S002526,A002526,PLN_STARTER,2024-08-28,,active,3,49
S002527,A002527,PLN_SCALE,2025-01-08,,active,126,955
S002528,A002528,PLN_SCALE,2024-01-28,2025-10-18,cancelled,35,799
S002529,A002529,PLN_SCALE,2025-01-04,,active,99,799
S002530,A002530,PLN_GROWTH,2023-02-10,2024-05-17,cancelled,15,199
S002531,A002531,PLN_GROWTH,2023-10-20,2025-02-20,cancelled,24,231
S002532,A002532,PLN_STARTER,2024-03-12,2025-05-21,cancelled,4,49
S002533,A002533,PLN_GROWTH,2024-07-19,,active,20,199
S002534,A002534,PLN_STARTER,2023-05-11,,active,4,49
S002535,A002535,PLN_STARTER,2025-08-10,2025-11-29,cancelled,3,49
S002536,A002536,PLN_STARTER,2023-03-30,,active,2,49
S002537,A002537,PLN_STARTER,2024-10-08,,active,3,49
S002538,A002538,PLN_ENTERPRISE,2025-10-01,,active,268,2499
S002539,A002539,PLN_GROWTH,2023-08-08,2025-06-18,cancelled,12,199
S002540,A002540,PLN_GROWTH,2024-02-13,2025-06-01,cancelled,26,247
S002541,A002541,PLN_GROWTH,2024-10-03,,active,15,199
S002542,A002542,PLN_STARTER,2023-11-17,2024-10-18,cancelled,3,49
S002543,A002543,PLN_GROWTH,2024-06-20,,active,13,199
S002544,A002544,PLN_STARTER,2024-01-11,,active,4,49
S002545,A002545,PLN_STARTER,2023-04-27,2024-02-01,cancelled,4,49
S002546,A002546,PLN_STARTER,2025-01-26,2025-10-06,cancelled,4,49
S002547,A002547,PLN_STARTER,2025-04-28,,active,3,49
S002548,A002548,PLN_STARTER,2024-12-06,,active,3,49
S002549,A002549,PLN_GROWTH,2025-04-02,,active,14,199
S002550,A002550,PLN_GROWTH,2023-08-12,,active,26,247
S002551,A002551,PLN_STARTER,2024-03-13,,active,2,49
S002552,A002552,PLN_STARTER,2023-09-24,,active,3,49
S002553,A002553,PLN_GROWTH,2024-06-13,,active,15,199
S002554,A002554,PLN_SCALE,2023-09-18,2024-08-30,cancelled,40,799
S002555,A002555,PLN_GROWTH,2024-07-24,,active,26,247
S002556,A002556,PLN_GROWTH,2023-12-18,,active,10,199
S002557,A002557,PLN_SCALE,2025-06-13,,active,124,943
S002558,A002558,PLN_STARTER,2023-04-22,,active,6,59
S002559,A002559,PLN_SCALE,2023-06-02,2023-11-12,cancelled,124,943
S002560,A002560,PLN_STARTER,2025-07-14,,active,2,49
S002561,A002561,PLN_STARTER,2023-09-03,,active,4,49
S002562,A002562,PLN_STARTER,2025-01-19,,active,3,49
S002563,A002563,PLN_STARTER,2025-03-31,,active,5,49
S002564,A002564,PLN_GROWTH,2024-11-11,2025-03-23,cancelled,22,215
S002565,A002565,PLN_GROWTH,2025-09-13,,active,10,199
S002566,A002566,PLN_STARTER,2025-04-26,,active,5,49
S002567,A002567,PLN_GROWTH,2024-02-27,2025-12-07,cancelled,21,207
S002568,A002568,PLN_STARTER,2024-08-31,,active,3,49
S002569,A002569,PLN_ENTERPRISE,2025-06-13,,active,257,2499
S002570,A002570,PLN_STARTER,2025-02-25,,active,6,59
S002571,A002571,PLN_STARTER,2024-11-02,,active,6,59
S002572,A002572,PLN_SCALE,2025-05-15,,active,99,799
S002573,A002573,PLN_GROWTH,2023-06-19,,active,18,199
S002574,A002574,PLN_SCALE,2025-09-05,,active,100,799
S002575,A002575,PLN_GROWTH,2025-08-07,,active,19,199
S002576,A002576,PLN_STARTER,2024-01-24,2024-09-26,cancelled,5,49
S002577,A002577,PLN_STARTER,2025-03-07,,active,3,49
S002578,A002578,PLN_STARTER,2023-01-19,2023-07-01,cancelled,6,59
S002579,A002579,PLN_STARTER,2024-09-29,,active,3,49
S002580,A002580,PLN_STARTER,2023-08-03,2025-04-11,cancelled,5,49
S002581,A002581,PLN_GROWTH,2024-04-14,,active,23,223
S002582,A002582,PLN_STARTER,2025-04-02,,active,4,49
S002583,A002583,PLN_GROWTH,2024-01-16,,active,24,231
S002584,A002584,PLN_STARTER,2024-06-02,,active,2,49
S002585,A002585,PLN_STARTER,2023-02-20,,active,3,49
S002586,A002586,PLN_STARTER,2023-10-18,,active,5,49
S002587,A002587,PLN_SCALE,2024-02-02,2024-06-16,cancelled,38,799
S002588,A002588,PLN_STARTER,2025-06-21,,active,6,59
S002589,A002589,PLN_SCALE,2024-10-05,,active,40,799
S002590,A002590,PLN_GROWTH,2024-08-26,,active,22,215
S002591,A002591,PLN_GROWTH,2025-08-24,,active,18,199
S002592,A002592,PLN_ENTERPRISE,2025-08-09,,active,176,2499
S002593,A002593,PLN_ENTERPRISE,2024-11-13,,active,399,2499
S002594,A002594,PLN_GROWTH,2024-02-08,2025-08-29,cancelled,17,199
S002595,A002595,PLN_GROWTH,2023-07-18,,active,26,247
S002596,A002596,PLN_GROWTH,2023-08-04,2024-06-26,cancelled,10,199
S002597,A002597,PLN_STARTER,2025-06-03,,active,2,49
S002598,A002598,PLN_SCALE,2025-05-18,,active,79,799
S002599,A002599,PLN_SCALE,2024-12-23,,active,82,799
S002600,A002600,PLN_STARTER,2023-02-14,,active,1,49
S002601,A002601,PLN_STARTER,2025-08-26,,active,6,59
S002602,A002602,PLN_STARTER,2024-06-11,,active,6,59
S002603,A002603,PLN_GROWTH,2025-08-02,,active,10,199
S002604,A002604,PLN_GROWTH,2024-06-29,,active,10,199
S002605,A002605,PLN_STARTER,2023-06-05,,active,3,49
S002606,A002606,PLN_STARTER,2023-04-21,,active,6,59
S002607,A002607,PLN_SCALE,2024-06-10,,active,133,997
S002608,A002608,PLN_SCALE,2023-09-01,,active,120,919
S002609,A002609,PLN_STARTER,2024-02-01,,active,5,49
S002610,A002610,PLN_GROWTH,2025-02-20,,active,23,223
S002611,A002611,PLN_STARTER,2023-04-28,,active,3,49
S002612,A002612,PLN_GROWTH,2023-09-20,,active,7,199
S002613,A002613,PLN_STARTER,2023-01-19,,active,4,49
S002614,A002614,PLN_STARTER,2024-02-11,2025-01-31,cancelled,3,49
S002615,A002615,PLN_STARTER,2023-08-10,,active,5,49
S002616,A002616,PLN_GROWTH,2024-12-24,2025-03-30,cancelled,19,199
S002617,A002617,PLN_STARTER,2025-04-14,,active,3,49
S002618,A002618,PLN_GROWTH,2025-02-13,2025-12-04,cancelled,9,199
S002619,A002619,PLN_ENTERPRISE,2023-08-02,,active,290,2499
S002620,A002620,PLN_STARTER,2025-06-14,,active,5,49
S002621,A002621,PLN_GROWTH,2023-12-28,2024-07-27,cancelled,16,199
S002622,A002622,PLN_GROWTH,2023-06-21,,active,19,199
S002623,A002623,PLN_GROWTH,2023-03-03,2024-07-06,cancelled,17,199
S002624,A002624,PLN_GROWTH,2023-09-15,,active,26,247
S002625,A002625,PLN_GROWTH,2024-09-26,,active,13,199
S002626,A002626,PLN_GROWTH,2023-11-19,,active,7,199
S002627,A002627,PLN_GROWTH,2024-10-13,,active,8,199
S002628,A002628,PLN_STARTER,2023-07-24,,active,6,59
S002629,A002629,PLN_STARTER,2023-04-03,,active,6,59
S002630,A002630,PLN_STARTER,2025-10-26,,active,4,49
S002631,A002631,PLN_STARTER,2025-02-28,,active,4,49
S002632,A002632,PLN_STARTER,2024-08-01,,active,6,59
S002633,A002633,PLN_STARTER,2024-08-21,,active,2,49
S002634,A002634,PLN_STARTER,2024-09-29,,active,6,59
S002635,A002635,PLN_GROWTH,2024-11-03,,active,11,199
S002636,A002636,PLN_STARTER,2023-03-23,,active,2,49
S002637,A002637,PLN_SCALE,2023-10-04,,active,52,799
S002638,A002638,PLN_STARTER,2025-06-24,,active,6,59
S002639,A002639,PLN_GROWTH,2023-02-20,,active,12,199
S002640,A002640,PLN_GROWTH,2025-06-02,,active,25,239
S002641,A002641,PLN_GROWTH,2024-08-21,,active,25,239
S002642,A002642,PLN_STARTER,2023-09-06,,active,4,49
S002643,A002643,PLN_GROWTH,2025-09-04,,active,25,239
S002644,A002644,PLN_SCALE,2025-02-10,,active,67,799
S002645,A002645,PLN_STARTER,2024-03-29,,active,5,49
S002646,A002646,PLN_SCALE,2023-03-23,,active,101,805
S002647,A002647,PLN_STARTER,2023-03-31,,active,6,59
S002648,A002648,PLN_STARTER,2023-11-25,,active,4,49
S002649,A002649,PLN_STARTER,2023-06-23,2025-05-14,cancelled,6,59
S002650,A002650,PLN_STARTER,2024-02-08,2024-06-04,cancelled,6,59
S002651,A002651,PLN_SCALE,2023-07-12,,active,54,799
S002652,A002652,PLN_STARTER,2025-01-30,,active,6,59
S002653,A002653,PLN_STARTER,2023-06-14,,active,6,59
S002654,A002654,PLN_STARTER,2025-04-14,,active,5,49
S002655,A002655,PLN_STARTER,2023-08-04,2024-01-02,cancelled,3,49
S002656,A002656,PLN_SCALE,2023-07-17,2024-09-24,cancelled,129,973
S002657,A002657,PLN_STARTER,2023-06-25,,active,6,59
S002658,A002658,PLN_GROWTH,2024-07-22,,active,15,199
S002659,A002659,PLN_STARTER,2024-08-19,,active,3,49
S002660,A002660,PLN_GROWTH,2025-05-06,,active,17,199
S002661,A002661,PLN_GROWTH,2023-04-04,2024-09-13,cancelled,9,199
S002662,A002662,PLN_GROWTH,2024-08-05,2025-04-16,cancelled,9,199
S002663,A002663,PLN_STARTER,2024-03-31,,active,4,49
S002664,A002664,PLN_SCALE,2023-08-01,2024-10-17,cancelled,59,799
S002665,A002665,PLN_GROWTH,2024-11-01,,active,18,199
S002666,A002666,PLN_SCALE,2025-06-30,,active,119,913
S002667,A002667,PLN_GROWTH,2025-05-21,,active,10,199
S002668,A002668,PLN_STARTER,2024-05-03,,active,5,49
S002669,A002669,PLN_ENTERPRISE,2024-04-15,,active,220,2499
S002670,A002670,PLN_STARTER,2023-02-15,,active,4,49
S002671,A002671,PLN_GROWTH,2023-11-12,2024-09-19,cancelled,22,215
S002672,A002672,PLN_STARTER,2024-12-15,,active,4,49
S002673,A002673,PLN_STARTER,2024-07-02,,active,1,49
S002674,A002674,PLN_STARTER,2023-10-15,,active,3,49
S002675,A002675,PLN_GROWTH,2025-05-31,,active,10,199
S002676,A002676,PLN_SCALE,2023-11-14,,active,81,799
S002677,A002677,PLN_GROWTH,2023-09-16,,active,13,199
S002678,A002678,PLN_GROWTH,2024-04-02,,active,10,199
S002679,A002679,PLN_ENTERPRISE,2025-08-12,,active,286,2499
S002680,A002680,PLN_STARTER,2023-12-04,,active,4,49
S002681,A002681,PLN_STARTER,2025-02-01,,active,6,59
S002682,A002682,PLN_GROWTH,2023-09-13,,active,15,199
S002683,A002683,PLN_GROWTH,2024-03-21,,active,12,199
S002684,A002684,PLN_STARTER,2023-08-31,2024-04-24,cancelled,4,49
S002685,A002685,PLN_STARTER,2024-10-03,2025-11-30,cancelled,5,49
S002686,A002686,PLN_GROWTH,2024-04-16,,active,19,199
S002687,A002687,PLN_STARTER,2023-02-04,,active,5,49
S002688,A002688,PLN_SCALE,2023-08-04,,active,52,799
S002689,A002689,PLN_STARTER,2024-08-09,,active,4,49
S002690,A002690,PLN_STARTER,2023-06-13,,active,4,49
S002691,A002691,PLN_STARTER,2024-09-06,,active,4,49
S002692,A002692,PLN_SCALE,2023-10-28,,active,111,865
S002693,A002693,PLN_STARTER,2023-04-13,2024-04-05,cancelled,2,49
S002694,A002694,PLN_GROWTH,2023-09-26,,active,7,199
S002695,A002695,PLN_SCALE,2024-08-21,,active,66,799
S002696,A002696,PLN_STARTER,2024-06-03,,active,2,49
S002697,A002697,PLN_STARTER,2025-02-24,,active,2,49
S002698,A002698,PLN_STARTER,2023-10-13,,active,3,49
S002699,A002699,PLN_STARTER,2024-08-30,,active,3,49
S002700,A002700,PLN_GROWTH,2024-09-30,2025-02-09,cancelled,21,207
S002701,A002701,PLN_STARTER,2024-01-08,2024-08-30,cancelled,3,49
S002702,A002702,PLN_GROWTH,2025-02-11,,active,24,231
S002703,A002703,PLN_SCALE,2025-04-02,,active,127,961
S002704,A002704,PLN_STARTER,2023-09-11,,active,2,49
S002705,A002705,PLN_GROWTH,2023-06-17,,active,17,199
S002706,A002706,PLN_SCALE,2024-07-17,2024-12-08,cancelled,125,949
S002707,A002707,PLN_GROWTH,2024-07-20,,active,10,199
S002708,A002708,PLN_STARTER,2023-05-24,,active,6,59
S002709,A002709,PLN_STARTER,2023-11-13,,active,5,49
S002710,A002710,PLN_STARTER,2023-06-27,,active,6,59
S002711,A002711,PLN_SCALE,2025-04-12,,active,49,799
S002712,A002712,PLN_GROWTH,2024-03-14,,active,24,231
S002713,A002713,PLN_ENTERPRISE,2024-07-25,,active,211,2499
S002714,A002714,PLN_STARTER,2023-10-12,,active,2,49
S002715,A002715,PLN_STARTER,2023-04-06,,active,3,49
S002716,A002716,PLN_STARTER,2023-10-18,,active,2,49
S002717,A002717,PLN_STARTER,2024-02-17,2025-01-01,cancelled,2,49
S002718,A002718,PLN_STARTER,2024-02-14,,active,3,49
S002719,A002719,PLN_STARTER,2025-02-28,,active,4,49
S002720,A002720,PLN_GROWTH,2023-10-17,,active,23,223
S002721,A002721,PLN_GROWTH,2024-09-21,2025-02-02,cancelled,17,199
S002722,A002722,PLN_GROWTH,2024-12-02,,active,20,199
S002723,A002723,PLN_STARTER,2024-06-07,2024-11-09,cancelled,6,59
S002724,A002724,PLN_STARTER,2024-11-28,,active,2,49
S002725,A002725,PLN_GROWTH,2023-06-21,,active,12,199
S002726,A002726,PLN_STARTER,2023-05-22,,active,3,49
S002727,A002727,PLN_STARTER,2024-04-16,,active,6,59
S002728,A002728,PLN_GROWTH,2025-10-06,,active,23,223
S002729,A002729,PLN_GROWTH,2024-11-28,,active,18,199
S002730,A002730,PLN_SCALE,2024-06-22,,active,86,799
S002731,A002731,PLN_STARTER,2023-01-22,,active,2,49
S002732,A002732,PLN_GROWTH,2024-04-12,,active,22,215
S002733,A002733,PLN_SCALE,2023-07-07,2024-11-04,cancelled,73,799
S002734,A002734,PLN_STARTER,2024-06-04,,active,2,49
S002735,A002735,PLN_ENTERPRISE,2024-04-26,,active,470,2499
S002736,A002736,PLN_STARTER,2023-07-26,,active,5,49
S002737,A002737,PLN_GROWTH,2025-09-06,,active,15,199
S002738,A002738,PLN_STARTER,2024-04-17,,active,4,49
S002739,A002739,PLN_GROWTH,2024-05-22,,active,7,199
S002740,A002740,PLN_GROWTH,2023-04-30,,active,20,199
S002741,A002741,PLN_STARTER,2024-09-28,,active,5,49
S002742,A002742,PLN_GROWTH,2025-06-22,,active,21,207
S002743,A002743,PLN_SCALE,2024-08-20,2025-01-07,cancelled,65,799
S002744,A002744,PLN_GROWTH,2024-07-02,2025-02-13,cancelled,24,231
S002745,A002745,PLN_STARTER,2024-06-14,,active,5,49
S002746,A002746,PLN_STARTER,2024-08-12,2025-08-07,cancelled,2,49
S002747,A002747,PLN_SCALE,2024-03-13,,active,106,835
S002748,A002748,PLN_GROWTH,2024-08-22,,active,16,199
S002749,A002749,PLN_STARTER,2025-02-19,,active,6,59
S002750,A002750,PLN_ENTERPRISE,2024-05-30,,active,299,2499
S002751,A002751,PLN_STARTER,2023-03-14,,active,4,49
S002752,A002752,PLN_STARTER,2024-01-06,2025-09-27,cancelled,3,49
S002753,A002753,PLN_STARTER,2024-02-09,2025-04-29,cancelled,6,59
S002754,A002754,PLN_GROWTH,2024-10-03,2025-08-07,cancelled,7,199
S002755,A002755,PLN_STARTER,2023-12-23,,active,3,49
S002756,A002756,PLN_GROWTH,2024-05-04,,active,20,199
S002757,A002757,PLN_SCALE,2024-05-10,,active,36,799
S002758,A002758,PLN_GROWTH,2025-10-07,,active,16,199
S002759,A002759,PLN_STARTER,2024-09-24,,active,5,49
S002760,A002760,PLN_STARTER,2024-05-27,,active,5,49
S002761,A002761,PLN_STARTER,2025-04-27,,active,5,49
S002762,A002762,PLN_GROWTH,2024-07-06,,active,25,239
S002763,A002763,PLN_GROWTH,2025-10-20,,active,12,199
S002764,A002764,PLN_GROWTH,2025-05-26,,active,25,239
S002765,A002765,PLN_STARTER,2024-06-27,2024-10-31,cancelled,2,49
S002766,A002766,PLN_STARTER,2023-07-24,,active,2,49
S002767,A002767,PLN_SCALE,2024-01-02,,active,49,799
S002768,A002768,PLN_STARTER,2024-12-22,,active,3,49
S002769,A002769,PLN_STARTER,2024-09-04,,active,2,49
S002770,A002770,PLN_STARTER,2024-01-14,,active,4,49
S002771,A002771,PLN_STARTER,2025-08-30,,active,4,49
S002772,A002772,PLN_STARTER,2024-12-23,,active,1,49
S002773,A002773,PLN_GROWTH,2025-10-08,,active,17,199
S002774,A002774,PLN_STARTER,2025-08-02,,active,4,49
S002775,A002775,PLN_SCALE,2024-12-13,,active,69,799
S002776,A002776,PLN_STARTER,2023-03-22,2024-10-17,cancelled,4,49
S002777,A002777,PLN_STARTER,2023-10-31,2025-02-04,cancelled,1,49
S002778,A002778,PLN_STARTER,2024-02-15,,active,1,49
S002779,A002779,PLN_GROWTH,2024-02-26,2025-08-02,cancelled,8,199
S002780,A002780,PLN_STARTER,2024-10-30,,active,2,49
S002781,A002781,PLN_GROWTH,2024-07-25,2025-05-15,cancelled,15,199
S002782,A002782,PLN_SCALE,2025-01-26,,active,72,799
S002783,A002783,PLN_GROWTH,2025-10-14,,active,24,231
S002784,A002784,PLN_STARTER,2023-08-04,2024-07-12,cancelled,3,49
S002785,A002785,PLN_SCALE,2025-09-12,,active,74,799
S002786,A002786,PLN_STARTER,2023-12-05,,active,4,49
S002787,A002787,PLN_STARTER,2023-09-14,,active,5,49
S002788,A002788,PLN_STARTER,2025-03-26,,active,2,49
S002789,A002789,PLN_SCALE,2024-08-01,,active,112,871
S002790,A002790,PLN_GROWTH,2024-02-18,,active,19,199
S002791,A002791,PLN_GROWTH,2023-07-16,,active,13,199
S002792,A002792,PLN_STARTER,2023-06-14,,active,6,59
S002793,A002793,PLN_STARTER,2023-06-23,,active,6,59
S002794,A002794,PLN_STARTER,2023-09-12,,active,5,49
S002795,A002795,PLN_GROWTH,2024-02-08,,active,8,199
S002796,A002796,PLN_GROWTH,2023-04-22,,active,9,199
S002797,A002797,PLN_GROWTH,2024-01-03,,active,8,199
S002798,A002798,PLN_STARTER,2023-04-29,,active,5,49
S002799,A002799,PLN_STARTER,2025-01-29,,active,5,49
S002800,A002800,PLN_GROWTH,2023-03-09,,active,23,223
S002801,A002801,PLN_STARTER,2025-10-06,,active,2,49
S002802,A002802,PLN_ENTERPRISE,2025-02-28,,active,420,2499
S002803,A002803,PLN_GROWTH,2024-03-21,2024-10-08,cancelled,25,239
S002804,A002804,PLN_GROWTH,2024-06-02,2025-12-27,cancelled,14,199
S002805,A002805,PLN_STARTER,2024-08-31,,active,2,49
S002806,A002806,PLN_GROWTH,2024-11-14,,active,15,199
S002807,A002807,PLN_STARTER,2024-07-17,,active,2,49
S002808,A002808,PLN_GROWTH,2025-02-09,,active,8,199
S002809,A002809,PLN_GROWTH,2024-05-15,,active,16,199
S002810,A002810,PLN_STARTER,2024-07-18,,active,3,49
S002811,A002811,PLN_STARTER,2025-09-18,,active,2,49
S002812,A002812,PLN_STARTER,2025-09-01,,active,3,49
S002813,A002813,PLN_ENTERPRISE,2025-09-26,,active,429,2499
S002814,A002814,PLN_ENTERPRISE,2023-03-15,2023-11-01,cancelled,442,2499
S002815,A002815,PLN_GROWTH,2024-01-11,,active,13,199
S002816,A002816,PLN_STARTER,2025-03-01,,active,6,59
S002817,A002817,PLN_STARTER,2025-03-13,,active,3,49
S002818,A002818,PLN_STARTER,2025-01-29,,active,4,49
S002819,A002819,PLN_GROWTH,2023-08-17,2024-09-24,cancelled,26,247
S002820,A002820,PLN_GROWTH,2025-10-15,,active,15,199
S002821,A002821,PLN_STARTER,2024-04-08,,active,3,49
S002822,A002822,PLN_STARTER,2024-08-05,,active,6,59
S002823,A002823,PLN_GROWTH,2023-06-17,2023-11-27,cancelled,8,199
S002824,A002824,PLN_STARTER,2023-01-31,,active,6,59
S002825,A002825,PLN_GROWTH,2024-09-12,,active,9,199
S002826,A002826,PLN_STARTER,2024-04-10,2025-08-07,cancelled,3,49
S002827,A002827,PLN_SCALE,2025-06-19,,active,75,799
S002828,A002828,PLN_STARTER,2025-10-01,,active,4,49
S002829,A002829,PLN_GROWTH,2023-04-06,,active,15,199
S002830,A002830,PLN_GROWTH,2025-09-28,,active,12,199
S002831,A002831,PLN_ENTERPRISE,2025-05-11,,active,240,2499
S002832,A002832,PLN_GROWTH,2025-04-29,,active,23,223
S002833,A002833,PLN_STARTER,2023-08-12,,active,2,49
S002834,A002834,PLN_STARTER,2023-06-08,,active,3,49
S002835,A002835,PLN_SCALE,2024-11-20,2025-04-19,cancelled,129,973
S002836,A002836,PLN_STARTER,2024-12-15,,active,5,49
S002837,A002837,PLN_STARTER,2024-06-18,,active,6,59
S002838,A002838,PLN_STARTER,2024-04-14,2024-08-14,cancelled,5,49
S002839,A002839,PLN_GROWTH,2025-02-22,,active,9,199
S002840,A002840,PLN_GROWTH,2024-09-25,,active,19,199
S002841,A002841,PLN_STARTER,2025-03-17,,active,6,59
S002842,A002842,PLN_STARTER,2025-09-12,,active,6,59
S002843,A002843,PLN_SCALE,2023-06-17,2024-01-31,cancelled,103,817
S002844,A002844,PLN_GROWTH,2024-11-11,,active,16,199
S002845,A002845,PLN_STARTER,2024-09-20,,active,5,49
S002846,A002846,PLN_STARTER,2023-11-17,,active,4,49
S002847,A002847,PLN_STARTER,2024-10-05,,active,2,49
S002848,A002848,PLN_STARTER,2025-08-29,,active,4,49
S002849,A002849,PLN_GROWTH,2024-08-16,,active,8,199
S002850,A002850,PLN_ENTERPRISE,2025-01-22,,active,219,2499
S002851,A002851,PLN_STARTER,2025-02-05,,active,6,59
S002852,A002852,PLN_STARTER,2025-01-31,,active,2,49
S002853,A002853,PLN_STARTER,2023-01-27,2023-05-25,cancelled,4,49
S002854,A002854,PLN_STARTER,2024-12-23,,active,4,49
S002855,A002855,PLN_STARTER,2025-07-02,,active,5,49
S002856,A002856,PLN_STARTER,2025-02-09,,active,6,59
S002857,A002857,PLN_STARTER,2023-09-20,,active,5,49
S002858,A002858,PLN_SCALE,2024-07-23,2025-08-24,cancelled,98,799
S002859,A002859,PLN_STARTER,2023-04-03,2024-12-16,cancelled,3,49
S002860,A002860,PLN_STARTER,2024-05-06,2024-09-27,cancelled,2,49
S002861,A002861,PLN_STARTER,2024-12-11,,active,3,49
S002862,A002862,PLN_GROWTH,2024-04-09,2024-07-31,cancelled,23,223
S002863,A002863,PLN_STARTER,2024-12-19,2025-05-22,cancelled,5,49
S002864,A002864,PLN_STARTER,2025-08-09,,active,2,49
S002865,A002865,PLN_SCALE,2023-03-27,,active,73,799
S002866,A002866,PLN_STARTER,2023-06-02,,active,3,49
S002867,A002867,PLN_STARTER,2024-03-25,,active,5,49
S002868,A002868,PLN_GROWTH,2023-08-31,2024-03-22,cancelled,20,199
S002869,A002869,PLN_STARTER,2023-10-19,2024-10-26,cancelled,5,49
S002870,A002870,PLN_STARTER,2023-02-28,2024-03-07,cancelled,2,49
S002871,A002871,PLN_ENTERPRISE,2024-07-06,,active,231,2499
S002872,A002872,PLN_ENTERPRISE,2025-04-25,,active,522,2587
S002873,A002873,PLN_ENTERPRISE,2025-03-09,,active,458,2499
S002874,A002874,PLN_STARTER,2024-09-09,,active,5,49
S002875,A002875,PLN_STARTER,2023-05-03,,active,3,49
S002876,A002876,PLN_STARTER,2024-04-09,,active,2,49
S002877,A002877,PLN_STARTER,2025-05-17,,active,6,59
S002878,A002878,PLN_STARTER,2024-05-30,,active,6,59
S002879,A002879,PLN_STARTER,2025-02-23,,active,2,49
S002880,A002880,PLN_GROWTH,2024-05-19,,active,8,199
S002881,A002881,PLN_GROWTH,2023-05-09,,active,7,199
S002882,A002882,PLN_STARTER,2024-02-08,,active,1,49
S002883,A002883,PLN_STARTER,2023-03-08,,active,4,49
S002884,A002884,PLN_GROWTH,2024-12-30,,active,19,199
S002885,A002885,PLN_STARTER,2025-06-17,,active,4,49
S002886,A002886,PLN_GROWTH,2024-09-19,,active,18,199
S002887,A002887,PLN_GROWTH,2024-08-01,,active,19,199
S002888,A002888,PLN_SCALE,2023-01-30,,active,48,799
S002889,A002889,PLN_GROWTH,2024-10-08,,active,15,199
S002890,A002890,PLN_STARTER,2024-04-18,,active,2,49
S002891,A002891,PLN_ENTERPRISE,2024-07-23,,active,312,2499
S002892,A002892,PLN_GROWTH,2024-09-17,,active,24,231
S002893,A002893,PLN_GROWTH,2025-04-07,,active,26,247
S002894,A002894,PLN_SCALE,2023-07-02,,active,42,799
S002895,A002895,PLN_GROWTH,2023-06-21,2025-02-25,cancelled,11,199
S002896,A002896,PLN_GROWTH,2024-01-22,2025-09-23,cancelled,10,199
S002897,A002897,PLN_STARTER,2025-02-09,2025-08-29,cancelled,2,49
S002898,A002898,PLN_STARTER,2024-04-11,,active,5,49
S002899,A002899,PLN_SCALE,2023-09-25,,active,124,943
S002900,A002900,PLN_GROWTH,2023-08-10,2024-04-06,cancelled,21,207
S002901,A002901,PLN_STARTER,2023-12-07,,active,2,49
S002902,A002902,PLN_GROWTH,2023-04-09,,active,19,199
S002903,A002903,PLN_STARTER,2025-04-29,,active,2,49
S002904,A002904,PLN_STARTER,2023-03-26,2025-01-01,cancelled,5,49
S002905,A002905,PLN_STARTER,2023-06-05,,active,4,49
S002906,A002906,PLN_STARTER,2024-12-24,,active,2,49
S002907,A002907,PLN_STARTER,2024-09-30,,active,2,49
S002908,A002908,PLN_STARTER,2024-12-12,,active,4,49
S002909,A002909,PLN_STARTER,2024-10-28,,active,4,49
S002910,A002910,PLN_STARTER,2024-08-28,,active,6,59
S002911,A002911,PLN_STARTER,2025-09-06,,active,4,49
S002912,A002912,PLN_GROWTH,2023-07-26,,active,9,199
S002913,A002913,PLN_GROWTH,2023-05-08,,active,11,199
S002914,A002914,PLN_GROWTH,2023-07-25,,active,22,215
S002915,A002915,PLN_STARTER,2023-08-20,,active,6,59
S002916,A002916,PLN_STARTER,2023-04-09,,active,6,59
S002917,A002917,PLN_STARTER,2023-12-22,2025-07-22,cancelled,4,49
S002918,A002918,PLN_STARTER,2024-11-06,,active,4,49
S002919,A002919,PLN_GROWTH,2025-07-12,,active,9,199
S002920,A002920,PLN_STARTER,2025-02-09,,active,2,49
S002921,A002921,PLN_STARTER,2023-07-12,2024-06-09,cancelled,5,49
S002922,A002922,PLN_STARTER,2025-06-28,,active,2,49
S002923,A002923,PLN_ENTERPRISE,2025-08-12,,active,290,2499
S002924,A002924,PLN_STARTER,2023-06-19,,active,2,49
S002925,A002925,PLN_GROWTH,2023-07-02,,active,18,199
S002926,A002926,PLN_STARTER,2025-10-04,,active,3,49
S002927,A002927,PLN_STARTER,2024-07-01,,active,4,49
S002928,A002928,PLN_GROWTH,2025-04-26,,active,8,199
S002929,A002929,PLN_STARTER,2023-10-02,,active,3,49
S002930,A002930,PLN_GROWTH,2025-08-06,,active,12,199
S002931,A002931,PLN_ENTERPRISE,2023-07-28,,active,262,2499
S002932,A002932,PLN_GROWTH,2024-04-30,,active,16,199
S002933,A002933,PLN_SCALE,2025-08-02,,active,119,913
S002934,A002934,PLN_STARTER,2025-03-09,,active,2,49
S002935,A002935,PLN_GROWTH,2024-01-30,,active,14,199
S002936,A002936,PLN_SCALE,2025-05-13,,active,129,973
S002937,A002937,PLN_GROWTH,2024-08-27,,active,7,199
S002938,A002938,PLN_STARTER,2024-10-28,2025-08-21,cancelled,5,49
S002939,A002939,PLN_STARTER,2024-03-28,,active,4,49
S002940,A002940,PLN_GROWTH,2025-06-15,,active,22,215
S002941,A002941,PLN_STARTER,2025-06-01,,active,3,49
S002942,A002942,PLN_ENTERPRISE,2023-06-10,,active,300,2499
S002943,A002943,PLN_GROWTH,2023-01-28,,active,16,199
S002944,A002944,PLN_STARTER,2024-12-31,,active,6,59
S002945,A002945,PLN_STARTER,2023-03-14,,active,5,49
S002946,A002946,PLN_GROWTH,2023-05-19,2024-07-04,cancelled,25,239
S002947,A002947,PLN_GROWTH,2024-02-04,,active,22,215
S002948,A002948,PLN_ENTERPRISE,2024-11-20,,active,493,2499
S002949,A002949,PLN_STARTER,2024-11-25,2025-12-30,cancelled,2,49
S002950,A002950,PLN_GROWTH,2023-05-18,2024-07-31,cancelled,16,199
S002951,A002951,PLN_GROWTH,2025-02-27,,active,10,199
S002952,A002952,PLN_STARTER,2024-08-05,,active,3,49
S002953,A002953,PLN_ENTERPRISE,2023-03-05,,active,219,2499
S002954,A002954,PLN_GROWTH,2024-06-25,,active,8,199
S002955,A002955,PLN_GROWTH,2025-04-24,,active,23,223
S002956,A002956,PLN_GROWTH,2025-07-15,,active,16,199
S002957,A002957,PLN_STARTER,2024-12-06,2025-09-25,cancelled,5,49
S002958,A002958,PLN_STARTER,2024-09-29,,active,5,49
S002959,A002959,PLN_SCALE,2025-08-04,,active,36,799
S002960,A002960,PLN_ENTERPRISE,2023-04-24,,active,385,2499
S002961,A002961,PLN_ENTERPRISE,2023-03-05,,active,460,2499
S002962,A002962,PLN_GROWTH,2024-05-17,,active,18,199
S002963,A002963,PLN_GROWTH,2023-04-20,,active,22,215
S002964,A002964,PLN_STARTER,2023-10-09,,active,2,49
S002965,A002965,PLN_STARTER,2024-04-17,2025-10-25,cancelled,3,49
S002966,A002966,PLN_GROWTH,2023-03-13,,active,20,199
S002967,A002967,PLN_STARTER,2025-04-03,2025-08-20,cancelled,2,49
S002968,A002968,PLN_GROWTH,2025-08-20,2025-12-20,cancelled,16,199
S002969,A002969,PLN_STARTER,2023-04-09,,active,3,49
S002970,A002970,PLN_STARTER,2024-03-23,,active,6,59
S002971,A002971,PLN_SCALE,2023-01-31,,active,49,799
S002972,A002972,PLN_SCALE,2025-09-04,,active,66,799
S002973,A002973,PLN_STARTER,2023-04-23,,active,5,49
S002974,A002974,PLN_STARTER,2025-03-13,,active,4,49
S002975,A002975,PLN_GROWTH,2023-09-23,,active,13,199
S002976,A002976,PLN_STARTER,2024-10-28,,active,1,49
S002977,A002977,PLN_ENTERPRISE,2024-02-16,,active,222,2499
S002978,A002978,PLN_GROWTH,2024-02-10,,active,10,199
S002979,A002979,PLN_GROWTH,2025-01-29,,active,10,199
S002980,A002980,PLN_GROWTH,2024-08-23,,active,17,199
S002981,A002981,PLN_GROWTH,2024-09-18,,active,16,199
S002982,A002982,PLN_ENTERPRISE,2024-08-27,,active,459,2499
S002983,A002983,PLN_GROWTH,2024-11-14,,active,12,199
S002984,A002984,PLN_SCALE,2023-06-28,2024-08-03,cancelled,126,955
S002985,A002985,PLN_STARTER,2024-08-03,,active,6,59
S002986,A002986,PLN_GROWTH,2024-10-08,,active,24,231
S002987,A002987,PLN_SCALE,2023-06-29,2025-01-22,cancelled,86,799
S002988,A002988,PLN_GROWTH,2023-08-28,,active,10,199
S002989,A002989,PLN_STARTER,2023-04-29,,active,4,49
S002990,A002990,PLN_GROWTH,2025-06-08,,active,16,199
S002991,A002991,PLN_STARTER,2023-04-05,,active,5,49
S002992,A002992,PLN_GROWTH,2024-11-29,,active,21,207
S002993,A002993,PLN_GROWTH,2024-12-20,,active,24,231
S002994,A002994,PLN_STARTER,2024-05-28,2025-12-21,cancelled,2,49
S002995,A002995,PLN_SCALE,2024-11-04,,active,102,811
S002996,A002996,PLN_STARTER,2025-06-24,,active,4,49
S002997,A002997,PLN_STARTER,2024-09-25,,active,6,59
S002998,A002998,PLN_SCALE,2025-05-08,,active,96,799
S002999,A002999,PLN_STARTER,2023-11-04,,active,3,49
S003000,A003000,PLN_STARTER,2025-09-12,,active,2,49
S003001,A003001,PLN_GROWTH,2023-07-07,,active,17,199
S003002,A003002,PLN_STARTER,2023-04-23,2024-03-21,cancelled,2,49
S003003,A003003,PLN_STARTER,2023-02-05,,active,2,49
S003004,A003004,PLN_GROWTH,2023-03-12,,active,13,199
S003005,A003005,PLN_STARTER,2023-04-19,,active,2,49
S003006,A003006,PLN_SCALE,2024-03-29,,active,52,799
S003007,A003007,PLN_ENTERPRISE,2023-11-03,,active,449,2499
S003008,A003008,PLN_STARTER,2024-12-17,,active,4,49
S003009,A003009,PLN_SCALE,2023-03-18,,active,133,997
S003010,A003010,PLN_STARTER,2024-07-10,,active,2,49
S003011,A003011,PLN_STARTER,2025-03-21,,active,3,49
S003012,A003012,PLN_GROWTH,2025-08-25,,active,16,199
S003013,A003013,PLN_GROWTH,2025-05-13,,active,18,199
S003014,A003014,PLN_GROWTH,2024-08-31,,active,14,199
S003015,A003015,PLN_STARTER,2023-03-14,,active,3,49
S003016,A003016,PLN_GROWTH,2024-06-20,,active,21,207
S003017,A003017,PLN_STARTER,2025-09-12,,active,5,49
S003018,A003018,PLN_STARTER,2024-02-01,,active,3,49
S003019,A003019,PLN_GROWTH,2023-10-26,2024-06-16,cancelled,22,215
S003020,A003020,PLN_STARTER,2024-12-25,,active,2,49
S003021,A003021,PLN_GROWTH,2025-06-11,,active,13,199
S003022,A003022,PLN_STARTER,2024-04-08,,active,4,49
S003023,A003023,PLN_STARTER,2023-02-24,,active,3,49
S003024,A003024,PLN_GROWTH,2025-04-05,,active,10,199
S003025,A003025,PLN_GROWTH,2023-05-23,,active,23,223
S003026,A003026,PLN_STARTER,2023-01-05,,active,4,49
S003027,A003027,PLN_GROWTH,2023-03-15,,active,25,239
S003028,A003028,PLN_STARTER,2025-10-21,,active,5,49
S003029,A003029,PLN_STARTER,2024-05-20,2025-03-21,cancelled,2,49
S003030,A003030,PLN_STARTER,2023-11-04,,active,2,49
S003031,A003031,PLN_GROWTH,2025-01-28,,active,21,207
S003032,A003032,PLN_GROWTH,2023-09-16,,active,21,207
S003033,A003033,PLN_SCALE,2024-11-09,,active,91,799
S003034,A003034,PLN_GROWTH,2025-05-23,,active,7,199
S003035,A003035,PLN_STARTER,2024-04-05,,active,2,49
S003036,A003036,PLN_STARTER,2024-12-10,,active,2,49
S003037,A003037,PLN_STARTER,2024-08-28,,active,3,49
S003038,A003038,PLN_GROWTH,2023-07-28,,active,24,231
S003039,A003039,PLN_STARTER,2024-04-13,,active,4,49
S003040,A003040,PLN_GROWTH,2025-04-17,,active,15,199
S003041,A003041,PLN_STARTER,2024-12-21,,active,1,49
S003042,A003042,PLN_STARTER,2023-11-09,,active,1,49
S003043,A003043,PLN_STARTER,2024-02-10,,active,2,49
S003044,A003044,PLN_ENTERPRISE,2025-05-28,,active,485,2499
S003045,A003045,PLN_ENTERPRISE,2023-10-31,,active,205,2499
S003046,A003046,PLN_STARTER,2023-07-07,2023-10-16,cancelled,4,49
S003047,A003047,PLN_SCALE,2025-07-15,,active,72,799
S003048,A003048,PLN_ENTERPRISE,2023-12-15,2025-01-02,cancelled,460,2499
S003049,A003049,PLN_GROWTH,2023-10-21,,active,17,199
S003050,A003050,PLN_ENTERPRISE,2025-02-06,,active,479,2499
S003051,A003051,PLN_STARTER,2024-08-16,2025-05-16,cancelled,2,49
S003052,A003052,PLN_STARTER,2025-02-05,,active,4,49
S003053,A003053,PLN_STARTER,2023-04-30,,active,4,49
S003054,A003054,PLN_STARTER,2024-10-28,,active,4,49
S003055,A003055,PLN_STARTER,2024-05-11,,active,5,49
S003056,A003056,PLN_STARTER,2025-02-22,,active,4,49
S003057,A003057,PLN_ENTERPRISE,2023-12-23,,active,199,2499
S003058,A003058,PLN_SCALE,2023-06-09,,active,122,931
S003059,A003059,PLN_STARTER,2025-03-27,,active,3,49
S003060,A003060,PLN_STARTER,2024-09-22,,active,4,49
S003061,A003061,PLN_SCALE,2023-09-16,,active,38,799
S003062,A003062,PLN_STARTER,2025-08-03,,active,2,49
S003063,A003063,PLN_SCALE,2024-01-27,,active,123,937
S003064,A003064,PLN_STARTER,2025-07-04,,active,4,49
S003065,A003065,PLN_ENTERPRISE,2024-09-14,,active,211,2499
S003066,A003066,PLN_STARTER,2024-02-13,2025-06-05,cancelled,4,49
S003067,A003067,PLN_GROWTH,2024-06-29,,active,13,199
S003068,A003068,PLN_GROWTH,2025-05-24,,active,20,199
S003069,A003069,PLN_STARTER,2025-08-28,,active,2,49
S003070,A003070,PLN_STARTER,2024-04-08,,active,6,59
S003071,A003071,PLN_STARTER,2024-03-23,,active,4,49
S003072,A003072,PLN_STARTER,2024-01-17,,active,2,49
S003073,A003073,PLN_STARTER,2025-10-18,,active,2,49
S003074,A003074,PLN_STARTER,2024-04-11,,active,3,49
S003075,A003075,PLN_GROWTH,2024-04-21,,active,24,231
S003076,A003076,PLN_STARTER,2023-05-04,,active,3,49
S003077,A003077,PLN_GROWTH,2025-07-22,,active,8,199
S003078,A003078,PLN_GROWTH,2025-05-14,,active,20,199
S003079,A003079,PLN_GROWTH,2024-01-24,,active,24,231
S003080,A003080,PLN_GROWTH,2023-02-22,,active,17,199
S003081,A003081,PLN_STARTER,2023-10-19,,active,5,49
S003082,A003082,PLN_STARTER,2025-09-08,,active,4,49
S003083,A003083,PLN_GROWTH,2025-10-01,,active,7,199
S003084,A003084,PLN_STARTER,2025-01-01,,active,4,49
S003085,A003085,PLN_ENTERPRISE,2024-01-12,,active,484,2499
S003086,A003086,PLN_ENTERPRISE,2024-05-02,,active,428,2499
S003087,A003087,PLN_SCALE,2025-05-23,,active,126,955
S003088,A003088,PLN_SCALE,2024-05-29,,active,122,931
S003089,A003089,PLN_GROWTH,2023-09-18,,active,17,199
S003090,A003090,PLN_STARTER,2025-03-18,,active,4,49
S003091,A003091,PLN_STARTER,2024-10-22,,active,4,49
S003092,A003092,PLN_SCALE,2024-06-22,2024-11-16,cancelled,36,799
S003093,A003093,PLN_STARTER,2025-09-15,,active,2,49
S003094,A003094,PLN_STARTER,2024-07-15,,active,2,49
S003095,A003095,PLN_GROWTH,2024-07-16,,active,20,199
S003096,A003096,PLN_STARTER,2024-10-15,,active,4,49
S003097,A003097,PLN_GROWTH,2024-12-16,2025-09-16,cancelled,19,199
S003098,A003098,PLN_GROWTH,2025-10-12,,active,13,199
S003099,A003099,PLN_STARTER,2023-06-06,,active,3,49
S003100,A003100,PLN_GROWTH,2023-05-28,2025-04-19,cancelled,19,199
S003101,A003101,PLN_ENTERPRISE,2024-09-06,,active,524,2595
S003102,A003102,PLN_GROWTH,2023-03-25,2024-04-10,cancelled,21,207
S003103,A003103,PLN_GROWTH,2025-04-08,,active,25,239
S003104,A003104,PLN_GROWTH,2023-08-22,,active,9,199
S003105,A003105,PLN_STARTER,2023-04-14,,active,5,49
S003106,A003106,PLN_STARTER,2024-09-27,,active,3,49
S003107,A003107,PLN_GROWTH,2023-10-07,,active,7,199
S003108,A003108,PLN_STARTER,2023-04-05,2023-10-03,cancelled,1,49
S003109,A003109,PLN_GROWTH,2025-07-28,,active,10,199
S003110,A003110,PLN_STARTER,2024-07-17,,active,2,49
S003111,A003111,PLN_SCALE,2025-07-23,,active,100,799
S003112,A003112,PLN_STARTER,2023-01-31,2024-03-31,cancelled,5,49
S003113,A003113,PLN_SCALE,2024-02-12,2025-11-30,cancelled,56,799
S003114,A003114,PLN_STARTER,2024-05-17,,active,5,49
S003115,A003115,PLN_GROWTH,2023-07-12,,active,13,199
S003116,A003116,PLN_STARTER,2024-08-23,,active,2,49
S003117,A003117,PLN_STARTER,2023-11-26,,active,3,49
S003118,A003118,PLN_ENTERPRISE,2024-03-30,2025-10-20,cancelled,248,2499
S003119,A003119,PLN_GROWTH,2025-03-28,,active,9,199
S003120,A003120,PLN_GROWTH,2024-02-28,,active,26,247
S003121,A003121,PLN_GROWTH,2024-12-19,,active,26,247
S003122,A003122,PLN_GROWTH,2023-07-16,2023-10-29,cancelled,20,199
S003123,A003123,PLN_STARTER,2025-09-16,,active,3,49
S003124,A003124,PLN_STARTER,2024-04-25,2025-06-09,cancelled,2,49
S003125,A003125,PLN_STARTER,2025-10-05,,active,4,49
S003126,A003126,PLN_STARTER,2025-03-25,,active,4,49
S003127,A003127,PLN_SCALE,2025-05-13,,active,105,829
S003128,A003128,PLN_ENTERPRISE,2025-01-18,2025-11-24,cancelled,337,2499
S003129,A003129,PLN_GROWTH,2023-05-18,2025-03-23,cancelled,10,199
S003130,A003130,PLN_GROWTH,2024-12-21,,active,26,247
S003131,A003131,PLN_STARTER,2023-09-08,2024-04-05,cancelled,3,49
S003132,A003132,PLN_SCALE,2024-04-02,,active,91,799
S003133,A003133,PLN_STARTER,2024-10-02,2025-04-06,cancelled,3,49
S003134,A003134,PLN_GROWTH,2023-12-19,,active,20,199
S003135,A003135,PLN_GROWTH,2025-03-06,,active,9,199
S003136,A003136,PLN_STARTER,2023-05-21,,active,6,59
S003137,A003137,PLN_GROWTH,2024-12-06,,active,24,231
S003138,A003138,PLN_GROWTH,2023-09-07,2024-01-23,cancelled,22,215
S003139,A003139,PLN_STARTER,2024-02-07,,active,3,49
S003140,A003140,PLN_STARTER,2024-05-11,,active,3,49
S003141,A003141,PLN_STARTER,2024-04-12,2025-04-11,cancelled,4,49
S003142,A003142,PLN_GROWTH,2025-07-30,,active,20,199
S003143,A003143,PLN_STARTER,2023-06-23,2024-11-12,cancelled,6,59
S003144,A003144,PLN_STARTER,2023-12-19,,active,4,49
S003145,A003145,PLN_STARTER,2023-10-04,,active,5,49
S003146,A003146,PLN_STARTER,2025-01-30,,active,4,49
S003147,A003147,PLN_ENTERPRISE,2023-12-07,2024-12-29,cancelled,520,2579
S003148,A003148,PLN_STARTER,2025-09-11,,active,6,59
S003149,A003149,PLN_GROWTH,2024-03-15,,active,11,199
S003150,A003150,PLN_STARTER,2023-12-19,,active,3,49
S003151,A003151,PLN_SCALE,2024-10-24,,active,88,799
S003152,A003152,PLN_ENTERPRISE,2023-02-11,,active,461,2499
S003153,A003153,PLN_STARTER,2023-08-20,2025-05-19,cancelled,2,49
S003154,A003154,PLN_ENTERPRISE,2023-02-28,,active,368,2499
S003155,A003155,PLN_STARTER,2023-10-31,2025-01-26,cancelled,1,49
S003156,A003156,PLN_STARTER,2025-03-09,,active,4,49
S003157,A003157,PLN_SCALE,2024-08-28,2025-11-13,cancelled,125,949
S003158,A003158,PLN_STARTER,2024-08-31,2025-04-11,cancelled,4,49
S003159,A003159,PLN_STARTER,2023-08-26,,active,4,49
S003160,A003160,PLN_STARTER,2024-01-29,,active,3,49
S003161,A003161,PLN_SCALE,2023-10-17,,active,105,829
S003162,A003162,PLN_STARTER,2023-06-20,2025-05-22,cancelled,3,49
S003163,A003163,PLN_SCALE,2024-03-27,,active,123,937
S003164,A003164,PLN_GROWTH,2024-04-28,,active,14,199
S003165,A003165,PLN_SCALE,2024-12-30,,active,95,799
S003166,A003166,PLN_STARTER,2024-09-07,,active,1,49
S003167,A003167,PLN_STARTER,2025-04-04,,active,3,49
S003168,A003168,PLN_STARTER,2025-05-24,,active,3,49
S003169,A003169,PLN_STARTER,2025-02-19,,active,2,49
S003170,A003170,PLN_GROWTH,2024-03-05,,active,25,239
S003171,A003171,PLN_STARTER,2025-07-23,,active,3,49
S003172,A003172,PLN_SCALE,2024-01-12,,active,38,799
S003173,A003173,PLN_STARTER,2023-07-30,,active,4,49
S003174,A003174,PLN_GROWTH,2023-04-08,2024-06-27,cancelled,12,199
S003175,A003175,PLN_STARTER,2024-06-11,,active,5,49
S003176,A003176,PLN_ENTERPRISE,2024-12-15,,active,291,2499
S003177,A003177,PLN_SCALE,2024-12-29,,active,88,799
S003178,A003178,PLN_GROWTH,2025-05-28,,active,13,199
S003179,A003179,PLN_GROWTH,2023-10-25,,active,23,223
S003180,A003180,PLN_SCALE,2024-06-29,2025-06-14,cancelled,126,955
S003181,A003181,PLN_ENTERPRISE,2025-05-06,,active,266,2499
S003182,A003182,PLN_STARTER,2024-05-12,,active,2,49
S003183,A003183,PLN_STARTER,2023-03-28,,active,6,59
S003184,A003184,PLN_STARTER,2025-02-22,,active,4,49
S003185,A003185,PLN_STARTER,2023-07-12,2023-10-15,cancelled,6,59
S003186,A003186,PLN_STARTER,2025-04-02,,active,5,49
S003187,A003187,PLN_GROWTH,2025-09-16,,active,23,223
S003188,A003188,PLN_SCALE,2023-06-22,,active,101,805
S003189,A003189,PLN_SCALE,2025-06-15,,active,80,799
S003190,A003190,PLN_STARTER,2025-07-22,,active,3,49
S003191,A003191,PLN_STARTER,2024-04-01,,active,3,49
S003192,A003192,PLN_GROWTH,2024-01-31,,active,8,199
S003193,A003193,PLN_STARTER,2023-03-02,2024-01-11,cancelled,1,49
S003194,A003194,PLN_STARTER,2023-04-25,,active,4,49
S003195,A003195,PLN_STARTER,2024-10-10,,active,5,49
S003196,A003196,PLN_GROWTH,2024-09-20,,active,23,223
S003197,A003197,PLN_STARTER,2023-05-10,2024-10-11,cancelled,4,49
S003198,A003198,PLN_SCALE,2024-04-02,,active,86,799
S003199,A003199,PLN_STARTER,2023-07-24,2025-04-08,cancelled,5,49
S003200,A003200,PLN_ENTERPRISE,2023-05-06,2024-03-19,cancelled,220,2499
S003201,A003201,PLN_STARTER,2024-02-06,,active,2,49
S003202,A003202,PLN_GROWTH,2025-01-04,2025-05-25,cancelled,8,199
S003203,A003203,PLN_SCALE,2025-06-22,,active,112,871
S003204,A003204,PLN_STARTER,2025-05-04,,active,5,49
S003205,A003205,PLN_STARTER,2024-10-13,,active,5,49
S003206,A003206,PLN_STARTER,2024-09-18,2025-10-09,cancelled,4,49
S003207,A003207,PLN_STARTER,2023-04-03,,active,5,49
S003208,A003208,PLN_SCALE,2023-09-08,2025-06-03,cancelled,100,799
S003209,A003209,PLN_GROWTH,2025-07-01,,active,20,199
S003210,A003210,PLN_STARTER,2023-10-20,,active,2,49
S003211,A003211,PLN_STARTER,2024-12-13,2025-05-28,cancelled,3,49
S003212,A003212,PLN_STARTER,2025-06-13,,active,1,49
S003213,A003213,PLN_STARTER,2024-05-05,,active,4,49
S003214,A003214,PLN_GROWTH,2025-03-15,,active,8,199
S003215,A003215,PLN_GROWTH,2025-02-24,,active,7,199
S003216,A003216,PLN_ENTERPRISE,2024-04-23,,active,360,2499
S003217,A003217,PLN_STARTER,2023-02-18,,active,5,49
S003218,A003218,PLN_GROWTH,2023-04-10,,active,22,215
S003219,A003219,PLN_GROWTH,2024-02-28,,active,7,199
S003220,A003220,PLN_STARTER,2024-07-30,,active,3,49
S003221,A003221,PLN_STARTER,2025-01-13,,active,3,49
S003222,A003222,PLN_STARTER,2024-06-28,,active,5,49
S003223,A003223,PLN_STARTER,2024-08-24,,active,4,49
S003224,A003224,PLN_STARTER,2024-08-22,2025-05-01,cancelled,4,49
S003225,A003225,PLN_STARTER,2023-04-26,,active,4,49
S003226,A003226,PLN_STARTER,2024-02-24,,active,4,49
S003227,A003227,PLN_SCALE,2023-06-11,,active,60,799
S003228,A003228,PLN_GROWTH,2024-12-17,2025-11-29,cancelled,23,223
S003229,A003229,PLN_GROWTH,2024-06-16,2024-12-28,cancelled,10,199
S003230,A003230,PLN_GROWTH,2025-02-27,,active,23,223
S003231,A003231,PLN_STARTER,2023-03-31,,active,6,59
S003232,A003232,PLN_GROWTH,2024-07-02,,active,7,199
S003233,A003233,PLN_GROWTH,2023-11-03,,active,15,199
S003234,A003234,PLN_GROWTH,2024-01-24,,active,9,199
S003235,A003235,PLN_STARTER,2023-08-31,,active,4,49
S003236,A003236,PLN_GROWTH,2023-05-09,,active,12,199
S003237,A003237,PLN_STARTER,2023-10-06,2024-11-15,cancelled,4,49
S003238,A003238,PLN_STARTER,2024-02-07,,active,3,49
S003239,A003239,PLN_GROWTH,2024-11-24,,active,21,207
S003240,A003240,PLN_ENTERPRISE,2025-04-15,,active,282,2499
S003241,A003241,PLN_STARTER,2024-08-31,,active,6,59
S003242,A003242,PLN_SCALE,2025-01-15,,active,86,799
S003243,A003243,PLN_SCALE,2025-06-24,,active,77,799
S003244,A003244,PLN_STARTER,2023-11-05,,active,3,49
S003245,A003245,PLN_STARTER,2023-04-16,2024-08-21,cancelled,3,49
S003246,A003246,PLN_ENTERPRISE,2024-10-18,,active,348,2499
S003247,A003247,PLN_GROWTH,2023-10-08,,active,25,239
S003248,A003248,PLN_GROWTH,2023-11-20,,active,18,199
S003249,A003249,PLN_SCALE,2025-08-20,,active,77,799
S003250,A003250,PLN_SCALE,2023-07-09,,active,56,799
S003251,A003251,PLN_GROWTH,2024-06-13,,active,20,199
S003252,A003252,PLN_STARTER,2025-02-20,,active,5,49
S003253,A003253,PLN_SCALE,2024-03-11,2025-06-23,cancelled,108,847
S003254,A003254,PLN_GROWTH,2023-06-16,,active,13,199
S003255,A003255,PLN_GROWTH,2025-07-17,,active,16,199
S003256,A003256,PLN_STARTER,2025-05-28,,active,1,49
S003257,A003257,PLN_GROWTH,2023-05-09,2024-09-08,cancelled,23,223
S003258,A003258,PLN_ENTERPRISE,2024-05-30,,active,253,2499
S003259,A003259,PLN_GROWTH,2025-06-23,,active,12,199
S003260,A003260,PLN_GROWTH,2023-12-30,,active,19,199
S003261,A003261,PLN_STARTER,2023-12-09,,active,5,49
S003262,A003262,PLN_GROWTH,2023-02-13,,active,10,199
S003263,A003263,PLN_STARTER,2023-12-05,2024-11-10,cancelled,4,49
S003264,A003264,PLN_GROWTH,2023-10-23,2024-07-04,cancelled,7,199
S003265,A003265,PLN_STARTER,2023-05-21,,active,3,49
S003266,A003266,PLN_STARTER,2024-09-19,,active,6,59
S003267,A003267,PLN_SCALE,2025-01-15,,active,117,901
S003268,A003268,PLN_GROWTH,2024-04-05,,active,13,199
S003269,A003269,PLN_GROWTH,2025-05-06,,active,26,247
S003270,A003270,PLN_STARTER,2025-04-03,,active,6,59
S003271,A003271,PLN_GROWTH,2025-04-27,,active,19,199
S003272,A003272,PLN_GROWTH,2024-07-25,2025-05-04,cancelled,8,199
S003273,A003273,PLN_STARTER,2024-01-22,2025-05-03,cancelled,3,49
S003274,A003274,PLN_STARTER,2025-02-17,,active,3,49
S003275,A003275,PLN_GROWTH,2024-08-15,,active,9,199
S003276,A003276,PLN_STARTER,2025-01-29,,active,5,49
S003277,A003277,PLN_GROWTH,2024-12-09,2025-05-01,cancelled,9,199
S003278,A003278,PLN_GROWTH,2023-05-20,2024-02-11,cancelled,22,215
S003279,A003279,PLN_STARTER,2023-05-28,,active,2,49
S003280,A003280,PLN_STARTER,2023-08-17,2024-10-03,cancelled,5,49
S003281,A003281,PLN_SCALE,2024-12-05,2025-11-10,cancelled,57,799
S003282,A003282,PLN_GROWTH,2024-08-09,,active,10,199
S003283,A003283,PLN_SCALE,2023-09-03,2024-12-02,cancelled,81,799
S003284,A003284,PLN_STARTER,2025-07-30,,active,5,49
S003285,A003285,PLN_GROWTH,2024-10-12,,active,7,199
S003286,A003286,PLN_STARTER,2024-01-29,,active,6,59
S003287,A003287,PLN_GROWTH,2023-05-09,,active,10,199
S003288,A003288,PLN_STARTER,2024-07-09,,active,2,49
S003289,A003289,PLN_STARTER,2023-03-12,,active,5,49
S003290,A003290,PLN_GROWTH,2024-06-30,2024-11-07,cancelled,23,223
S003291,A003291,PLN_STARTER,2025-09-07,,active,1,49
S003292,A003292,PLN_GROWTH,2025-03-14,,active,7,199
S003293,A003293,PLN_STARTER,2025-10-07,,active,1,49
S003294,A003294,PLN_STARTER,2023-08-26,,active,5,49
S003295,A003295,PLN_SCALE,2025-02-08,,active,78,799
S003296,A003296,PLN_STARTER,2025-10-01,,active,3,49
S003297,A003297,PLN_SCALE,2024-06-22,2025-10-17,cancelled,60,799
S003298,A003298,PLN_STARTER,2023-11-13,,active,2,49
S003299,A003299,PLN_SCALE,2024-02-04,2025-04-20,cancelled,126,955
S003300,A003300,PLN_SCALE,2024-12-16,,active,67,799
S003301,A003301,PLN_STARTER,2023-02-25,2024-01-11,cancelled,6,59
S003302,A003302,PLN_GROWTH,2024-05-15,,active,8,199
S003303,A003303,PLN_STARTER,2023-08-28,2024-07-05,cancelled,5,49
S003304,A003304,PLN_GROWTH,2024-06-28,2024-11-02,cancelled,24,231
S003305,A003305,PLN_STARTER,2024-06-10,,active,5,49
S003306,A003306,PLN_GROWTH,2023-05-02,,active,20,199
S003307,A003307,PLN_GROWTH,2024-09-07,,active,16,199
S003308,A003308,PLN_STARTER,2024-04-30,2024-11-15,cancelled,4,49
S003309,A003309,PLN_GROWTH,2024-04-28,,active,10,199
S003310,A003310,PLN_STARTER,2023-10-16,2024-02-28,cancelled,4,49
S003311,A003311,PLN_GROWTH,2024-05-05,2024-12-26,cancelled,23,223
S003312,A003312,PLN_STARTER,2024-10-12,,active,6,59
S003313,A003313,PLN_GROWTH,2025-04-14,,active,20,199
S003314,A003314,PLN_ENTERPRISE,2024-03-31,,active,499,2499
S003315,A003315,PLN_STARTER,2025-06-23,,active,3,49
S003316,A003316,PLN_SCALE,2024-05-09,2025-12-10,cancelled,57,799
S003317,A003317,PLN_GROWTH,2023-10-18,,active,22,215
S003318,A003318,PLN_GROWTH,2024-04-16,,active,9,199
S003319,A003319,PLN_GROWTH,2025-10-01,,active,18,199
S003320,A003320,PLN_GROWTH,2023-12-13,,active,25,239
S003321,A003321,PLN_STARTER,2023-05-29,,active,3,49
S003322,A003322,PLN_STARTER,2025-07-26,,active,4,49
S003323,A003323,PLN_STARTER,2023-02-01,,active,2,49
S003324,A003324,PLN_GROWTH,2025-03-08,,active,16,199
S003325,A003325,PLN_SCALE,2025-04-20,,active,96,799
S003326,A003326,PLN_STARTER,2023-06-24,,active,6,59
S003327,A003327,PLN_STARTER,2024-11-24,,active,5,49
S003328,A003328,PLN_STARTER,2024-06-07,,active,3,49
S003329,A003329,PLN_STARTER,2025-06-04,,active,5,49
S003330,A003330,PLN_SCALE,2023-06-27,,active,120,919
S003331,A003331,PLN_GROWTH,2024-07-18,,active,19,199
S003332,A003332,PLN_GROWTH,2024-04-22,,active,15,199
S003333,A003333,PLN_STARTER,2024-11-18,,active,6,59
S003334,A003334,PLN_GROWTH,2023-02-04,2024-06-10,cancelled,16,199
S003335,A003335,PLN_STARTER,2025-03-25,,active,3,49
S003336,A003336,PLN_STARTER,2023-05-31,,active,2,49
S003337,A003337,PLN_STARTER,2024-04-26,2025-01-02,cancelled,5,49
S003338,A003338,PLN_GROWTH,2025-09-21,,active,21,207
S003339,A003339,PLN_GROWTH,2023-03-12,,active,25,239
S003340,A003340,PLN_SCALE,2024-06-30,,active,97,799
S003341,A003341,PLN_GROWTH,2025-07-07,,active,23,223
S003342,A003342,PLN_STARTER,2023-02-18,,active,1,49
S003343,A003343,PLN_GROWTH,2023-05-18,,active,21,207
S003344,A003344,PLN_SCALE,2025-02-12,,active,82,799
S003345,A003345,PLN_SCALE,2025-03-20,,active,131,985
S003346,A003346,PLN_ENTERPRISE,2025-08-10,,active,389,2499
S003347,A003347,PLN_STARTER,2023-05-28,2023-10-26,cancelled,3,49
S003348,A003348,PLN_SCALE,2024-03-12,,active,111,865
S003349,A003349,PLN_STARTER,2024-02-14,,active,6,59
S003350,A003350,PLN_STARTER,2023-09-10,2024-05-22,cancelled,2,49
S003351,A003351,PLN_STARTER,2024-02-05,2024-06-16,cancelled,6,59
S003352,A003352,PLN_STARTER,2023-05-31,,active,3,49
S003353,A003353,PLN_GROWTH,2025-09-20,,active,26,247
S003354,A003354,PLN_GROWTH,2025-09-12,,active,15,199
S003355,A003355,PLN_GROWTH,2025-01-30,,active,13,199
S003356,A003356,PLN_STARTER,2024-05-24,,active,3,49
S003357,A003357,PLN_STARTER,2025-03-09,,active,5,49
S003358,A003358,PLN_GROWTH,2025-02-05,,active,23,223
S003359,A003359,PLN_GROWTH,2024-01-21,,active,22,215
S003360,A003360,PLN_ENTERPRISE,2024-10-09,,active,380,2499
S003361,A003361,PLN_STARTER,2023-06-08,,active,3,49
S003362,A003362,PLN_STARTER,2025-04-08,2025-07-24,cancelled,6,59
S003363,A003363,PLN_SCALE,2024-02-01,,active,61,799
S003364,A003364,PLN_STARTER,2024-03-05,2025-08-16,cancelled,5,49
S003365,A003365,PLN_ENTERPRISE,2024-01-04,,active,310,2499
S003366,A003366,PLN_SCALE,2023-08-30,2024-06-22,cancelled,48,799
S003367,A003367,PLN_STARTER,2025-09-24,,active,3,49
S003368,A003368,PLN_STARTER,2024-05-17,,active,4,49
S003369,A003369,PLN_SCALE,2025-07-20,,active,96,799
S003370,A003370,PLN_STARTER,2025-08-20,,active,4,49
S003371,A003371,PLN_SCALE,2023-05-25,,active,54,799
S003372,A003372,PLN_STARTER,2025-08-09,,active,4,49
S003373,A003373,PLN_GROWTH,2024-12-22,,active,20,199
S003374,A003374,PLN_ENTERPRISE,2025-04-06,,active,231,2499
S003375,A003375,PLN_STARTER,2025-03-08,,active,6,59
S003376,A003376,PLN_GROWTH,2023-03-23,,active,10,199
S003377,A003377,PLN_STARTER,2023-01-30,,active,4,49
S003378,A003378,PLN_GROWTH,2024-07-09,,active,22,215
S003379,A003379,PLN_STARTER,2025-09-03,,active,2,49
S003380,A003380,PLN_STARTER,2025-05-04,,active,5,49
S003381,A003381,PLN_GROWTH,2023-12-07,,active,11,199
S003382,A003382,PLN_STARTER,2024-12-28,,active,2,49
S003383,A003383,PLN_GROWTH,2024-06-02,,active,12,199
S003384,A003384,PLN_STARTER,2025-10-19,,active,3,49
S003385,A003385,PLN_STARTER,2024-12-30,2025-06-30,cancelled,4,49
S003386,A003386,PLN_STARTER,2023-11-30,,active,3,49
S003387,A003387,PLN_GROWTH,2024-11-27,,active,25,239
S003388,A003388,PLN_STARTER,2023-03-09,,active,4,49
S003389,A003389,PLN_STARTER,2023-03-26,2024-01-10,cancelled,3,49
S003390,A003390,PLN_GROWTH,2023-09-10,,active,8,199
S003391,A003391,PLN_STARTER,2025-02-02,2025-05-16,cancelled,5,49
S003392,A003392,PLN_STARTER,2024-07-13,,active,3,49
S003393,A003393,PLN_GROWTH,2023-02-22,,active,26,247
S003394,A003394,PLN_STARTER,2024-03-26,,active,3,49
S003395,A003395,PLN_SCALE,2024-02-28,,active,82,799
S003396,A003396,PLN_STARTER,2023-10-22,,active,4,49
S003397,A003397,PLN_SCALE,2023-11-07,2025-07-04,cancelled,116,895
S003398,A003398,PLN_STARTER,2023-02-24,2023-08-13,cancelled,2,49
S003399,A003399,PLN_STARTER,2024-09-12,,active,2,49
S003400,A003400,PLN_STARTER,2023-07-07,2024-05-24,cancelled,5,49
S003401,A003401,PLN_STARTER,2025-05-16,,active,5,49
S003402,A003402,PLN_GROWTH,2025-08-05,,active,7,199
S003403,A003403,PLN_STARTER,2025-06-01,,active,3,49
S003404,A003404,PLN_GROWTH,2025-06-09,,active,14,199
S003405,A003405,PLN_GROWTH,2023-03-04,2024-04-22,cancelled,14,199
S003406,A003406,PLN_STARTER,2024-03-25,2025-02-15,cancelled,3,49
S003407,A003407,PLN_STARTER,2025-03-23,,active,5,49
S003408,A003408,PLN_GROWTH,2025-10-10,,active,19,199
S003409,A003409,PLN_STARTER,2024-09-08,,active,5,49
S003410,A003410,PLN_SCALE,2025-05-12,,active,108,847
S003411,A003411,PLN_ENTERPRISE,2025-04-12,,active,196,2499
S003412,A003412,PLN_GROWTH,2025-06-10,,active,25,239
S003413,A003413,PLN_STARTER,2025-04-28,,active,3,49
S003414,A003414,PLN_GROWTH,2025-08-21,,active,15,199
S003415,A003415,PLN_STARTER,2023-12-24,,active,5,49
S003416,A003416,PLN_STARTER,2024-05-02,2024-12-16,cancelled,4,49
S003417,A003417,PLN_GROWTH,2024-03-04,,active,8,199
S003418,A003418,PLN_GROWTH,2023-10-01,,active,9,199
S003419,A003419,PLN_GROWTH,2023-06-14,,active,13,199
S003420,A003420,PLN_STARTER,2025-07-13,,active,5,49
S003421,A003421,PLN_STARTER,2024-04-28,,active,2,49
S003422,A003422,PLN_SCALE,2023-10-11,,active,40,799
S003423,A003423,PLN_STARTER,2024-06-26,,active,5,49
S003424,A003424,PLN_SCALE,2023-03-15,,active,36,799
S003425,A003425,PLN_STARTER,2024-11-15,2025-12-17,cancelled,3,49
S003426,A003426,PLN_STARTER,2025-06-08,,active,3,49
S003427,A003427,PLN_GROWTH,2024-01-23,,active,9,199
S003428,A003428,PLN_GROWTH,2024-10-22,,active,10,199
S003429,A003429,PLN_STARTER,2025-09-18,,active,5,49
S003430,A003430,PLN_GROWTH,2025-09-17,,active,17,199
S003431,A003431,PLN_STARTER,2023-10-11,,active,3,49
S003432,A003432,PLN_GROWTH,2023-02-19,,active,9,199
S003433,A003433,PLN_GROWTH,2025-07-24,,active,14,199
S003434,A003434,PLN_SCALE,2024-08-29,,active,126,955
S003435,A003435,PLN_STARTER,2024-08-10,,active,4,49
S003436,A003436,PLN_SCALE,2024-01-21,,active,105,829
S003437,A003437,PLN_STARTER,2024-07-12,2025-12-02,cancelled,2,49
S003438,A003438,PLN_SCALE,2025-07-30,,active,43,799
S003439,A003439,PLN_GROWTH,2023-09-30,,active,18,199
S003440,A003440,PLN_STARTER,2023-02-01,,active,4,49
S003441,A003441,PLN_GROWTH,2024-03-02,,active,20,199
S003442,A003442,PLN_STARTER,2024-10-08,,active,6,59
S003443,A003443,PLN_SCALE,2025-10-18,,active,125,949
S003444,A003444,PLN_GROWTH,2023-07-01,,active,21,207
S003445,A003445,PLN_STARTER,2023-06-13,,active,6,59
S003446,A003446,PLN_STARTER,2025-04-02,2025-09-30,cancelled,6,59
S003447,A003447,PLN_STARTER,2024-06-28,,active,3,49
S003448,A003448,PLN_STARTER,2024-02-28,,active,2,49
S003449,A003449,PLN_STARTER,2024-12-03,,active,5,49
S003450,A003450,PLN_STARTER,2024-04-15,,active,1,49
S003451,A003451,PLN_GROWTH,2025-01-30,,active,26,247
S003452,A003452,PLN_GROWTH,2024-09-16,2025-01-27,cancelled,13,199
S003453,A003453,PLN_STARTER,2023-07-31,,active,3,49
S003454,A003454,PLN_STARTER,2023-02-01,,active,5,49
S003455,A003455,PLN_STARTER,2024-08-26,,active,5,49
S003456,A003456,PLN_GROWTH,2023-08-29,,active,17,199
S003457,A003457,PLN_SCALE,2025-06-25,,active,42,799
S003458,A003458,PLN_STARTER,2023-06-20,2024-04-26,cancelled,3,49
S003459,A003459,PLN_GROWTH,2023-04-15,,active,13,199
S003460,A003460,PLN_GROWTH,2025-03-13,,active,18,199
S003461,A003461,PLN_STARTER,2024-01-08,,active,5,49
S003462,A003462,PLN_STARTER,2024-03-14,,active,3,49
S003463,A003463,PLN_ENTERPRISE,2024-08-26,,active,490,2499
S003464,A003464,PLN_STARTER,2023-07-26,2024-06-19,cancelled,4,49
S003465,A003465,PLN_STARTER,2025-06-14,,active,4,49
S003466,A003466,PLN_GROWTH,2023-08-29,2023-12-22,cancelled,24,231
S003467,A003467,PLN_STARTER,2025-05-11,,active,3,49
S003468,A003468,PLN_GROWTH,2023-12-14,,active,19,199
S003469,A003469,PLN_SCALE,2025-04-15,,active,82,799
S003470,A003470,PLN_STARTER,2024-04-09,2025-06-06,cancelled,3,49
S003471,A003471,PLN_STARTER,2025-05-04,,active,1,49
S003472,A003472,PLN_GROWTH,2024-04-15,,active,22,215
S003473,A003473,PLN_STARTER,2024-10-27,,active,5,49
S003474,A003474,PLN_STARTER,2024-02-22,,active,2,49
S003475,A003475,PLN_GROWTH,2023-11-11,,active,21,207
S003476,A003476,PLN_GROWTH,2024-08-03,,active,8,199
S003477,A003477,PLN_GROWTH,2023-11-15,,active,14,199
S003478,A003478,PLN_STARTER,2025-10-14,,active,4,49
S003479,A003479,PLN_STARTER,2024-12-05,,active,5,49
S003480,A003480,PLN_GROWTH,2025-07-14,,active,12,199
S003481,A003481,PLN_STARTER,2025-01-01,2025-11-10,cancelled,1,49
S003482,A003482,PLN_STARTER,2023-12-11,,active,6,59
S003483,A003483,PLN_STARTER,2023-08-27,,active,2,49
S003484,A003484,PLN_SCALE,2023-10-25,,active,104,823
S003485,A003485,PLN_GROWTH,2024-09-27,,active,15,199
S003486,A003486,PLN_STARTER,2023-10-07,,active,5,49
S003487,A003487,PLN_STARTER,2024-12-16,,active,2,49
S003488,A003488,PLN_STARTER,2024-09-27,2025-01-19,cancelled,2,49
S003489,A003489,PLN_GROWTH,2023-11-02,2024-07-12,cancelled,24,231
S003490,A003490,PLN_ENTERPRISE,2023-08-24,,active,429,2499
S003491,A003491,PLN_SCALE,2023-12-02,,active,112,871
S003492,A003492,PLN_STARTER,2024-04-13,2025-10-02,cancelled,5,49
S003493,A003493,PLN_GROWTH,2023-12-14,,active,12,199
S003494,A003494,PLN_STARTER,2023-10-12,,active,4,49
S003495,A003495,PLN_STARTER,2025-07-14,,active,4,49
S003496,A003496,PLN_STARTER,2025-06-03,,active,3,49
S003497,A003497,PLN_STARTER,2025-01-20,,active,6,59
S003498,A003498,PLN_STARTER,2024-07-21,2025-06-03,cancelled,3,49
S003499,A003499,PLN_GROWTH,2024-01-04,2024-07-19,cancelled,19,199
S003500,A003500,PLN_STARTER,2023-10-10,,active,2,49
S003501,A003501,PLN_ENTERPRISE,2024-09-10,,active,181,2499
S003502,A003502,PLN_STARTER,2025-07-19,,active,3,49
S003503,A003503,PLN_STARTER,2023-12-22,2025-11-18,cancelled,2,49
S003504,A003504,PLN_ENTERPRISE,2023-06-02,,active,375,2499
S003505,A003505,PLN_GROWTH,2023-10-19,,active,7,199
S003506,A003506,PLN_SCALE,2023-11-14,,active,113,877
S003507,A003507,PLN_STARTER,2023-10-03,,active,4,49
S003508,A003508,PLN_GROWTH,2023-04-16,,active,7,199
S003509,A003509,PLN_ENTERPRISE,2023-07-18,,active,411,2499
S003510,A003510,PLN_GROWTH,2023-09-15,,active,9,199
S003511,A003511,PLN_ENTERPRISE,2023-06-05,,active,209,2499
S003512,A003512,PLN_STARTER,2024-08-02,,active,2,49
S003513,A003513,PLN_GROWTH,2024-12-23,,active,19,199
S003514,A003514,PLN_SCALE,2024-10-11,,active,53,799
S003515,A003515,PLN_GROWTH,2025-01-30,,active,18,199
S003516,A003516,PLN_GROWTH,2023-11-29,2024-05-20,cancelled,21,207
S003517,A003517,PLN_STARTER,2024-02-11,,active,5,49
S003518,A003518,PLN_STARTER,2024-04-03,2025-08-25,cancelled,5,49
S003519,A003519,PLN_STARTER,2023-10-29,,active,6,59
S003520,A003520,PLN_GROWTH,2023-05-04,,active,13,199
S003521,A003521,PLN_STARTER,2025-08-11,,active,4,49
S003522,A003522,PLN_SCALE,2024-12-14,,active,81,799
S003523,A003523,PLN_GROWTH,2025-07-20,,active,15,199
S003524,A003524,PLN_GROWTH,2024-12-12,,active,16,199
S003525,A003525,PLN_GROWTH,2025-03-13,,active,14,199
S003526,A003526,PLN_STARTER,2023-08-08,2025-06-04,cancelled,3,49
S003527,A003527,PLN_SCALE,2025-06-03,,active,68,799
S003528,A003528,PLN_GROWTH,2025-09-04,,active,11,199
S003529,A003529,PLN_SCALE,2023-05-23,,active,132,991
S003530,A003530,PLN_SCALE,2025-07-25,,active,132,991
S003531,A003531,PLN_SCALE,2023-01-23,2024-05-10,cancelled,75,799
S003532,A003532,PLN_STARTER,2025-04-04,,active,4,49
S003533,A003533,PLN_STARTER,2024-06-11,,active,2,49
S003534,A003534,PLN_STARTER,2023-04-17,,active,2,49
S003535,A003535,PLN_STARTER,2025-03-08,,active,2,49
S003536,A003536,PLN_STARTER,2024-06-14,,active,3,49
S003537,A003537,PLN_GROWTH,2024-04-21,,active,13,199
S003538,A003538,PLN_GROWTH,2023-06-10,,active,26,247
S003539,A003539,PLN_STARTER,2023-05-11,,active,5,49
S003540,A003540,PLN_STARTER,2024-07-10,,active,6,59
S003541,A003541,PLN_GROWTH,2024-08-04,,active,8,199
S003542,A003542,PLN_SCALE,2024-08-17,,active,59,799
S003543,A003543,PLN_GROWTH,2023-10-03,,active,21,207
S003544,A003544,PLN_STARTER,2025-04-02,,active,5,49
S003545,A003545,PLN_STARTER,2024-11-11,,active,2,49
S003546,A003546,PLN_GROWTH,2025-03-15,,active,20,199
S003547,A003547,PLN_GROWTH,2025-03-19,,active,12,199
S003548,A003548,PLN_STARTER,2023-06-22,,active,2,49
S003549,A003549,PLN_STARTER,2024-06-22,2025-11-16,cancelled,3,49
S003550,A003550,PLN_SCALE,2024-07-14,,active,127,961
S003551,A003551,PLN_GROWTH,2025-10-15,,active,9,199
S003552,A003552,PLN_GROWTH,2025-05-28,,active,20,199
S003553,A003553,PLN_STARTER,2024-11-06,,active,5,49
S003554,A003554,PLN_GROWTH,2023-07-16,,active,21,207
S003555,A003555,PLN_GROWTH,2025-02-18,,active,18,199
S003556,A003556,PLN_STARTER,2023-03-10,,active,2,49
S003557,A003557,PLN_STARTER,2025-07-23,,active,2,49
S003558,A003558,PLN_SCALE,2025-08-16,,active,35,799
S003559,A003559,PLN_GROWTH,2025-03-11,,active,7,199
S003560,A003560,PLN_STARTER,2025-10-05,,active,4,49
S003561,A003561,PLN_STARTER,2023-09-15,,active,2,49
S003562,A003562,PLN_STARTER,2023-07-12,,active,2,49
S003563,A003563,PLN_GROWTH,2024-09-05,,active,12,199
S003564,A003564,PLN_SCALE,2023-12-19,,active,88,799
S003565,A003565,PLN_GROWTH,2025-05-26,,active,25,239
S003566,A003566,PLN_SCALE,2024-11-26,,active,131,985
S003567,A003567,PLN_GROWTH,2025-04-03,,active,20,199
S003568,A003568,PLN_SCALE,2024-04-14,2024-10-14,cancelled,69,799
S003569,A003569,PLN_GROWTH,2025-07-03,,active,21,207
S003570,A003570,PLN_STARTER,2023-01-31,2023-06-08,cancelled,4,49
S003571,A003571,PLN_STARTER,2023-02-10,,active,3,49
S003572,A003572,PLN_ENTERPRISE,2025-07-25,,active,183,2499
S003573,A003573,PLN_STARTER,2024-05-20,,active,5,49
S003574,A003574,PLN_GROWTH,2024-08-22,,active,14,199
S003575,A003575,PLN_STARTER,2023-11-19,,active,5,49
S003576,A003576,PLN_GROWTH,2025-01-04,,active,24,231
S003577,A003577,PLN_STARTER,2024-01-12,,active,1,49
S003578,A003578,PLN_STARTER,2025-04-05,,active,3,49
S003579,A003579,PLN_STARTER,2023-07-30,2024-07-19,cancelled,3,49
S003580,A003580,PLN_GROWTH,2023-03-03,,active,10,199
S003581,A003581,PLN_STARTER,2025-07-30,,active,5,49
S003582,A003582,PLN_STARTER,2024-06-15,,active,3,49
S003583,A003583,PLN_STARTER,2024-03-10,,active,4,49
S003584,A003584,PLN_GROWTH,2023-12-11,,active,14,199
S003585,A003585,PLN_GROWTH,2024-08-28,,active,18,199
S003586,A003586,PLN_GROWTH,2025-09-14,,active,14,199
S003587,A003587,PLN_SCALE,2024-04-28,2025-02-01,cancelled,103,817
S003588,A003588,PLN_STARTER,2025-06-23,,active,6,59
S003589,A003589,PLN_STARTER,2025-07-09,,active,4,49
S003590,A003590,PLN_SCALE,2023-07-27,,active,58,799
S003591,A003591,PLN_GROWTH,2025-05-14,,active,19,199
S003592,A003592,PLN_STARTER,2025-07-02,,active,2,49
S003593,A003593,PLN_STARTER,2024-12-01,,active,5,49
S003594,A003594,PLN_STARTER,2024-03-16,2025-03-12,cancelled,4,49
S003595,A003595,PLN_GROWTH,2023-02-16,,active,18,199
S003596,A003596,PLN_GROWTH,2023-10-17,,active,25,239
S003597,A003597,PLN_GROWTH,2025-10-02,,active,23,223
S003598,A003598,PLN_GROWTH,2025-04-25,,active,23,223
S003599,A003599,PLN_STARTER,2023-05-22,,active,6,59
S003600,A003600,PLN_STARTER,2023-11-07,,active,3,49
S003601,A003601,PLN_SCALE,2024-11-05,2025-04-07,cancelled,36,799
S003602,A003602,PLN_STARTER,2025-05-13,,active,4,49
S003603,A003603,PLN_GROWTH,2023-03-05,2023-07-27,cancelled,15,199
S003604,A003604,PLN_STARTER,2023-02-18,,active,5,49
S003605,A003605,PLN_STARTER,2025-04-24,,active,3,49
S003606,A003606,PLN_GROWTH,2024-07-17,,active,13,199
S003607,A003607,PLN_SCALE,2024-10-03,,active,44,799
S003608,A003608,PLN_GROWTH,2025-05-15,,active,22,215
S003609,A003609,PLN_GROWTH,2023-10-25,,active,16,199
S003610,A003610,PLN_STARTER,2024-09-03,,active,5,49
S003611,A003611,PLN_GROWTH,2025-08-15,,active,9,199
S003612,A003612,PLN_GROWTH,2024-01-17,2024-11-13,cancelled,14,199
S003613,A003613,PLN_ENTERPRISE,2025-04-14,,active,444,2499
S003614,A003614,PLN_STARTER,2023-05-07,,active,2,49
S003615,A003615,PLN_GROWTH,2024-08-05,,active,7,199
S003616,A003616,PLN_GROWTH,2023-03-06,2023-06-11,cancelled,21,207
S003617,A003617,PLN_GROWTH,2025-09-08,,active,11,199
S003618,A003618,PLN_SCALE,2025-02-07,,active,77,799
S003619,A003619,PLN_STARTER,2024-10-14,,active,5,49
S003620,A003620,PLN_STARTER,2023-04-01,,active,2,49
S003621,A003621,PLN_ENTERPRISE,2023-06-16,,active,515,2559
S003622,A003622,PLN_GROWTH,2024-10-15,,active,9,199
S003623,A003623,PLN_ENTERPRISE,2025-06-09,,active,409,2499
S003624,A003624,PLN_STARTER,2023-03-01,,active,4,49
S003625,A003625,PLN_GROWTH,2024-12-01,,active,16,199
S003626,A003626,PLN_STARTER,2024-01-04,,active,2,49
S003627,A003627,PLN_STARTER,2025-04-26,,active,4,49
S003628,A003628,PLN_STARTER,2025-01-17,,active,3,49
S003629,A003629,PLN_GROWTH,2024-02-27,,active,19,199
S003630,A003630,PLN_GROWTH,2024-03-23,,active,26,247
S003631,A003631,PLN_STARTER,2023-01-18,,active,4,49
S003632,A003632,PLN_GROWTH,2024-07-01,,active,9,199
S003633,A003633,PLN_STARTER,2025-04-29,,active,6,59
S003634,A003634,PLN_GROWTH,2023-03-12,,active,7,199
S003635,A003635,PLN_STARTER,2023-11-12,2025-03-21,cancelled,6,59
S003636,A003636,PLN_STARTER,2025-03-13,,active,4,49
S003637,A003637,PLN_SCALE,2024-11-10,,active,127,961
S003638,A003638,PLN_STARTER,2024-12-31,,active,3,49
S003639,A003639,PLN_STARTER,2023-12-14,,active,2,49
S003640,A003640,PLN_STARTER,2023-06-26,,active,6,59
S003641,A003641,PLN_STARTER,2023-08-28,,active,1,49
S003642,A003642,PLN_GROWTH,2023-02-06,,active,11,199
S003643,A003643,PLN_SCALE,2023-02-08,2024-10-30,cancelled,71,799
S003644,A003644,PLN_STARTER,2025-09-23,,active,2,49
S003645,A003645,PLN_STARTER,2024-01-16,2025-06-14,cancelled,5,49
S003646,A003646,PLN_SCALE,2025-07-26,,active,44,799
S003647,A003647,PLN_STARTER,2024-03-23,2025-07-19,cancelled,3,49
S003648,A003648,PLN_STARTER,2023-12-29,,active,3,49
S003649,A003649,PLN_GROWTH,2025-05-31,,active,19,199
S003650,A003650,PLN_STARTER,2024-02-24,,active,5,49
S003651,A003651,PLN_GROWTH,2024-12-26,,active,13,199
S003652,A003652,PLN_STARTER,2025-04-14,,active,4,49
S003653,A003653,PLN_SCALE,2025-09-02,,active,92,799
S003654,A003654,PLN_SCALE,2023-06-19,2024-12-14,cancelled,117,901
S003655,A003655,PLN_STARTER,2023-02-09,,active,2,49
S003656,A003656,PLN_STARTER,2025-09-06,,active,4,49
S003657,A003657,PLN_GROWTH,2023-01-15,,active,7,199
S003658,A003658,PLN_STARTER,2023-07-27,,active,2,49
S003659,A003659,PLN_ENTERPRISE,2025-05-29,,active,208,2499
S003660,A003660,PLN_STARTER,2023-06-01,,active,4,49
S003661,A003661,PLN_GROWTH,2023-02-18,,active,9,199
S003662,A003662,PLN_STARTER,2025-02-28,,active,5,49
S003663,A003663,PLN_GROWTH,2023-12-13,2025-02-20,cancelled,22,215
S003664,A003664,PLN_ENTERPRISE,2023-06-09,2024-03-19,cancelled,343,2499
S003665,A003665,PLN_GROWTH,2024-03-04,,active,23,223
S003666,A003666,PLN_STARTER,2024-11-11,,active,6,59
S003667,A003667,PLN_STARTER,2024-06-04,2025-03-12,cancelled,5,49
S003668,A003668,PLN_GROWTH,2024-12-30,,active,24,231
S003669,A003669,PLN_GROWTH,2024-10-23,2025-05-18,cancelled,16,199
S003670,A003670,PLN_STARTER,2023-03-06,2024-08-13,cancelled,4,49
S003671,A003671,PLN_STARTER,2024-10-02,2025-03-02,cancelled,2,49
S003672,A003672,PLN_ENTERPRISE,2023-09-16,,active,225,2499
S003673,A003673,PLN_GROWTH,2024-07-20,,active,23,223
S003674,A003674,PLN_STARTER,2025-10-09,,active,1,49
S003675,A003675,PLN_GROWTH,2024-09-03,,active,17,199
S003676,A003676,PLN_SCALE,2024-02-02,,active,132,991
S003677,A003677,PLN_GROWTH,2024-02-23,,active,14,199
S003678,A003678,PLN_GROWTH,2024-03-29,,active,16,199
S003679,A003679,PLN_GROWTH,2024-07-04,,active,12,199
S003680,A003680,PLN_STARTER,2023-12-23,,active,5,49
S003681,A003681,PLN_GROWTH,2025-02-20,,active,17,199
S003682,A003682,PLN_GROWTH,2024-11-20,,active,25,239
S003683,A003683,PLN_SCALE,2025-07-02,,active,112,871
S003684,A003684,PLN_SCALE,2023-01-11,,active,133,997
S003685,A003685,PLN_SCALE,2023-08-31,,active,61,799
S003686,A003686,PLN_STARTER,2024-09-15,,active,4,49
S003687,A003687,PLN_GROWTH,2025-06-14,,active,13,199
S003688,A003688,PLN_STARTER,2023-07-09,,active,2,49
S003689,A003689,PLN_STARTER,2024-06-05,,active,6,59
S003690,A003690,PLN_GROWTH,2025-04-17,,active,16,199
S003691,A003691,PLN_ENTERPRISE,2023-05-16,2024-11-19,cancelled,307,2499
S003692,A003692,PLN_STARTER,2023-06-14,,active,3,49
S003693,A003693,PLN_STARTER,2023-07-01,,active,2,49
S003694,A003694,PLN_GROWTH,2025-06-05,,active,9,199
S003695,A003695,PLN_GROWTH,2023-05-03,2025-02-05,cancelled,23,223
S003696,A003696,PLN_ENTERPRISE,2023-10-13,,active,311,2499
S003697,A003697,PLN_STARTER,2023-03-11,,active,3,49
S003698,A003698,PLN_SCALE,2025-07-17,,active,49,799
S003699,A003699,PLN_SCALE,2023-05-05,,active,106,835
S003700,A003700,PLN_STARTER,2023-04-17,,active,3,49
S003701,A003701,PLN_STARTER,2023-02-11,,active,4,49
S003702,A003702,PLN_SCALE,2023-08-01,,active,69,799
S003703,A003703,PLN_STARTER,2023-03-17,,active,3,49
S003704,A003704,PLN_STARTER,2025-09-16,,active,3,49
S003705,A003705,PLN_STARTER,2024-05-29,,active,6,59
S003706,A003706,PLN_SCALE,2024-06-09,,active,117,901
S003707,A003707,PLN_STARTER,2023-02-09,,active,4,49
S003708,A003708,PLN_GROWTH,2025-02-06,,active,13,199
S003709,A003709,PLN_STARTER,2023-02-03,,active,2,49
S003710,A003710,PLN_GROWTH,2023-12-24,,active,26,247
S003711,A003711,PLN_GROWTH,2024-11-24,2025-03-08,cancelled,15,199
S003712,A003712,PLN_STARTER,2025-08-05,,active,4,49
S003713,A003713,PLN_STARTER,2024-02-16,,active,3,49
S003714,A003714,PLN_STARTER,2023-12-31,,active,6,59
S003715,A003715,PLN_GROWTH,2023-08-30,,active,21,207
S003716,A003716,PLN_SCALE,2025-01-30,,active,81,799
S003717,A003717,PLN_SCALE,2025-02-20,,active,77,799
S003718,A003718,PLN_GROWTH,2023-09-14,,active,14,199
S003719,A003719,PLN_STARTER,2023-02-22,,active,4,49
S003720,A003720,PLN_GROWTH,2024-06-03,,active,20,199
S003721,A003721,PLN_SCALE,2024-11-15,,active,108,847
S003722,A003722,PLN_STARTER,2024-08-15,2025-11-10,cancelled,3,49
S003723,A003723,PLN_STARTER,2025-07-23,,active,3,49
S003724,A003724,PLN_GROWTH,2023-11-03,,active,11,199
S003725,A003725,PLN_ENTERPRISE,2024-09-03,,active,310,2499
S003726,A003726,PLN_STARTER,2024-12-06,,active,2,49
S003727,A003727,PLN_GROWTH,2024-03-18,,active,17,199
S003728,A003728,PLN_GROWTH,2024-08-12,2025-07-23,cancelled,23,223
S003729,A003729,PLN_GROWTH,2023-09-30,,active,8,199
S003730,A003730,PLN_GROWTH,2023-10-18,,active,14,199
S003731,A003731,PLN_STARTER,2025-09-15,,active,5,49
S003732,A003732,PLN_GROWTH,2024-05-07,,active,8,199
S003733,A003733,PLN_STARTER,2023-01-28,,active,4,49
S003734,A003734,PLN_SCALE,2024-01-04,,active,81,799
S003735,A003735,PLN_GROWTH,2024-05-09,,active,24,231
S003736,A003736,PLN_STARTER,2023-03-29,2024-10-06,cancelled,2,49
S003737,A003737,PLN_GROWTH,2025-05-08,2025-12-09,cancelled,19,199
S003738,A003738,PLN_STARTER,2024-04-29,2025-02-16,cancelled,3,49
S003739,A003739,PLN_GROWTH,2023-05-15,2023-08-14,cancelled,25,239
S003740,A003740,PLN_STARTER,2023-05-17,2024-07-08,cancelled,4,49
S003741,A003741,PLN_ENTERPRISE,2025-03-24,,active,179,2499
S003742,A003742,PLN_SCALE,2024-06-01,,active,43,799
S003743,A003743,PLN_STARTER,2025-04-02,,active,2,49
S003744,A003744,PLN_GROWTH,2025-05-11,,active,11,199
S003745,A003745,PLN_STARTER,2025-08-18,,active,2,49
S003746,A003746,PLN_GROWTH,2024-09-02,,active,26,247
S003747,A003747,PLN_STARTER,2025-02-15,,active,4,49
S003748,A003748,PLN_GROWTH,2023-05-13,,active,8,199
S003749,A003749,PLN_SCALE,2025-08-25,,active,49,799
S003750,A003750,PLN_ENTERPRISE,2024-07-23,,active,488,2499
S003751,A003751,PLN_GROWTH,2024-12-04,,active,16,199
S003752,A003752,PLN_GROWTH,2025-07-24,,active,13,199
S003753,A003753,PLN_STARTER,2024-11-03,,active,6,59
S003754,A003754,PLN_STARTER,2025-08-04,,active,3,49
S003755,A003755,PLN_GROWTH,2023-10-20,,active,19,199
S003756,A003756,PLN_GROWTH,2024-02-07,,active,17,199
S003757,A003757,PLN_STARTER,2025-02-06,2025-07-22,cancelled,2,49
S003758,A003758,PLN_ENTERPRISE,2024-03-14,2025-06-21,cancelled,280,2499
S003759,A003759,PLN_GROWTH,2023-09-21,,active,21,207
S003760,A003760,PLN_GROWTH,2024-05-17,2025-06-19,cancelled,10,199
S003761,A003761,PLN_SCALE,2024-07-06,,active,86,799
S003762,A003762,PLN_GROWTH,2023-05-27,,active,14,199
S003763,A003763,PLN_STARTER,2025-01-04,,active,3,49
S003764,A003764,PLN_STARTER,2024-04-15,2025-03-27,cancelled,2,49
S003765,A003765,PLN_STARTER,2025-05-02,,active,4,49
S003766,A003766,PLN_STARTER,2023-01-17,,active,4,49
S003767,A003767,PLN_GROWTH,2025-09-14,,active,7,199
S003768,A003768,PLN_ENTERPRISE,2024-03-19,,active,269,2499
S003769,A003769,PLN_STARTER,2024-05-29,,active,2,49
S003770,A003770,PLN_STARTER,2025-03-09,,active,2,49
S003771,A003771,PLN_SCALE,2025-07-13,,active,96,799
S003772,A003772,PLN_SCALE,2023-09-20,,active,92,799
S003773,A003773,PLN_GROWTH,2023-05-16,,active,14,199
S003774,A003774,PLN_STARTER,2025-08-07,,active,4,49
S003775,A003775,PLN_STARTER,2024-11-13,,active,5,49
S003776,A003776,PLN_GROWTH,2023-05-12,2024-08-18,cancelled,16,199
S003777,A003777,PLN_SCALE,2024-06-23,,active,91,799
S003778,A003778,PLN_SCALE,2025-09-13,,active,79,799
S003779,A003779,PLN_STARTER,2025-02-15,,active,5,49
S003780,A003780,PLN_STARTER,2025-07-09,,active,3,49
S003781,A003781,PLN_SCALE,2023-02-01,,active,129,973
S003782,A003782,PLN_STARTER,2024-10-26,,active,4,49
S003783,A003783,PLN_STARTER,2024-07-30,,active,4,49
S003784,A003784,PLN_STARTER,2023-03-09,2024-04-26,cancelled,3,49
S003785,A003785,PLN_SCALE,2025-05-21,2025-10-07,cancelled,121,925
S003786,A003786,PLN_STARTER,2023-10-19,,active,6,59
S003787,A003787,PLN_STARTER,2025-10-11,,active,2,49
S003788,A003788,PLN_STARTER,2024-11-07,,active,4,49
S003789,A003789,PLN_GROWTH,2023-11-08,,active,9,199
S003790,A003790,PLN_GROWTH,2023-10-30,,active,25,239
S003791,A003791,PLN_GROWTH,2024-02-14,,active,21,207
S003792,A003792,PLN_STARTER,2023-10-13,2024-07-24,cancelled,1,49
S003793,A003793,PLN_GROWTH,2024-09-10,,active,8,199
S003794,A003794,PLN_ENTERPRISE,2024-07-14,,active,262,2499
S003795,A003795,PLN_GROWTH,2024-02-20,,active,14,199
S003796,A003796,PLN_GROWTH,2025-05-16,,active,13,199
S003797,A003797,PLN_STARTER,2023-10-31,2025-08-02,cancelled,2,49
S003798,A003798,PLN_GROWTH,2024-02-09,2024-10-12,cancelled,25,239
S003799,A003799,PLN_SCALE,2023-04-28,2023-09-27,cancelled,122,931
S003800,A003800,PLN_STARTER,2025-03-24,,active,2,49
S003801,A003801,PLN_GROWTH,2024-08-19,,active,25,239
S003802,A003802,PLN_GROWTH,2023-12-31,,active,16,199
S003803,A003803,PLN_GROWTH,2025-01-08,,active,22,215
S003804,A003804,PLN_GROWTH,2023-06-15,2024-09-08,cancelled,9,199
S003805,A003805,PLN_ENTERPRISE,2024-06-29,,active,278,2499
S003806,A003806,PLN_STARTER,2023-05-13,2024-09-09,cancelled,2,49
S003807,A003807,PLN_STARTER,2023-10-25,2024-06-29,cancelled,1,49
S003808,A003808,PLN_STARTER,2025-06-21,,active,1,49
S003809,A003809,PLN_STARTER,2025-10-16,,active,3,49
S003810,A003810,PLN_GROWTH,2024-08-12,,active,22,215
S003811,A003811,PLN_GROWTH,2025-06-04,,active,7,199
S003812,A003812,PLN_SCALE,2023-11-30,,active,117,901
S003813,A003813,PLN_STARTER,2024-02-03,2024-05-20,cancelled,4,49
S003814,A003814,PLN_SCALE,2023-04-07,,active,116,895
S003815,A003815,PLN_GROWTH,2025-03-05,,active,14,199
S003816,A003816,PLN_STARTER,2023-05-02,,active,3,49
S003817,A003817,PLN_GROWTH,2025-03-23,2025-10-21,cancelled,21,207
S003818,A003818,PLN_ENTERPRISE,2023-11-24,,active,384,2499
S003819,A003819,PLN_ENTERPRISE,2023-03-11,,active,384,2499
S003820,A003820,PLN_ENTERPRISE,2024-10-03,,active,435,2499
S003821,A003821,PLN_STARTER,2025-07-01,,active,2,49
S003822,A003822,PLN_GROWTH,2023-10-08,2025-09-07,cancelled,17,199
S003823,A003823,PLN_SCALE,2023-11-27,,active,41,799
S003824,A003824,PLN_SCALE,2025-09-06,,active,121,925
S003825,A003825,PLN_SCALE,2024-10-06,2025-11-20,cancelled,40,799
S003826,A003826,PLN_STARTER,2025-07-13,,active,2,49
S003827,A003827,PLN_STARTER,2024-01-06,,active,2,49
S003828,A003828,PLN_STARTER,2023-10-02,,active,5,49
S003829,A003829,PLN_STARTER,2025-07-17,,active,6,59
S003830,A003830,PLN_GROWTH,2023-06-27,,active,21,207
S003831,A003831,PLN_STARTER,2023-04-21,2025-03-31,cancelled,6,59
S003832,A003832,PLN_STARTER,2023-04-22,,active,3,49
S003833,A003833,PLN_SCALE,2025-09-01,,active,128,967
S003834,A003834,PLN_STARTER,2023-10-04,,active,2,49
S003835,A003835,PLN_GROWTH,2024-05-24,,active,23,223
S003836,A003836,PLN_STARTER,2024-05-24,,active,6,59
S003837,A003837,PLN_STARTER,2024-09-28,,active,5,49
S003838,A003838,PLN_GROWTH,2025-02-14,,active,9,199
S003839,A003839,PLN_SCALE,2024-11-20,2025-03-18,cancelled,125,949
S003840,A003840,PLN_STARTER,2025-06-10,,active,2,49
S003841,A003841,PLN_ENTERPRISE,2025-03-13,,active,437,2499
S003842,A003842,PLN_GROWTH,2023-09-19,,active,23,223
S003843,A003843,PLN_STARTER,2025-03-13,,active,4,49
S003844,A003844,PLN_ENTERPRISE,2023-06-07,,active,238,2499
S003845,A003845,PLN_STARTER,2024-12-16,,active,4,49
S003846,A003846,PLN_STARTER,2024-07-21,2025-01-11,cancelled,2,49
S003847,A003847,PLN_GROWTH,2023-01-17,,active,23,223
S003848,A003848,PLN_STARTER,2024-09-22,2025-07-19,cancelled,4,49
S003849,A003849,PLN_STARTER,2025-03-19,2025-07-29,cancelled,3,49
S003850,A003850,PLN_ENTERPRISE,2024-05-25,2024-12-13,cancelled,289,2499
S003851,A003851,PLN_ENTERPRISE,2023-06-24,,active,372,2499
S003852,A003852,PLN_GROWTH,2024-10-12,,active,26,247
S003853,A003853,PLN_GROWTH,2024-07-04,,active,14,199
S003854,A003854,PLN_GROWTH,2023-12-23,,active,19,199
S003855,A003855,PLN_STARTER,2023-03-07,,active,5,49
S003856,A003856,PLN_STARTER,2024-08-24,,active,5,49
S003857,A003857,PLN_STARTER,2024-10-26,2025-11-13,cancelled,2,49
S003858,A003858,PLN_GROWTH,2023-09-13,,active,11,199
S003859,A003859,PLN_STARTER,2024-04-28,,active,3,49
S003860,A003860,PLN_STARTER,2025-03-26,,active,6,59
S003861,A003861,PLN_SCALE,2023-09-07,,active,97,799
S003862,A003862,PLN_GROWTH,2023-05-21,,active,9,199
S003863,A003863,PLN_STARTER,2025-09-30,,active,3,49
S003864,A003864,PLN_STARTER,2023-09-27,,active,6,59
S003865,A003865,PLN_STARTER,2023-01-20,,active,4,49
S003866,A003866,PLN_SCALE,2023-11-24,,active,69,799
S003867,A003867,PLN_GROWTH,2025-02-22,,active,7,199
S003868,A003868,PLN_STARTER,2025-09-07,,active,4,49
S003869,A003869,PLN_GROWTH,2024-10-03,,active,19,199
S003870,A003870,PLN_STARTER,2025-08-03,,active,6,59
S003871,A003871,PLN_STARTER,2025-03-08,,active,5,49
S003872,A003872,PLN_GROWTH,2025-05-30,,active,8,199
S003873,A003873,PLN_ENTERPRISE,2023-10-01,2024-03-27,cancelled,256,2499
S003874,A003874,PLN_STARTER,2025-06-05,,active,4,49
S003875,A003875,PLN_GROWTH,2023-05-19,2025-03-13,cancelled,25,239
S003876,A003876,PLN_STARTER,2024-05-25,,active,3,49
S003877,A003877,PLN_STARTER,2025-03-25,,active,5,49
S003878,A003878,PLN_SCALE,2025-01-30,2025-05-14,cancelled,101,805
S003879,A003879,PLN_GROWTH,2023-10-08,,active,17,199
S003880,A003880,PLN_SCALE,2025-07-29,,active,56,799
S003881,A003881,PLN_STARTER,2024-04-22,2025-11-17,cancelled,5,49
S003882,A003882,PLN_SCALE,2023-05-17,,active,81,799
S003883,A003883,PLN_GROWTH,2025-09-10,,active,18,199
S003884,A003884,PLN_GROWTH,2024-10-24,,active,23,223
S003885,A003885,PLN_GROWTH,2024-03-16,,active,22,215
S003886,A003886,PLN_STARTER,2023-05-30,,active,5,49
S003887,A003887,PLN_SCALE,2023-06-24,2025-02-18,cancelled,132,991
S003888,A003888,PLN_STARTER,2023-02-01,2023-11-23,cancelled,1,49
S003889,A003889,PLN_ENTERPRISE,2024-07-08,2025-10-07,cancelled,496,2499
S003890,A003890,PLN_SCALE,2023-05-17,,active,59,799
S003891,A003891,PLN_STARTER,2023-06-18,2024-08-11,cancelled,6,59
S003892,A003892,PLN_STARTER,2024-03-01,,active,2,49
S003893,A003893,PLN_GROWTH,2024-05-27,,active,11,199
S003894,A003894,PLN_SCALE,2025-03-23,,active,83,799
S003895,A003895,PLN_STARTER,2023-05-02,2024-05-24,cancelled,4,49
S003896,A003896,PLN_STARTER,2023-11-10,2024-10-11,cancelled,3,49
S003897,A003897,PLN_GROWTH,2025-04-28,,active,8,199
S003898,A003898,PLN_STARTER,2024-03-18,,active,2,49
S003899,A003899,PLN_GROWTH,2025-04-02,,active,21,207
S003900,A003900,PLN_SCALE,2023-06-30,2024-08-12,cancelled,67,799
S003901,A003901,PLN_STARTER,2024-07-01,,active,4,49
S003902,A003902,PLN_SCALE,2024-04-05,,active,115,889
S003903,A003903,PLN_STARTER,2025-04-09,,active,5,49
S003904,A003904,PLN_STARTER,2023-05-10,,active,3,49
S003905,A003905,PLN_STARTER,2023-11-01,2025-03-16,cancelled,2,49
S003906,A003906,PLN_STARTER,2024-02-15,,active,4,49
S003907,A003907,PLN_STARTER,2025-09-20,,active,2,49
S003908,A003908,PLN_STARTER,2025-01-06,,active,2,49
S003909,A003909,PLN_STARTER,2025-02-17,2025-10-17,cancelled,3,49
S003910,A003910,PLN_STARTER,2023-06-15,,active,4,49
S003911,A003911,PLN_GROWTH,2023-10-17,,active,23,223
S003912,A003912,PLN_STARTER,2025-07-28,,active,2,49
S003913,A003913,PLN_STARTER,2023-04-15,,active,2,49
S003914,A003914,PLN_STARTER,2024-03-25,,active,4,49
S003915,A003915,PLN_STARTER,2024-08-15,2024-12-04,cancelled,5,49
S003916,A003916,PLN_STARTER,2023-08-04,,active,5,49
S003917,A003917,PLN_GROWTH,2023-01-24,2023-06-18,cancelled,10,199
S003918,A003918,PLN_STARTER,2025-01-08,,active,4,49
S003919,A003919,PLN_GROWTH,2025-05-21,,active,25,239
S003920,A003920,PLN_STARTER,2024-07-10,2025-07-17,cancelled,3,49
S003921,A003921,PLN_GROWTH,2024-10-08,,active,20,199
S003922,A003922,PLN_SCALE,2025-05-17,,active,74,799
S003923,A003923,PLN_STARTER,2023-12-29,,active,3,49
S003924,A003924,PLN_STARTER,2025-09-13,,active,5,49
S003925,A003925,PLN_GROWTH,2024-03-09,,active,25,239
S003926,A003926,PLN_STARTER,2023-03-19,2023-07-18,cancelled,2,49
S003927,A003927,PLN_STARTER,2023-06-09,,active,3,49
S003928,A003928,PLN_STARTER,2023-01-06,2023-08-06,cancelled,5,49
S003929,A003929,PLN_STARTER,2024-01-06,2025-08-18,cancelled,5,49
S003930,A003930,PLN_STARTER,2023-02-24,,active,6,59
S003931,A003931,PLN_STARTER,2025-09-19,,active,2,49
S003932,A003932,PLN_GROWTH,2025-04-28,,active,20,199
S003933,A003933,PLN_STARTER,2024-08-17,2025-08-19,cancelled,2,49
S003934,A003934,PLN_SCALE,2023-11-28,,active,106,835
S003935,A003935,PLN_STARTER,2023-09-15,,active,5,49
S003936,A003936,PLN_SCALE,2024-11-04,,active,111,865
S003937,A003937,PLN_STARTER,2023-05-03,,active,6,59
S003938,A003938,PLN_STARTER,2025-10-02,,active,6,59
S003939,A003939,PLN_SCALE,2024-09-15,,active,120,919
S003940,A003940,PLN_STARTER,2025-07-23,,active,5,49
S003941,A003941,PLN_STARTER,2025-07-24,,active,6,59
S003942,A003942,PLN_STARTER,2025-05-14,,active,6,59
S003943,A003943,PLN_SCALE,2023-08-29,,active,76,799
S003944,A003944,PLN_GROWTH,2024-11-30,,active,10,199
S003945,A003945,PLN_STARTER,2024-06-16,,active,3,49
S003946,A003946,PLN_ENTERPRISE,2025-08-09,,active,386,2499
S003947,A003947,PLN_GROWTH,2024-11-07,,active,7,199
S003948,A003948,PLN_STARTER,2024-01-30,,active,2,49
S003949,A003949,PLN_GROWTH,2023-02-23,,active,14,199
S003950,A003950,PLN_GROWTH,2023-07-08,,active,26,247
S003951,A003951,PLN_STARTER,2025-03-26,,active,5,49
S003952,A003952,PLN_GROWTH,2023-11-23,,active,20,199
S003953,A003953,PLN_SCALE,2025-08-19,,active,122,931
S003954,A003954,PLN_STARTER,2025-09-29,,active,2,49
S003955,A003955,PLN_STARTER,2023-07-13,2024-05-02,cancelled,3,49
S003956,A003956,PLN_GROWTH,2025-09-12,,active,26,247
S003957,A003957,PLN_SCALE,2025-03-18,,active,85,799
S003958,A003958,PLN_SCALE,2025-06-23,,active,81,799
S003959,A003959,PLN_STARTER,2025-08-10,,active,3,49
S003960,A003960,PLN_SCALE,2025-04-12,,active,72,799
S003961,A003961,PLN_STARTER,2024-05-19,,active,3,49
S003962,A003962,PLN_STARTER,2024-03-28,,active,3,49
S003963,A003963,PLN_STARTER,2023-12-16,2024-07-31,cancelled,2,49
S003964,A003964,PLN_STARTER,2023-09-24,2024-04-22,cancelled,4,49
S003965,A003965,PLN_GROWTH,2025-10-04,,active,21,207
S003966,A003966,PLN_STARTER,2023-06-20,2025-04-06,cancelled,4,49
S003967,A003967,PLN_SCALE,2024-03-23,,active,122,931
S003968,A003968,PLN_GROWTH,2023-08-02,,active,22,215
S003969,A003969,PLN_STARTER,2024-07-13,2025-03-27,cancelled,5,49
S003970,A003970,PLN_STARTER,2023-06-05,,active,2,49
S003971,A003971,PLN_STARTER,2023-11-22,,active,1,49
S003972,A003972,PLN_GROWTH,2023-03-04,,active,14,199
S003973,A003973,PLN_ENTERPRISE,2023-01-18,,active,347,2499
S003974,A003974,PLN_STARTER,2023-05-07,2024-09-21,cancelled,5,49
S003975,A003975,PLN_SCALE,2023-10-06,,active,44,799
S003976,A003976,PLN_STARTER,2025-04-24,,active,3,49
S003977,A003977,PLN_GROWTH,2023-01-15,,active,18,199
S003978,A003978,PLN_STARTER,2024-01-28,,active,3,49
S003979,A003979,PLN_STARTER,2025-03-26,,active,5,49
S003980,A003980,PLN_STARTER,2024-10-12,,active,2,49
S003981,A003981,PLN_GROWTH,2024-10-04,,active,13,199
S003982,A003982,PLN_ENTERPRISE,2023-03-18,2023-06-17,cancelled,327,2499
S003983,A003983,PLN_GROWTH,2023-02-15,,active,20,199
S003984,A003984,PLN_SCALE,2024-11-18,,active,37,799
S003985,A003985,PLN_STARTER,2025-05-05,,active,4,49
S003986,A003986,PLN_STARTER,2025-05-30,,active,2,49
S003987,A003987,PLN_GROWTH,2024-12-07,,active,10,199
S003988,A003988,PLN_STARTER,2024-06-06,,active,3,49
S003989,A003989,PLN_SCALE,2023-12-23,,active,130,979
S003990,A003990,PLN_STARTER,2023-08-19,,active,3,49
S003991,A003991,PLN_STARTER,2023-05-11,,active,2,49
S003992,A003992,PLN_GROWTH,2024-12-16,,active,18,199
S003993,A003993,PLN_STARTER,2024-07-31,,active,2,49
S003994,A003994,PLN_GROWTH,2024-09-27,,active,7,199
S003995,A003995,PLN_GROWTH,2025-04-16,,active,11,199
S003996,A003996,PLN_STARTER,2024-12-24,,active,6,59
S003997,A003997,PLN_GROWTH,2025-09-24,,active,21,207
S003998,A003998,PLN_STARTER,2023-10-08,,active,3,49
S003999,A003999,PLN_GROWTH,2025-06-18,,active,19,199
S004000,A004000,PLN_STARTER,2023-07-06,,active,5,49
S004001,A004001,PLN_GROWTH,2025-07-09,,active,18,199
S004002,A004002,PLN_STARTER,2025-09-18,,active,6,59
S004003,A004003,PLN_SCALE,2023-10-23,,active,107,841
S004004,A004004,PLN_GROWTH,2023-02-12,,active,25,239
S004005,A004005,PLN_STARTER,2024-07-27,,active,4,49
S004006,A004006,PLN_SCALE,2024-11-03,,active,130,979
S004007,A004007,PLN_STARTER,2025-01-21,,active,1,49
S004008,A004008,PLN_GROWTH,2024-01-21,2025-09-23,cancelled,17,199
S004009,A004009,PLN_GROWTH,2025-03-29,,active,25,239
S004010,A004010,PLN_SCALE,2025-08-06,,active,101,805
S004011,A004011,PLN_SCALE,2025-05-06,,active,99,799
S004012,A004012,PLN_ENTERPRISE,2023-08-05,,active,467,2499
S004013,A004013,PLN_GROWTH,2025-05-17,,active,16,199
S004014,A004014,PLN_STARTER,2023-03-07,,active,3,49
S004015,A004015,PLN_GROWTH,2025-01-26,,active,15,199
S004016,A004016,PLN_STARTER,2023-03-14,,active,3,49
S004017,A004017,PLN_GROWTH,2025-03-05,,active,18,199
S004018,A004018,PLN_GROWTH,2025-09-10,,active,16,199
S004019,A004019,PLN_STARTER,2024-11-08,,active,2,49
S004020,A004020,PLN_STARTER,2024-11-30,,active,3,49
S004021,A004021,PLN_GROWTH,2023-03-15,,active,15,199
S004022,A004022,PLN_SCALE,2023-07-31,,active,58,799
S004023,A004023,PLN_STARTER,2025-09-24,,active,2,49
S004024,A004024,PLN_STARTER,2024-06-01,,active,5,49
S004025,A004025,PLN_GROWTH,2023-01-26,,active,7,199
S004026,A004026,PLN_SCALE,2023-12-23,,active,134,1003
S004027,A004027,PLN_GROWTH,2025-01-05,,active,17,199
S004028,A004028,PLN_GROWTH,2024-06-01,,active,23,223
S004029,A004029,PLN_GROWTH,2025-01-24,,active,15,199
S004030,A004030,PLN_GROWTH,2023-05-17,,active,17,199
S004031,A004031,PLN_GROWTH,2023-08-21,2024-12-30,cancelled,9,199
S004032,A004032,PLN_STARTER,2025-05-20,,active,2,49
S004033,A004033,PLN_STARTER,2024-12-30,,active,2,49
S004034,A004034,PLN_GROWTH,2025-06-19,,active,14,199
S004035,A004035,PLN_STARTER,2023-04-14,,active,5,49
S004036,A004036,PLN_STARTER,2025-08-24,2025-11-22,cancelled,3,49
S004037,A004037,PLN_STARTER,2024-08-01,,active,2,49
S004038,A004038,PLN_GROWTH,2025-03-06,,active,23,223
S004039,A004039,PLN_STARTER,2025-08-31,,active,4,49
S004040,A004040,PLN_SCALE,2024-12-16,,active,127,961
S004041,A004041,PLN_STARTER,2023-07-19,,active,4,49
S004042,A004042,PLN_SCALE,2025-10-07,,active,52,799
S004043,A004043,PLN_STARTER,2024-11-28,,active,1,49
S004044,A004044,PLN_GROWTH,2023-03-22,,active,21,207
S004045,A004045,PLN_SCALE,2023-06-04,,active,46,799
S004046,A004046,PLN_GROWTH,2025-09-23,,active,13,199
S004047,A004047,PLN_GROWTH,2023-12-04,2025-09-05,cancelled,13,199
S004048,A004048,PLN_SCALE,2023-05-30,2024-09-25,cancelled,101,805
S004049,A004049,PLN_GROWTH,2023-08-23,2024-09-27,cancelled,16,199
S004050,A004050,PLN_GROWTH,2025-03-05,,active,13,199
S004051,A004051,PLN_GROWTH,2024-08-09,,active,21,207
S004052,A004052,PLN_SCALE,2024-08-27,2024-12-03,cancelled,125,949
S004053,A004053,PLN_STARTER,2025-05-09,,active,2,49
S004054,A004054,PLN_GROWTH,2023-06-11,,active,14,199
S004055,A004055,PLN_STARTER,2025-08-29,,active,5,49
S004056,A004056,PLN_GROWTH,2024-11-30,,active,10,199
S004057,A004057,PLN_GROWTH,2024-01-13,,active,23,223
S004058,A004058,PLN_STARTER,2024-03-23,,active,2,49
S004059,A004059,PLN_STARTER,2025-04-06,,active,2,49
S004060,A004060,PLN_GROWTH,2023-08-26,2024-10-22,cancelled,25,239
S004061,A004061,PLN_STARTER,2024-09-04,,active,5,49
S004062,A004062,PLN_STARTER,2025-01-17,,active,6,59
S004063,A004063,PLN_GROWTH,2023-06-19,,active,9,199
S004064,A004064,PLN_STARTER,2024-12-10,,active,5,49
S004065,A004065,PLN_GROWTH,2025-09-20,,active,15,199
S004066,A004066,PLN_STARTER,2023-04-03,2024-02-28,cancelled,3,49
S004067,A004067,PLN_SCALE,2023-05-25,,active,106,835
S004068,A004068,PLN_STARTER,2023-01-27,,active,4,49
S004069,A004069,PLN_GROWTH,2024-05-10,2025-10-08,cancelled,11,199
S004070,A004070,PLN_GROWTH,2023-03-20,,active,18,199
S004071,A004071,PLN_SCALE,2025-08-07,,active,100,799
S004072,A004072,PLN_STARTER,2025-06-19,,active,5,49
S004073,A004073,PLN_STARTER,2023-06-24,2023-12-30,cancelled,2,49
S004074,A004074,PLN_ENTERPRISE,2023-12-04,2025-03-08,cancelled,224,2499
S004075,A004075,PLN_SCALE,2024-09-19,,active,58,799
S004076,A004076,PLN_GROWTH,2025-04-08,,active,9,199
S004077,A004077,PLN_STARTER,2023-04-26,2024-07-02,cancelled,3,49
S004078,A004078,PLN_GROWTH,2025-04-08,2025-07-21,cancelled,11,199
S004079,A004079,PLN_SCALE,2023-04-21,2023-12-25,cancelled,79,799
S004080,A004080,PLN_GROWTH,2023-02-28,,active,8,199
S004081,A004081,PLN_STARTER,2025-01-01,2025-12-23,cancelled,4,49
S004082,A004082,PLN_GROWTH,2025-10-14,,active,26,247
S004083,A004083,PLN_STARTER,2025-03-29,,active,6,59
S004084,A004084,PLN_STARTER,2023-07-14,,active,5,49
S004085,A004085,PLN_ENTERPRISE,2024-05-14,,active,469,2499
S004086,A004086,PLN_GROWTH,2023-06-27,,active,9,199
S004087,A004087,PLN_STARTER,2024-12-21,,active,4,49
S004088,A004088,PLN_SCALE,2023-08-18,2025-07-31,cancelled,54,799
S004089,A004089,PLN_GROWTH,2024-09-25,,active,17,199
S004090,A004090,PLN_STARTER,2023-07-25,,active,3,49
S004091,A004091,PLN_STARTER,2023-10-24,,active,6,59
S004092,A004092,PLN_STARTER,2023-06-28,,active,1,49
S004093,A004093,PLN_GROWTH,2024-09-23,,active,20,199
S004094,A004094,PLN_STARTER,2025-07-09,,active,5,49
S004095,A004095,PLN_GROWTH,2024-01-07,2024-05-12,cancelled,26,247
S004096,A004096,PLN_GROWTH,2023-04-06,,active,19,199
S004097,A004097,PLN_STARTER,2024-09-05,,active,3,49
S004098,A004098,PLN_GROWTH,2024-07-02,2025-03-27,cancelled,25,239
S004099,A004099,PLN_STARTER,2025-02-15,,active,3,49
S004100,A004100,PLN_STARTER,2025-03-05,,active,6,59
S004101,A004101,PLN_GROWTH,2025-06-30,,active,20,199
S004102,A004102,PLN_STARTER,2024-04-21,2025-06-17,cancelled,4,49
S004103,A004103,PLN_STARTER,2023-11-16,,active,2,49
S004104,A004104,PLN_STARTER,2025-02-06,,active,6,59
S004105,A004105,PLN_STARTER,2023-05-31,,active,6,59
S004106,A004106,PLN_GROWTH,2024-07-24,,active,25,239
S004107,A004107,PLN_GROWTH,2025-01-11,,active,12,199
S004108,A004108,PLN_GROWTH,2025-01-25,,active,14,199
S004109,A004109,PLN_STARTER,2024-09-17,,active,3,49
S004110,A004110,PLN_STARTER,2025-01-19,,active,5,49
S004111,A004111,PLN_STARTER,2025-07-18,,active,2,49
S004112,A004112,PLN_STARTER,2023-06-23,,active,2,49
S004113,A004113,PLN_STARTER,2025-03-02,,active,6,59
S004114,A004114,PLN_STARTER,2024-12-09,,active,3,49
S004115,A004115,PLN_GROWTH,2024-10-14,,active,7,199
S004116,A004116,PLN_STARTER,2025-01-09,2025-06-17,cancelled,4,49
S004117,A004117,PLN_STARTER,2024-06-19,,active,3,49
S004118,A004118,PLN_GROWTH,2024-09-01,,active,22,215
S004119,A004119,PLN_GROWTH,2024-12-17,2025-04-15,cancelled,24,231
S004120,A004120,PLN_SCALE,2023-12-25,,active,61,799
S004121,A004121,PLN_STARTER,2024-10-20,,active,4,49
S004122,A004122,PLN_GROWTH,2023-05-04,,active,22,215
S004123,A004123,PLN_ENTERPRISE,2025-08-14,,active,427,2499
S004124,A004124,PLN_STARTER,2023-04-01,,active,3,49
S004125,A004125,PLN_SCALE,2025-01-26,,active,55,799
S004126,A004126,PLN_STARTER,2024-11-29,,active,4,49
S004127,A004127,PLN_SCALE,2024-12-14,,active,72,799
S004128,A004128,PLN_STARTER,2024-10-27,,active,2,49
S004129,A004129,PLN_STARTER,2025-07-11,,active,2,49
S004130,A004130,PLN_STARTER,2023-05-25,2023-10-30,cancelled,3,49
S004131,A004131,PLN_SCALE,2024-08-16,,active,78,799
S004132,A004132,PLN_STARTER,2024-01-04,,active,2,49
S004133,A004133,PLN_SCALE,2025-01-20,,active,124,943
S004134,A004134,PLN_STARTER,2023-03-13,,active,2,49
S004135,A004135,PLN_SCALE,2023-03-05,,active,64,799
S004136,A004136,PLN_STARTER,2023-11-02,,active,3,49
S004137,A004137,PLN_ENTERPRISE,2023-05-23,,active,365,2499
S004138,A004138,PLN_ENTERPRISE,2025-09-22,,active,378,2499
S004139,A004139,PLN_GROWTH,2023-04-11,,active,19,199
S004140,A004140,PLN_STARTER,2023-11-29,,active,6,59
S004141,A004141,PLN_STARTER,2024-02-18,,active,2,49
S004142,A004142,PLN_GROWTH,2025-02-15,,active,21,207
S004143,A004143,PLN_ENTERPRISE,2024-03-16,,active,430,2499
S004144,A004144,PLN_STARTER,2023-05-24,,active,2,49
S004145,A004145,PLN_STARTER,2024-10-27,,active,2,49
S004146,A004146,PLN_GROWTH,2025-01-25,,active,24,231
S004147,A004147,PLN_STARTER,2024-09-30,2025-07-12,cancelled,5,49
S004148,A004148,PLN_STARTER,2025-03-18,,active,2,49
S004149,A004149,PLN_SCALE,2024-05-13,,active,56,799
S004150,A004150,PLN_STARTER,2025-01-01,,active,5,49
S004151,A004151,PLN_STARTER,2025-07-14,,active,3,49
S004152,A004152,PLN_STARTER,2025-06-16,,active,4,49
S004153,A004153,PLN_STARTER,2023-08-12,,active,4,49
S004154,A004154,PLN_STARTER,2024-07-13,,active,6,59
S004155,A004155,PLN_STARTER,2025-08-16,,active,3,49
S004156,A004156,PLN_STARTER,2023-05-29,,active,3,49
S004157,A004157,PLN_STARTER,2024-01-03,,active,6,59
S004158,A004158,PLN_STARTER,2024-12-04,,active,2,49
S004159,A004159,PLN_GROWTH,2023-11-09,2024-03-26,cancelled,20,199
S004160,A004160,PLN_STARTER,2023-11-21,,active,3,49
S004161,A004161,PLN_STARTER,2024-01-13,,active,6,59
S004162,A004162,PLN_ENTERPRISE,2025-06-13,,active,398,2499
S004163,A004163,PLN_GROWTH,2023-01-17,,active,12,199
S004164,A004164,PLN_STARTER,2025-03-01,,active,5,49
S004165,A004165,PLN_GROWTH,2023-08-30,,active,22,215
S004166,A004166,PLN_STARTER,2023-12-09,,active,4,49
S004167,A004167,PLN_GROWTH,2024-12-24,,active,10,199
S004168,A004168,PLN_GROWTH,2024-09-02,2025-01-07,cancelled,14,199
S004169,A004169,PLN_STARTER,2025-02-17,,active,5,49
S004170,A004170,PLN_GROWTH,2025-01-12,,active,13,199
S004171,A004171,PLN_GROWTH,2023-11-09,2025-04-05,cancelled,9,199
S004172,A004172,PLN_STARTER,2023-04-28,,active,3,49
S004173,A004173,PLN_SCALE,2025-04-30,,active,116,895
S004174,A004174,PLN_GROWTH,2025-01-22,,active,17,199
S004175,A004175,PLN_STARTER,2024-09-11,,active,5,49
S004176,A004176,PLN_STARTER,2024-05-24,,active,2,49
S004177,A004177,PLN_GROWTH,2024-10-27,,active,21,207
S004178,A004178,PLN_GROWTH,2023-01-15,2023-11-27,cancelled,22,215
S004179,A004179,PLN_SCALE,2023-08-30,2024-08-20,cancelled,78,799
S004180,A004180,PLN_STARTER,2023-11-25,,active,5,49
S004181,A004181,PLN_SCALE,2023-07-19,,active,73,799
S004182,A004182,PLN_STARTER,2025-07-14,,active,1,49
S004183,A004183,PLN_GROWTH,2023-07-16,,active,7,199
S004184,A004184,PLN_SCALE,2025-07-09,,active,79,799
S004185,A004185,PLN_STARTER,2023-11-22,,active,6,59
S004186,A004186,PLN_STARTER,2023-10-06,,active,4,49
S004187,A004187,PLN_STARTER,2024-05-30,,active,2,49
S004188,A004188,PLN_GROWTH,2023-03-24,,active,20,199
S004189,A004189,PLN_STARTER,2023-07-01,,active,2,49
S004190,A004190,PLN_SCALE,2024-05-07,,active,80,799
S004191,A004191,PLN_SCALE,2025-06-04,,active,114,883
S004192,A004192,PLN_GROWTH,2025-09-20,,active,7,199
S004193,A004193,PLN_GROWTH,2024-04-10,,active,21,207
S004194,A004194,PLN_GROWTH,2024-05-20,,active,19,199
S004195,A004195,PLN_STARTER,2025-08-02,,active,4,49
S004196,A004196,PLN_STARTER,2024-08-21,,active,6,59
S004197,A004197,PLN_STARTER,2023-11-09,,active,4,49
S004198,A004198,PLN_STARTER,2023-06-26,,active,6,59
S004199,A004199,PLN_STARTER,2024-09-05,,active,4,49
S004200,A004200,PLN_GROWTH,2024-02-13,2024-07-21,cancelled,20,199
S004201,A004201,PLN_STARTER,2025-09-05,,active,6,59
S004202,A004202,PLN_STARTER,2025-08-24,,active,6,59
S004203,A004203,PLN_STARTER,2024-07-06,,active,2,49
S004204,A004204,PLN_STARTER,2024-05-12,2025-07-25,cancelled,3,49
S004205,A004205,PLN_GROWTH,2025-08-31,,active,19,199
S004206,A004206,PLN_STARTER,2023-04-19,2024-09-24,cancelled,3,49
S004207,A004207,PLN_STARTER,2024-12-12,,active,3,49
S004208,A004208,PLN_STARTER,2024-12-09,,active,4,49
S004209,A004209,PLN_SCALE,2025-09-01,,active,111,865
S004210,A004210,PLN_STARTER,2025-03-29,,active,4,49
S004211,A004211,PLN_STARTER,2023-07-01,2024-08-15,cancelled,6,59
S004212,A004212,PLN_STARTER,2023-12-15,,active,6,59
S004213,A004213,PLN_STARTER,2025-03-01,,active,5,49
S004214,A004214,PLN_STARTER,2025-05-22,2025-11-07,cancelled,3,49
S004215,A004215,PLN_SCALE,2025-05-03,,active,86,799
S004216,A004216,PLN_STARTER,2023-01-15,,active,4,49
S004217,A004217,PLN_ENTERPRISE,2023-03-26,2023-12-16,cancelled,188,2499
S004218,A004218,PLN_SCALE,2024-04-06,,active,45,799
S004219,A004219,PLN_STARTER,2024-12-13,,active,5,49
S004220,A004220,PLN_SCALE,2023-09-10,,active,127,961
S004221,A004221,PLN_STARTER,2023-10-19,,active,4,49
S004222,A004222,PLN_GROWTH,2023-08-31,2025-08-05,cancelled,19,199
S004223,A004223,PLN_STARTER,2024-07-09,,active,2,49
S004224,A004224,PLN_GROWTH,2024-09-20,,active,10,199
S004225,A004225,PLN_SCALE,2025-06-24,,active,69,799
S004226,A004226,PLN_SCALE,2024-03-20,,active,81,799
S004227,A004227,PLN_STARTER,2023-03-20,,active,3,49
S004228,A004228,PLN_STARTER,2023-12-19,,active,3,49
S004229,A004229,PLN_STARTER,2024-08-31,,active,1,49
S004230,A004230,PLN_GROWTH,2023-04-20,,active,17,199
S004231,A004231,PLN_SCALE,2023-06-18,2024-08-07,cancelled,84,799
S004232,A004232,PLN_STARTER,2025-01-02,,active,2,49
S004233,A004233,PLN_STARTER,2023-10-27,,active,6,59
S004234,A004234,PLN_GROWTH,2024-04-14,,active,9,199
S004235,A004235,PLN_ENTERPRISE,2025-09-26,,active,430,2499
S004236,A004236,PLN_GROWTH,2024-10-25,,active,24,231
S004237,A004237,PLN_GROWTH,2024-10-01,,active,8,199
S004238,A004238,PLN_STARTER,2025-05-09,,active,3,49
S004239,A004239,PLN_SCALE,2025-06-02,,active,118,907
S004240,A004240,PLN_STARTER,2025-03-20,,active,2,49
S004241,A004241,PLN_GROWTH,2023-04-10,,active,26,247
S004242,A004242,PLN_ENTERPRISE,2024-10-29,2025-11-04,cancelled,426,2499
S004243,A004243,PLN_STARTER,2023-07-09,,active,3,49
S004244,A004244,PLN_STARTER,2025-04-16,,active,6,59
S004245,A004245,PLN_STARTER,2024-06-10,2025-01-23,cancelled,3,49
S004246,A004246,PLN_GROWTH,2024-06-02,2024-12-22,cancelled,15,199
S004247,A004247,PLN_GROWTH,2024-12-06,,active,9,199
S004248,A004248,PLN_GROWTH,2025-07-25,,active,16,199
S004249,A004249,PLN_GROWTH,2023-06-08,2024-03-24,cancelled,26,247
S004250,A004250,PLN_GROWTH,2023-08-04,,active,16,199
S004251,A004251,PLN_STARTER,2024-01-13,,active,4,49
S004252,A004252,PLN_GROWTH,2025-08-27,,active,16,199
S004253,A004253,PLN_STARTER,2024-12-18,,active,5,49
S004254,A004254,PLN_STARTER,2025-07-03,,active,6,59
S004255,A004255,PLN_SCALE,2025-08-16,,active,129,973
S004256,A004256,PLN_STARTER,2023-03-09,2024-06-07,cancelled,5,49
S004257,A004257,PLN_ENTERPRISE,2024-04-02,,active,230,2499
S004258,A004258,PLN_GROWTH,2025-01-14,,active,8,199
S004259,A004259,PLN_STARTER,2023-08-24,2025-04-02,cancelled,5,49
S004260,A004260,PLN_STARTER,2023-02-13,,active,5,49
S004261,A004261,PLN_STARTER,2023-05-31,,active,2,49
S004262,A004262,PLN_STARTER,2025-09-08,,active,6,59
S004263,A004263,PLN_SCALE,2023-12-31,,active,84,799
S004264,A004264,PLN_STARTER,2023-03-14,,active,2,49
S004265,A004265,PLN_GROWTH,2025-03-09,,active,25,239
S004266,A004266,PLN_GROWTH,2024-11-27,,active,13,199
S004267,A004267,PLN_GROWTH,2024-03-20,,active,7,199
S004268,A004268,PLN_GROWTH,2024-11-14,,active,22,215
S004269,A004269,PLN_GROWTH,2023-12-22,,active,26,247
S004270,A004270,PLN_STARTER,2024-07-08,,active,3,49
S004271,A004271,PLN_STARTER,2024-01-26,,active,3,49
S004272,A004272,PLN_GROWTH,2025-04-07,,active,18,199
S004273,A004273,PLN_GROWTH,2025-10-02,,active,16,199
S004274,A004274,PLN_STARTER,2025-01-30,,active,6,59
S004275,A004275,PLN_STARTER,2024-06-28,,active,2,49
S004276,A004276,PLN_GROWTH,2024-05-08,,active,9,199
S004277,A004277,PLN_SCALE,2025-02-22,,active,37,799
S004278,A004278,PLN_GROWTH,2024-09-08,2025-11-03,cancelled,8,199
S004279,A004279,PLN_STARTER,2025-02-16,,active,3,49
S004280,A004280,PLN_STARTER,2024-08-24,,active,2,49
S004281,A004281,PLN_STARTER,2023-07-14,,active,3,49
S004282,A004282,PLN_ENTERPRISE,2023-04-01,,active,223,2499
S004283,A004283,PLN_SCALE,2024-02-29,,active,130,979
S004284,A004284,PLN_STARTER,2025-08-15,,active,5,49
S004285,A004285,PLN_STARTER,2025-02-04,,active,3,49
S004286,A004286,PLN_ENTERPRISE,2025-01-25,2025-11-01,cancelled,245,2499
S004287,A004287,PLN_STARTER,2025-04-25,,active,3,49
S004288,A004288,PLN_ENTERPRISE,2025-10-01,,active,324,2499
S004289,A004289,PLN_STARTER,2024-02-25,,active,6,59
S004290,A004290,PLN_STARTER,2023-11-06,,active,3,49
S004291,A004291,PLN_STARTER,2025-03-30,,active,6,59
S004292,A004292,PLN_STARTER,2023-04-27,2024-03-15,cancelled,5,49
S004293,A004293,PLN_STARTER,2023-04-15,2024-06-18,cancelled,4,49
S004294,A004294,PLN_STARTER,2025-05-18,2025-09-28,cancelled,5,49
S004295,A004295,PLN_STARTER,2025-09-01,,active,5,49
S004296,A004296,PLN_GROWTH,2023-04-26,,active,10,199
S004297,A004297,PLN_ENTERPRISE,2024-09-25,,active,353,2499
S004298,A004298,PLN_GROWTH,2024-12-22,,active,23,223
S004299,A004299,PLN_STARTER,2025-06-12,,active,2,49
S004300,A004300,PLN_STARTER,2024-12-22,2025-07-28,cancelled,2,49
S004301,A004301,PLN_ENTERPRISE,2025-06-30,,active,362,2499
S004302,A004302,PLN_GROWTH,2023-01-19,,active,11,199
S004303,A004303,PLN_STARTER,2025-05-13,,active,3,49
S004304,A004304,PLN_SCALE,2025-01-03,,active,71,799
S004305,A004305,PLN_GROWTH,2025-06-04,2025-09-25,cancelled,25,239
S004306,A004306,PLN_GROWTH,2025-03-19,,active,22,215
S004307,A004307,PLN_SCALE,2024-03-24,,active,47,799
S004308,A004308,PLN_STARTER,2023-12-18,2024-08-16,cancelled,2,49
S004309,A004309,PLN_GROWTH,2025-06-26,,active,7,199
S004310,A004310,PLN_STARTER,2024-04-26,2024-08-10,cancelled,6,59
S004311,A004311,PLN_STARTER,2025-10-04,,active,2,49
S004312,A004312,PLN_STARTER,2024-02-12,,active,5,49
S004313,A004313,PLN_STARTER,2023-03-05,,active,1,49
S004314,A004314,PLN_SCALE,2023-06-30,,active,72,799
S004315,A004315,PLN_STARTER,2023-03-03,,active,6,59
S004316,A004316,PLN_STARTER,2023-04-25,2023-12-01,cancelled,5,49
S004317,A004317,PLN_STARTER,2024-09-11,,active,5,49
S004318,A004318,PLN_STARTER,2024-07-28,2025-07-15,cancelled,4,49
S004319,A004319,PLN_STARTER,2023-11-08,,active,4,49
S004320,A004320,PLN_STARTER,2023-01-23,2023-08-31,cancelled,4,49
S004321,A004321,PLN_SCALE,2023-12-07,2024-05-06,cancelled,78,799
S004322,A004322,PLN_GROWTH,2024-03-17,,active,17,199
S004323,A004323,PLN_SCALE,2023-06-01,,active,95,799
S004324,A004324,PLN_SCALE,2025-01-27,,active,59,799
S004325,A004325,PLN_SCALE,2023-03-01,,active,86,799
S004326,A004326,PLN_STARTER,2024-07-18,,active,3,49
S004327,A004327,PLN_STARTER,2024-09-10,,active,2,49
S004328,A004328,PLN_STARTER,2023-03-01,2024-08-22,cancelled,3,49
S004329,A004329,PLN_STARTER,2024-07-06,,active,5,49
S004330,A004330,PLN_STARTER,2024-04-11,,active,3,49
S004331,A004331,PLN_STARTER,2024-08-23,2025-11-29,cancelled,5,49
S004332,A004332,PLN_SCALE,2023-03-14,,active,39,799
S004333,A004333,PLN_SCALE,2025-09-09,,active,127,961
S004334,A004334,PLN_SCALE,2025-06-28,,active,71,799
S004335,A004335,PLN_SCALE,2024-04-17,,active,111,865
S004336,A004336,PLN_STARTER,2025-04-18,,active,5,49
S004337,A004337,PLN_STARTER,2024-06-19,2025-03-12,cancelled,4,49
S004338,A004338,PLN_ENTERPRISE,2023-02-05,2024-10-23,cancelled,366,2499
S004339,A004339,PLN_STARTER,2023-09-03,2024-10-26,cancelled,4,49
S004340,A004340,PLN_GROWTH,2023-04-27,,active,11,199
S004341,A004341,PLN_GROWTH,2023-07-08,,active,21,207
S004342,A004342,PLN_GROWTH,2023-12-21,,active,23,223
S004343,A004343,PLN_STARTER,2024-03-27,,active,5,49
S004344,A004344,PLN_STARTER,2025-08-25,,active,3,49
S004345,A004345,PLN_STARTER,2023-07-02,,active,5,49
S004346,A004346,PLN_SCALE,2025-03-27,,active,93,799
S004347,A004347,PLN_ENTERPRISE,2023-03-23,2024-02-25,cancelled,391,2499
S004348,A004348,PLN_GROWTH,2025-07-21,2025-12-26,cancelled,16,199
S004349,A004349,PLN_STARTER,2024-11-27,2025-04-04,cancelled,3,49
S004350,A004350,PLN_STARTER,2025-10-15,,active,5,49
S004351,A004351,PLN_STARTER,2024-06-19,2025-11-22,cancelled,2,49
S004352,A004352,PLN_SCALE,2024-02-29,2024-10-22,cancelled,42,799
S004353,A004353,PLN_STARTER,2025-01-18,,active,5,49
S004354,A004354,PLN_STARTER,2023-12-06,,active,4,49
S004355,A004355,PLN_GROWTH,2023-06-15,,active,25,239
S004356,A004356,PLN_STARTER,2023-03-18,,active,5,49
S004357,A004357,PLN_GROWTH,2023-08-08,,active,13,199
S004358,A004358,PLN_STARTER,2023-10-10,,active,4,49
S004359,A004359,PLN_GROWTH,2023-05-25,2024-03-13,cancelled,15,199
S004360,A004360,PLN_STARTER,2024-12-17,,active,2,49
S004361,A004361,PLN_STARTER,2025-10-04,,active,6,59
S004362,A004362,PLN_SCALE,2024-05-11,,active,72,799
S004363,A004363,PLN_SCALE,2023-12-10,,active,119,913
S004364,A004364,PLN_GROWTH,2024-10-21,,active,14,199
S004365,A004365,PLN_STARTER,2025-09-05,,active,1,49
S004366,A004366,PLN_GROWTH,2024-12-09,,active,12,199
S004367,A004367,PLN_STARTER,2024-07-09,,active,4,49
S004368,A004368,PLN_STARTER,2023-05-26,,active,4,49
S004369,A004369,PLN_GROWTH,2023-07-24,,active,8,199
S004370,A004370,PLN_GROWTH,2025-03-25,,active,22,215
S004371,A004371,PLN_STARTER,2023-09-24,2024-06-26,cancelled,3,49
S004372,A004372,PLN_STARTER,2024-03-30,,active,4,49
S004373,A004373,PLN_GROWTH,2024-12-21,,active,26,247
S004374,A004374,PLN_STARTER,2024-03-09,,active,5,49
S004375,A004375,PLN_STARTER,2023-01-31,,active,1,49
S004376,A004376,PLN_SCALE,2024-08-15,2025-08-18,cancelled,45,799
S004377,A004377,PLN_STARTER,2024-07-26,,active,2,49
S004378,A004378,PLN_GROWTH,2025-09-21,,active,26,247
S004379,A004379,PLN_STARTER,2024-05-06,,active,3,49
S004380,A004380,PLN_STARTER,2024-11-28,,active,6,59
S004381,A004381,PLN_GROWTH,2023-09-20,2024-08-20,cancelled,13,199
S004382,A004382,PLN_STARTER,2025-10-07,,active,3,49
S004383,A004383,PLN_GROWTH,2023-04-13,,active,21,207
S004384,A004384,PLN_STARTER,2025-09-04,,active,6,59
S004385,A004385,PLN_STARTER,2024-03-14,,active,3,49
S004386,A004386,PLN_STARTER,2025-06-11,,active,5,49
S004387,A004387,PLN_STARTER,2023-06-29,,active,2,49
S004388,A004388,PLN_STARTER,2023-02-22,,active,4,49
S004389,A004389,PLN_STARTER,2024-10-23,,active,6,59
S004390,A004390,PLN_STARTER,2023-10-31,,active,6,59
S004391,A004391,PLN_SCALE,2023-02-23,,active,79,799
S004392,A004392,PLN_STARTER,2023-05-03,,active,5,49
S004393,A004393,PLN_GROWTH,2023-09-19,,active,7,199
S004394,A004394,PLN_GROWTH,2023-04-24,2023-08-19,cancelled,24,231
S004395,A004395,PLN_GROWTH,2024-04-11,2025-07-02,cancelled,10,199
S004396,A004396,PLN_SCALE,2024-11-14,,active,101,805
S004397,A004397,PLN_GROWTH,2023-03-31,,active,14,199
S004398,A004398,PLN_GROWTH,2024-01-18,,active,24,231
S004399,A004399,PLN_GROWTH,2024-12-15,,active,13,199
S004400,A004400,PLN_STARTER,2024-10-26,,active,6,59
S004401,A004401,PLN_STARTER,2023-06-14,,active,4,49
S004402,A004402,PLN_GROWTH,2025-04-25,,active,17,199
S004403,A004403,PLN_STARTER,2023-04-28,,active,5,49
S004404,A004404,PLN_STARTER,2024-04-22,2024-10-10,cancelled,3,49
S004405,A004405,PLN_STARTER,2024-03-22,,active,2,49
S004406,A004406,PLN_STARTER,2023-09-17,,active,4,49
S004407,A004407,PLN_ENTERPRISE,2023-04-10,,active,377,2499
S004408,A004408,PLN_GROWTH,2023-07-29,,active,19,199
S004409,A004409,PLN_STARTER,2023-09-15,2024-10-30,cancelled,2,49
S004410,A004410,PLN_GROWTH,2024-01-28,2025-06-24,cancelled,24,231
S004411,A004411,PLN_STARTER,2023-02-13,,active,5,49
S004412,A004412,PLN_GROWTH,2023-11-14,,active,19,199
S004413,A004413,PLN_STARTER,2023-11-01,2025-01-25,cancelled,2,49
S004414,A004414,PLN_SCALE,2025-03-02,,active,113,877
S004415,A004415,PLN_GROWTH,2023-11-04,,active,13,199
S004416,A004416,PLN_STARTER,2024-08-26,2025-02-12,cancelled,6,59
S004417,A004417,PLN_STARTER,2024-07-24,2025-02-07,cancelled,4,49
S004418,A004418,PLN_GROWTH,2025-04-21,,active,7,199
S004419,A004419,PLN_GROWTH,2025-07-03,,active,25,239
S004420,A004420,PLN_SCALE,2025-09-03,,active,46,799
S004421,A004421,PLN_STARTER,2024-10-18,,active,3,49
S004422,A004422,PLN_STARTER,2023-08-04,,active,4,49
S004423,A004423,PLN_GROWTH,2024-06-02,,active,20,199
S004424,A004424,PLN_STARTER,2024-01-28,,active,4,49
S004425,A004425,PLN_SCALE,2024-03-27,,active,73,799
S004426,A004426,PLN_GROWTH,2023-12-13,,active,19,199
S004427,A004427,PLN_STARTER,2024-06-30,,active,2,49
S004428,A004428,PLN_GROWTH,2025-04-10,,active,8,199
S004429,A004429,PLN_ENTERPRISE,2023-04-26,,active,314,2499
S004430,A004430,PLN_SCALE,2025-03-10,,active,94,799
S004431,A004431,PLN_STARTER,2023-07-23,2025-07-03,cancelled,3,49
S004432,A004432,PLN_GROWTH,2024-01-11,,active,18,199
S004433,A004433,PLN_STARTER,2025-02-01,,active,2,49
S004434,A004434,PLN_STARTER,2025-02-07,,active,6,59
S004435,A004435,PLN_STARTER,2025-07-08,,active,3,49
S004436,A004436,PLN_GROWTH,2023-04-08,,active,24,231
S004437,A004437,PLN_STARTER,2025-02-22,,active,2,49
S004438,A004438,PLN_STARTER,2023-02-12,2024-05-19,cancelled,3,49
S004439,A004439,PLN_SCALE,2023-07-30,2024-07-27,cancelled,131,985
S004440,A004440,PLN_GROWTH,2023-10-05,,active,23,223
S004441,A004441,PLN_STARTER,2024-04-24,,active,6,59
S004442,A004442,PLN_STARTER,2023-02-19,,active,4,49
S004443,A004443,PLN_GROWTH,2025-06-08,,active,19,199
S004444,A004444,PLN_SCALE,2024-05-02,,active,131,985
S004445,A004445,PLN_STARTER,2025-04-23,,active,1,49
S004446,A004446,PLN_STARTER,2024-06-20,,active,2,49
S004447,A004447,PLN_GROWTH,2023-10-31,,active,8,199
S004448,A004448,PLN_STARTER,2023-07-10,,active,4,49
S004449,A004449,PLN_STARTER,2025-01-22,,active,5,49
S004450,A004450,PLN_GROWTH,2024-11-25,,active,14,199
S004451,A004451,PLN_STARTER,2025-08-29,,active,6,59
S004452,A004452,PLN_SCALE,2025-06-22,,active,94,799
S004453,A004453,PLN_STARTER,2024-12-29,,active,2,49
S004454,A004454,PLN_STARTER,2023-04-25,,active,5,49
S004455,A004455,PLN_GROWTH,2024-05-09,2024-09-27,cancelled,14,199
S004456,A004456,PLN_STARTER,2024-02-23,,active,5,49
S004457,A004457,PLN_STARTER,2024-09-05,2024-12-24,cancelled,5,49
S004458,A004458,PLN_GROWTH,2023-09-23,,active,23,223
S004459,A004459,PLN_GROWTH,2025-07-02,,active,18,199
S004460,A004460,PLN_GROWTH,2024-03-22,,active,9,199
S004461,A004461,PLN_STARTER,2025-02-27,,active,5,49
S004462,A004462,PLN_SCALE,2024-12-15,,active,81,799
S004463,A004463,PLN_STARTER,2025-02-08,,active,4,49
S004464,A004464,PLN_GROWTH,2025-06-16,,active,8,199
S004465,A004465,PLN_STARTER,2024-06-15,,active,5,49
S004466,A004466,PLN_GROWTH,2025-08-28,,active,21,207
S004467,A004467,PLN_GROWTH,2024-04-18,,active,25,239
S004468,A004468,PLN_SCALE,2024-10-15,,active,49,799
S004469,A004469,PLN_ENTERPRISE,2024-04-16,,active,237,2499
S004470,A004470,PLN_STARTER,2024-12-10,,active,2,49
S004471,A004471,PLN_STARTER,2023-12-30,,active,3,49
S004472,A004472,PLN_STARTER,2024-12-12,,active,5,49
S004473,A004473,PLN_STARTER,2025-08-09,,active,3,49
S004474,A004474,PLN_SCALE,2025-08-24,,active,49,799
S004475,A004475,PLN_GROWTH,2024-12-13,,active,20,199
S004476,A004476,PLN_STARTER,2023-06-07,2024-11-27,cancelled,6,59
S004477,A004477,PLN_SCALE,2023-02-25,,active,35,799
S004478,A004478,PLN_GROWTH,2023-01-22,,active,7,199
S004479,A004479,PLN_SCALE,2024-02-20,2025-01-19,cancelled,77,799
S004480,A004480,PLN_STARTER,2024-07-06,,active,6,59
S004481,A004481,PLN_STARTER,2025-05-13,,active,4,49
S004482,A004482,PLN_STARTER,2024-12-31,,active,2,49
S004483,A004483,PLN_STARTER,2023-08-20,,active,3,49
S004484,A004484,PLN_STARTER,2024-06-18,,active,1,49
S004485,A004485,PLN_STARTER,2024-11-15,,active,4,49
S004486,A004486,PLN_STARTER,2023-11-08,2024-10-21,cancelled,2,49
S004487,A004487,PLN_STARTER,2023-06-11,,active,5,49
S004488,A004488,PLN_SCALE,2023-06-08,,active,99,799
S004489,A004489,PLN_STARTER,2023-11-22,,active,4,49
S004490,A004490,PLN_SCALE,2024-01-27,,active,128,967
S004491,A004491,PLN_ENTERPRISE,2025-06-24,,active,307,2499
S004492,A004492,PLN_STARTER,2025-04-22,,active,2,49
S004493,A004493,PLN_GROWTH,2023-11-01,2025-03-11,cancelled,11,199
S004494,A004494,PLN_GROWTH,2023-06-28,,active,8,199
S004495,A004495,PLN_STARTER,2024-02-18,,active,6,59
S004496,A004496,PLN_STARTER,2023-10-11,2024-12-13,cancelled,4,49
S004497,A004497,PLN_STARTER,2024-04-29,,active,3,49
S004498,A004498,PLN_GROWTH,2024-06-17,,active,8,199
S004499,A004499,PLN_STARTER,2023-11-21,,active,6,59
S004500,A004500,PLN_GROWTH,2023-02-21,,active,18,199
S004501,A004501,PLN_STARTER,2025-07-05,,active,6,59
S004502,A004502,PLN_STARTER,2023-01-18,2023-12-09,cancelled,2,49
S004503,A004503,PLN_GROWTH,2023-02-16,,active,21,207
S004504,A004504,PLN_STARTER,2023-07-28,,active,3,49
S004505,A004505,PLN_SCALE,2024-11-09,2025-05-13,cancelled,104,823
S004506,A004506,PLN_STARTER,2024-12-11,,active,6,59
S004507,A004507,PLN_GROWTH,2024-04-11,,active,26,247
S004508,A004508,PLN_SCALE,2023-03-16,2024-12-05,cancelled,56,799
S004509,A004509,PLN_GROWTH,2024-06-18,,active,26,247
S004510,A004510,PLN_STARTER,2024-02-03,,active,6,59
S004511,A004511,PLN_STARTER,2024-01-31,,active,5,49
S004512,A004512,PLN_GROWTH,2024-01-11,2025-04-05,cancelled,12,199
S004513,A004513,PLN_GROWTH,2025-06-24,,active,15,199
S004514,A004514,PLN_GROWTH,2023-03-25,,active,18,199
S004515,A004515,PLN_STARTER,2023-07-14,2024-11-12,cancelled,5,49
S004516,A004516,PLN_GROWTH,2023-11-02,,active,9,199
S004517,A004517,PLN_STARTER,2023-08-20,,active,4,49
S004518,A004518,PLN_GROWTH,2023-04-19,,active,10,199
S004519,A004519,PLN_STARTER,2023-12-30,,active,6,59
S004520,A004520,PLN_SCALE,2025-02-27,,active,122,931
S004521,A004521,PLN_GROWTH,2023-05-19,,active,24,231
S004522,A004522,PLN_STARTER,2024-04-14,,active,4,49
S004523,A004523,PLN_GROWTH,2023-06-19,,active,23,223
S004524,A004524,PLN_STARTER,2024-06-02,,active,2,49
S004525,A004525,PLN_GROWTH,2023-07-18,,active,13,199
S004526,A004526,PLN_STARTER,2025-07-24,,active,2,49
S004527,A004527,PLN_GROWTH,2025-06-19,,active,24,231
S004528,A004528,PLN_SCALE,2023-01-31,,active,134,1003
S004529,A004529,PLN_GROWTH,2025-08-09,,active,24,231
S004530,A004530,PLN_GROWTH,2023-12-13,,active,18,199
S004531,A004531,PLN_STARTER,2023-04-15,2023-12-05,cancelled,4,49
S004532,A004532,PLN_GROWTH,2025-06-14,,active,26,247
S004533,A004533,PLN_GROWTH,2025-08-11,,active,22,215
S004534,A004534,PLN_SCALE,2025-08-15,,active,70,799
S004535,A004535,PLN_GROWTH,2024-10-05,2025-10-06,cancelled,19,199
S004536,A004536,PLN_SCALE,2025-10-02,,active,68,799
S004537,A004537,PLN_STARTER,2024-07-01,,active,2,49
S004538,A004538,PLN_STARTER,2024-12-30,,active,6,59
S004539,A004539,PLN_GROWTH,2025-07-21,,active,15,199
S004540,A004540,PLN_STARTER,2024-10-15,,active,5,49
S004541,A004541,PLN_ENTERPRISE,2023-05-04,,active,347,2499
S004542,A004542,PLN_STARTER,2023-12-17,,active,4,49
S004543,A004543,PLN_STARTER,2023-10-08,,active,5,49
S004544,A004544,PLN_STARTER,2023-02-13,2024-05-29,cancelled,2,49
S004545,A004545,PLN_STARTER,2025-09-10,,active,4,49
S004546,A004546,PLN_STARTER,2023-06-11,,active,2,49
S004547,A004547,PLN_SCALE,2024-12-12,,active,108,847
S004548,A004548,PLN_ENTERPRISE,2023-06-06,,active,175,2499
S004549,A004549,PLN_STARTER,2025-01-19,,active,4,49
S004550,A004550,PLN_STARTER,2024-02-18,,active,4,49
S004551,A004551,PLN_STARTER,2025-07-27,,active,2,49
S004552,A004552,PLN_GROWTH,2024-11-17,2025-12-23,cancelled,7,199
S004553,A004553,PLN_GROWTH,2024-04-21,2024-11-25,cancelled,25,239
S004554,A004554,PLN_SCALE,2024-11-18,,active,76,799
S004555,A004555,PLN_STARTER,2024-11-30,2025-05-26,cancelled,1,49
S004556,A004556,PLN_GROWTH,2023-11-07,,active,26,247
S004557,A004557,PLN_STARTER,2024-07-15,,active,1,49
S004558,A004558,PLN_STARTER,2025-07-03,,active,2,49
S004559,A004559,PLN_STARTER,2025-05-27,,active,5,49
S004560,A004560,PLN_GROWTH,2024-05-11,,active,25,239
S004561,A004561,PLN_GROWTH,2024-03-12,,active,7,199
S004562,A004562,PLN_STARTER,2023-11-11,,active,1,49
S004563,A004563,PLN_GROWTH,2024-05-02,,active,19,199
S004564,A004564,PLN_GROWTH,2025-04-03,,active,11,199
S004565,A004565,PLN_STARTER,2024-07-11,,active,2,49
S004566,A004566,PLN_GROWTH,2023-01-26,,active,23,223
S004567,A004567,PLN_GROWTH,2025-01-01,,active,7,199
S004568,A004568,PLN_STARTER,2024-03-21,,active,4,49
S004569,A004569,PLN_STARTER,2025-04-18,,active,3,49
S004570,A004570,PLN_STARTER,2023-07-19,,active,3,49
S004571,A004571,PLN_GROWTH,2023-03-21,,active,15,199
S004572,A004572,PLN_GROWTH,2024-08-30,,active,25,239
S004573,A004573,PLN_STARTER,2025-09-09,,active,5,49
S004574,A004574,PLN_GROWTH,2025-03-25,,active,8,199
S004575,A004575,PLN_GROWTH,2023-05-08,,active,11,199
S004576,A004576,PLN_STARTER,2023-04-09,2024-10-30,cancelled,1,49
S004577,A004577,PLN_STARTER,2025-03-27,,active,6,59
S004578,A004578,PLN_STARTER,2023-09-05,,active,5,49
S004579,A004579,PLN_GROWTH,2024-01-20,,active,12,199
S004580,A004580,PLN_SCALE,2023-11-14,,active,103,817
S004581,A004581,PLN_STARTER,2025-07-19,,active,3,49
S004582,A004582,PLN_STARTER,2023-01-27,2023-06-18,cancelled,4,49
S004583,A004583,PLN_GROWTH,2025-07-01,,active,14,199
S004584,A004584,PLN_STARTER,2025-02-10,2025-07-05,cancelled,5,49
S004585,A004585,PLN_GROWTH,2025-02-09,2025-11-22,cancelled,18,199
S004586,A004586,PLN_STARTER,2023-04-13,,active,4,49
S004587,A004587,PLN_STARTER,2024-07-30,,active,3,49
S004588,A004588,PLN_GROWTH,2024-04-17,,active,9,199
S004589,A004589,PLN_STARTER,2024-12-01,2025-11-25,cancelled,1,49
S004590,A004590,PLN_STARTER,2025-07-16,,active,2,49
S004591,A004591,PLN_ENTERPRISE,2023-11-21,,active,520,2579
S004592,A004592,PLN_STARTER,2025-07-31,,active,4,49
S004593,A004593,PLN_GROWTH,2025-07-02,,active,12,199
S004594,A004594,PLN_STARTER,2024-08-16,2025-04-29,cancelled,5,49
S004595,A004595,PLN_STARTER,2024-04-05,,active,3,49
S004596,A004596,PLN_GROWTH,2024-03-02,,active,26,247
S004597,A004597,PLN_GROWTH,2025-03-15,2025-10-08,cancelled,14,199
S004598,A004598,PLN_SCALE,2024-09-29,,active,132,991
S004599,A004599,PLN_STARTER,2025-01-12,,active,6,59
S004600,A004600,PLN_GROWTH,2024-06-10,,active,11,199
S004601,A004601,PLN_STARTER,2023-10-29,2025-08-17,cancelled,5,49
S004602,A004602,PLN_GROWTH,2023-04-06,,active,16,199
S004603,A004603,PLN_STARTER,2023-05-18,,active,3,49
S004604,A004604,PLN_STARTER,2023-11-06,,active,5,49
S004605,A004605,PLN_GROWTH,2024-11-12,,active,17,199
S004606,A004606,PLN_STARTER,2024-12-13,,active,3,49
S004607,A004607,PLN_STARTER,2023-10-14,,active,3,49
S004608,A004608,PLN_STARTER,2023-11-24,2025-11-08,cancelled,5,49
S004609,A004609,PLN_STARTER,2023-04-28,2024-04-04,cancelled,6,59
S004610,A004610,PLN_ENTERPRISE,2024-04-09,2025-06-06,cancelled,240,2499
S004611,A004611,PLN_STARTER,2025-02-02,,active,4,49
S004612,A004612,PLN_SCALE,2023-10-26,,active,99,799
S004613,A004613,PLN_GROWTH,2024-07-07,,active,13,199
S004614,A004614,PLN_STARTER,2023-09-23,2024-11-21,cancelled,5,49
S004615,A004615,PLN_ENTERPRISE,2023-02-01,,active,210,2499
S004616,A004616,PLN_STARTER,2023-06-12,,active,5,49
S004617,A004617,PLN_STARTER,2024-09-15,,active,5,49
S004618,A004618,PLN_SCALE,2024-02-22,,active,92,799
S004619,A004619,PLN_STARTER,2023-12-04,,active,4,49
S004620,A004620,PLN_STARTER,2024-08-20,2025-04-12,cancelled,3,49
S004621,A004621,PLN_STARTER,2025-07-23,,active,4,49
S004622,A004622,PLN_STARTER,2024-12-17,2025-04-01,cancelled,3,49
S004623,A004623,PLN_STARTER,2024-08-25,,active,3,49
S004624,A004624,PLN_SCALE,2024-04-06,,active,54,799
S004625,A004625,PLN_STARTER,2024-03-04,2025-03-18,cancelled,2,49
S004626,A004626,PLN_GROWTH,2025-08-09,,active,19,199
S004627,A004627,PLN_STARTER,2023-08-14,,active,3,49
S004628,A004628,PLN_STARTER,2023-04-07,,active,5,49
S004629,A004629,PLN_GROWTH,2024-09-06,,active,23,223
S004630,A004630,PLN_STARTER,2024-10-21,,active,5,49
S004631,A004631,PLN_ENTERPRISE,2024-04-14,2025-07-24,cancelled,277,2499
S004632,A004632,PLN_GROWTH,2025-05-24,,active,12,199
S004633,A004633,PLN_STARTER,2023-07-12,,active,2,49
S004634,A004634,PLN_STARTER,2025-03-24,,active,3,49
S004635,A004635,PLN_GROWTH,2024-11-27,,active,17,199
S004636,A004636,PLN_GROWTH,2025-04-23,,active,19,199
S004637,A004637,PLN_STARTER,2025-07-01,,active,4,49
S004638,A004638,PLN_STARTER,2023-08-25,,active,5,49
S004639,A004639,PLN_GROWTH,2024-11-28,,active,19,199
S004640,A004640,PLN_GROWTH,2023-12-18,,active,21,207
S004641,A004641,PLN_STARTER,2024-09-08,,active,5,49
S004642,A004642,PLN_STARTER,2023-08-31,2024-07-07,cancelled,4,49
S004643,A004643,PLN_STARTER,2024-02-22,,active,3,49
S004644,A004644,PLN_STARTER,2024-10-31,2025-05-10,cancelled,5,49
S004645,A004645,PLN_GROWTH,2023-09-19,,active,24,231
S004646,A004646,PLN_STARTER,2025-09-07,,active,4,49
S004647,A004647,PLN_STARTER,2024-01-14,,active,3,49
S004648,A004648,PLN_STARTER,2025-03-19,,active,6,59
S004649,A004649,PLN_GROWTH,2023-03-25,,active,22,215
S004650,A004650,PLN_SCALE,2024-10-16,,active,43,799
S004651,A004651,PLN_STARTER,2023-10-21,,active,3,49
S004652,A004652,PLN_STARTER,2024-04-12,,active,3,49
S004653,A004653,PLN_SCALE,2024-04-22,,active,81,799
S004654,A004654,PLN_ENTERPRISE,2023-01-29,2023-05-06,cancelled,357,2499
S004655,A004655,PLN_GROWTH,2024-02-22,,active,8,199
S004656,A004656,PLN_STARTER,2024-01-26,2024-07-22,cancelled,3,49
S004657,A004657,PLN_STARTER,2023-09-14,2024-02-24,cancelled,2,49
S004658,A004658,PLN_GROWTH,2024-03-17,2025-02-08,cancelled,9,199
S004659,A004659,PLN_STARTER,2023-06-20,,active,3,49
S004660,A004660,PLN_ENTERPRISE,2023-09-08,2025-01-13,cancelled,207,2499
S004661,A004661,PLN_STARTER,2023-10-24,,active,2,49
S004662,A004662,PLN_STARTER,2023-03-18,,active,2,49
S004663,A004663,PLN_STARTER,2024-08-23,,active,4,49
S004664,A004664,PLN_GROWTH,2023-09-03,,active,7,199
S004665,A004665,PLN_SCALE,2024-02-06,,active,119,913
S004666,A004666,PLN_SCALE,2024-02-26,,active,49,799
S004667,A004667,PLN_GROWTH,2023-07-28,,active,11,199
S004668,A004668,PLN_GROWTH,2025-09-06,,active,16,199
S004669,A004669,PLN_ENTERPRISE,2023-07-28,,active,461,2499
S004670,A004670,PLN_SCALE,2024-04-17,,active,119,913
S004671,A004671,PLN_STARTER,2023-07-22,,active,6,59
S004672,A004672,PLN_STARTER,2024-07-31,,active,6,59
S004673,A004673,PLN_GROWTH,2024-11-06,,active,21,207
S004674,A004674,PLN_SCALE,2024-06-28,,active,127,961
S004675,A004675,PLN_STARTER,2025-07-28,,active,6,59
S004676,A004676,PLN_GROWTH,2025-09-20,,active,20,199
S004677,A004677,PLN_SCALE,2025-05-01,2025-12-02,cancelled,36,799
S004678,A004678,PLN_STARTER,2024-01-31,,active,3,49
S004679,A004679,PLN_STARTER,2025-02-05,,active,4,49
S004680,A004680,PLN_GROWTH,2025-09-08,,active,19,199
S004681,A004681,PLN_GROWTH,2024-04-04,,active,17,199
S004682,A004682,PLN_SCALE,2024-02-05,2025-08-15,cancelled,79,799
S004683,A004683,PLN_STARTER,2025-06-02,,active,5,49
S004684,A004684,PLN_GROWTH,2023-01-19,2024-09-17,cancelled,7,199
S004685,A004685,PLN_STARTER,2024-04-05,,active,2,49
S004686,A004686,PLN_STARTER,2023-01-28,,active,2,49
S004687,A004687,PLN_STARTER,2024-01-12,,active,4,49
S004688,A004688,PLN_STARTER,2023-11-24,,active,5,49
S004689,A004689,PLN_STARTER,2023-07-25,,active,5,49
S004690,A004690,PLN_GROWTH,2024-12-21,,active,22,215
S004691,A004691,PLN_STARTER,2024-05-23,,active,4,49
S004692,A004692,PLN_STARTER,2024-03-28,,active,6,59
S004693,A004693,PLN_STARTER,2025-09-05,,active,5,49
S004694,A004694,PLN_ENTERPRISE,2024-08-09,2025-09-14,cancelled,328,2499
S004695,A004695,PLN_STARTER,2024-12-05,,active,6,59
S004696,A004696,PLN_STARTER,2023-12-11,,active,4,49
S004697,A004697,PLN_STARTER,2023-11-14,2024-09-14,cancelled,5,49
S004698,A004698,PLN_ENTERPRISE,2023-08-11,2024-12-05,cancelled,359,2499
S004699,A004699,PLN_GROWTH,2025-10-10,,active,21,207
S004700,A004700,PLN_SCALE,2023-08-30,,active,112,871
S004701,A004701,PLN_STARTER,2024-12-22,,active,2,49
S004702,A004702,PLN_ENTERPRISE,2024-07-18,,active,295,2499
S004703,A004703,PLN_STARTER,2024-05-20,,active,5,49
S004704,A004704,PLN_STARTER,2025-01-27,,active,4,49
S004705,A004705,PLN_GROWTH,2024-06-10,,active,13,199
S004706,A004706,PLN_STARTER,2025-04-12,,active,6,59
S004707,A004707,PLN_GROWTH,2025-02-01,,active,21,207
S004708,A004708,PLN_GROWTH,2025-03-02,,active,10,199
S004709,A004709,PLN_GROWTH,2024-05-26,,active,17,199
S004710,A004710,PLN_GROWTH,2024-08-02,,active,8,199
S004711,A004711,PLN_ENTERPRISE,2025-07-22,,active,273,2499
S004712,A004712,PLN_SCALE,2025-01-26,,active,86,799
S004713,A004713,PLN_STARTER,2025-09-22,,active,4,49
S004714,A004714,PLN_GROWTH,2023-09-21,,active,25,239
S004715,A004715,PLN_SCALE,2025-07-23,,active,68,799
S004716,A004716,PLN_STARTER,2025-02-14,,active,3,49
S004717,A004717,PLN_ENTERPRISE,2024-02-04,2025-05-15,cancelled,313,2499
S004718,A004718,PLN_SCALE,2024-12-17,,active,65,799
S004719,A004719,PLN_STARTER,2023-03-22,,active,5,49
S004720,A004720,PLN_GROWTH,2024-04-24,,active,24,231
S004721,A004721,PLN_GROWTH,2024-02-20,,active,13,199
S004722,A004722,PLN_GROWTH,2025-06-10,,active,8,199
S004723,A004723,PLN_STARTER,2024-09-27,2025-02-19,cancelled,3,49
S004724,A004724,PLN_SCALE,2024-06-14,2025-09-08,cancelled,98,799
S004725,A004725,PLN_STARTER,2023-10-14,2024-03-30,cancelled,4,49
S004726,A004726,PLN_GROWTH,2024-04-28,2024-12-13,cancelled,18,199
S004727,A004727,PLN_STARTER,2023-02-11,2023-09-20,cancelled,4,49
S004728,A004728,PLN_GROWTH,2023-06-13,2024-12-26,cancelled,21,207
S004729,A004729,PLN_GROWTH,2025-02-26,,active,15,199
S004730,A004730,PLN_STARTER,2023-05-29,,active,3,49
S004731,A004731,PLN_ENTERPRISE,2023-07-17,,active,488,2499
S004732,A004732,PLN_STARTER,2023-06-07,,active,3,49
S004733,A004733,PLN_STARTER,2025-04-26,,active,5,49
S004734,A004734,PLN_STARTER,2023-09-13,,active,5,49
S004735,A004735,PLN_SCALE,2023-06-25,,active,69,799
S004736,A004736,PLN_GROWTH,2023-09-21,,active,18,199
S004737,A004737,PLN_STARTER,2023-07-10,,active,4,49
S004738,A004738,PLN_GROWTH,2024-12-15,,active,11,199
S004739,A004739,PLN_GROWTH,2023-09-21,,active,24,231
S004740,A004740,PLN_ENTERPRISE,2023-12-25,2024-11-18,cancelled,490,2499
S004741,A004741,PLN_SCALE,2023-08-11,,active,122,931
S004742,A004742,PLN_GROWTH,2025-05-19,,active,22,215
S004743,A004743,PLN_SCALE,2023-08-13,,active,77,799
S004744,A004744,PLN_GROWTH,2024-09-19,,active,10,199
S004745,A004745,PLN_STARTER,2023-05-13,,active,3,49
S004746,A004746,PLN_SCALE,2024-06-18,2025-03-31,cancelled,96,799
S004747,A004747,PLN_GROWTH,2023-02-17,2024-12-19,cancelled,15,199
S004748,A004748,PLN_SCALE,2024-10-20,,active,96,799
S004749,A004749,PLN_STARTER,2024-09-20,,active,3,49
S004750,A004750,PLN_SCALE,2025-05-28,,active,75,799
S004751,A004751,PLN_GROWTH,2025-05-13,,active,7,199
S004752,A004752,PLN_GROWTH,2025-10-03,,active,26,247
S004753,A004753,PLN_STARTER,2024-04-01,,active,6,59
S004754,A004754,PLN_SCALE,2023-09-30,,active,118,907
S004755,A004755,PLN_STARTER,2024-05-10,2025-10-17,cancelled,2,49
S004756,A004756,PLN_SCALE,2023-11-12,,active,62,799
S004757,A004757,PLN_ENTERPRISE,2025-02-16,,active,293,2499
S004758,A004758,PLN_SCALE,2023-02-26,2024-07-24,cancelled,131,985
S004759,A004759,PLN_STARTER,2025-09-08,,active,5,49
S004760,A004760,PLN_ENTERPRISE,2025-02-10,,active,258,2499
S004761,A004761,PLN_GROWTH,2024-10-06,,active,16,199
S004762,A004762,PLN_GROWTH,2025-05-07,,active,23,223
S004763,A004763,PLN_STARTER,2023-02-02,,active,3,49
S004764,A004764,PLN_GROWTH,2024-05-30,,active,14,199
S004765,A004765,PLN_GROWTH,2024-09-21,,active,17,199
S004766,A004766,PLN_GROWTH,2024-01-28,,active,18,199
S004767,A004767,PLN_ENTERPRISE,2025-04-16,,active,246,2499
S004768,A004768,PLN_STARTER,2024-12-26,,active,3,49
S004769,A004769,PLN_ENTERPRISE,2024-08-25,,active,409,2499
S004770,A004770,PLN_SCALE,2025-08-05,,active,85,799
S004771,A004771,PLN_SCALE,2023-03-06,,active,88,799
S004772,A004772,PLN_STARTER,2023-11-26,,active,5,49
S004773,A004773,PLN_STARTER,2024-04-20,,active,2,49
S004774,A004774,PLN_STARTER,2024-07-25,,active,4,49
S004775,A004775,PLN_STARTER,2025-02-02,,active,2,49
S004776,A004776,PLN_STARTER,2023-01-19,,active,2,49
S004777,A004777,PLN_STARTER,2024-10-27,,active,5,49
S004778,A004778,PLN_STARTER,2023-10-27,,active,4,49
S004779,A004779,PLN_STARTER,2025-03-25,,active,3,49
S004780,A004780,PLN_SCALE,2024-05-03,,active,115,889
S004781,A004781,PLN_GROWTH,2024-09-25,,active,21,207
S004782,A004782,PLN_GROWTH,2025-10-12,,active,21,207
S004783,A004783,PLN_SCALE,2024-11-01,,active,81,799
S004784,A004784,PLN_STARTER,2025-05-21,2025-09-21,cancelled,2,49
S004785,A004785,PLN_GROWTH,2023-09-10,,active,21,207
S004786,A004786,PLN_GROWTH,2024-04-16,,active,22,215
S004787,A004787,PLN_GROWTH,2025-09-16,,active,19,199
S004788,A004788,PLN_GROWTH,2024-10-12,2025-12-12,cancelled,22,215
S004789,A004789,PLN_GROWTH,2024-01-26,,active,18,199
S004790,A004790,PLN_GROWTH,2024-08-20,,active,11,199
S004791,A004791,PLN_SCALE,2023-09-19,2025-01-17,cancelled,132,991
S004792,A004792,PLN_STARTER,2023-09-30,,active,3,49
S004793,A004793,PLN_STARTER,2024-05-10,,active,6,59
S004794,A004794,PLN_STARTER,2023-04-26,,active,4,49
S004795,A004795,PLN_STARTER,2023-03-11,2024-11-09,cancelled,4,49
S004796,A004796,PLN_GROWTH,2024-11-03,2025-06-29,cancelled,8,199
S004797,A004797,PLN_SCALE,2024-06-13,,active,114,883
S004798,A004798,PLN_STARTER,2025-03-29,,active,4,49
S004799,A004799,PLN_STARTER,2024-10-10,,active,5,49
S004800,A004800,PLN_STARTER,2025-09-25,,active,5,49
S004801,A004801,PLN_GROWTH,2025-09-06,,active,12,199
S004802,A004802,PLN_STARTER,2023-04-22,,active,2,49
S004803,A004803,PLN_GROWTH,2024-05-17,,active,18,199
S004804,A004804,PLN_STARTER,2025-03-23,,active,2,49
S004805,A004805,PLN_GROWTH,2024-06-12,,active,10,199
S004806,A004806,PLN_STARTER,2023-05-02,,active,6,59
S004807,A004807,PLN_STARTER,2024-09-15,,active,6,59
S004808,A004808,PLN_STARTER,2025-06-10,,active,6,59
S004809,A004809,PLN_STARTER,2024-12-10,,active,5,49
S004810,A004810,PLN_SCALE,2025-04-28,2025-12-08,cancelled,54,799
S004811,A004811,PLN_GROWTH,2023-12-27,,active,24,231
S004812,A004812,PLN_STARTER,2023-08-15,,active,4,49
S004813,A004813,PLN_STARTER,2023-07-30,,active,6,59
S004814,A004814,PLN_STARTER,2025-09-16,,active,2,49
S004815,A004815,PLN_ENTERPRISE,2025-09-19,,active,273,2499
S004816,A004816,PLN_SCALE,2023-06-10,,active,78,799
S004817,A004817,PLN_ENTERPRISE,2025-07-01,,active,259,2499
S004818,A004818,PLN_GROWTH,2024-10-25,,active,7,199
S004819,A004819,PLN_STARTER,2023-06-30,,active,6,59
S004820,A004820,PLN_GROWTH,2025-09-17,,active,12,199
S004821,A004821,PLN_GROWTH,2024-08-04,,active,13,199
S004822,A004822,PLN_STARTER,2025-06-30,,active,3,49
S004823,A004823,PLN_GROWTH,2025-04-09,,active,15,199
S004824,A004824,PLN_SCALE,2023-12-13,,active,120,919
S004825,A004825,PLN_SCALE,2023-04-11,,active,42,799
S004826,A004826,PLN_STARTER,2024-02-17,,active,1,49
S004827,A004827,PLN_STARTER,2023-08-22,2024-08-03,cancelled,6,59
S004828,A004828,PLN_SCALE,2025-05-10,,active,123,937
S004829,A004829,PLN_GROWTH,2024-02-06,2025-10-13,cancelled,18,199
S004830,A004830,PLN_GROWTH,2024-07-29,,active,16,199
S004831,A004831,PLN_STARTER,2023-11-05,,active,5,49
S004832,A004832,PLN_STARTER,2024-12-12,,active,4,49
S004833,A004833,PLN_STARTER,2025-09-04,,active,5,49
S004834,A004834,PLN_STARTER,2025-10-11,,active,5,49
S004835,A004835,PLN_SCALE,2025-01-29,,active,74,799
S004836,A004836,PLN_STARTER,2025-08-10,,active,3,49
S004837,A004837,PLN_STARTER,2024-09-28,,active,3,49
S004838,A004838,PLN_ENTERPRISE,2024-08-09,2025-02-08,cancelled,259,2499
S004839,A004839,PLN_GROWTH,2024-10-24,,active,19,199
S004840,A004840,PLN_STARTER,2023-12-01,,active,3,49
S004841,A004841,PLN_GROWTH,2025-01-07,,active,15,199
S004842,A004842,PLN_GROWTH,2025-05-09,,active,16,199
S004843,A004843,PLN_STARTER,2023-03-01,,active,6,59
S004844,A004844,PLN_SCALE,2024-04-18,2025-05-28,cancelled,38,799
S004845,A004845,PLN_STARTER,2023-03-04,,active,1,49
S004846,A004846,PLN_STARTER,2025-05-09,,active,2,49
S004847,A004847,PLN_GROWTH,2023-09-10,2025-07-23,cancelled,17,199
S004848,A004848,PLN_STARTER,2024-01-01,,active,3,49
S004849,A004849,PLN_SCALE,2024-05-07,,active,90,799
S004850,A004850,PLN_GROWTH,2024-01-18,2024-08-23,cancelled,15,199
S004851,A004851,PLN_STARTER,2024-02-06,,active,4,49
S004852,A004852,PLN_STARTER,2023-08-08,,active,3,49
S004853,A004853,PLN_SCALE,2024-06-28,,active,74,799
S004854,A004854,PLN_STARTER,2023-06-06,2025-05-19,cancelled,5,49
S004855,A004855,PLN_ENTERPRISE,2023-09-13,,active,238,2499
S004856,A004856,PLN_GROWTH,2024-03-04,,active,19,199
S004857,A004857,PLN_STARTER,2024-11-21,,active,2,49
S004858,A004858,PLN_STARTER,2024-02-28,,active,6,59
S004859,A004859,PLN_SCALE,2025-06-16,,active,89,799
S004860,A004860,PLN_STARTER,2023-10-31,,active,3,49
S004861,A004861,PLN_STARTER,2025-02-24,,active,5,49
S004862,A004862,PLN_GROWTH,2023-09-14,,active,24,231
S004863,A004863,PLN_STARTER,2024-01-29,2025-07-05,cancelled,5,49
S004864,A004864,PLN_GROWTH,2025-02-23,,active,15,199
S004865,A004865,PLN_SCALE,2024-07-29,,active,81,799
S004866,A004866,PLN_GROWTH,2024-09-05,,active,14,199
S004867,A004867,PLN_STARTER,2024-08-16,,active,5,49
S004868,A004868,PLN_GROWTH,2023-12-20,2025-04-05,cancelled,9,199
S004869,A004869,PLN_STARTER,2023-11-01,,active,2,49
S004870,A004870,PLN_GROWTH,2023-04-30,2023-09-26,cancelled,19,199
S004871,A004871,PLN_SCALE,2024-10-06,,active,93,799
S004872,A004872,PLN_STARTER,2024-02-23,2025-08-19,cancelled,5,49
S004873,A004873,PLN_GROWTH,2025-04-25,,active,26,247
S004874,A004874,PLN_SCALE,2024-04-20,2025-08-30,cancelled,118,907
S004875,A004875,PLN_GROWTH,2023-09-07,,active,9,199
S004876,A004876,PLN_ENTERPRISE,2023-04-11,,active,262,2499
S004877,A004877,PLN_STARTER,2023-02-03,,active,5,49
S004878,A004878,PLN_SCALE,2025-07-24,,active,50,799
S004879,A004879,PLN_STARTER,2023-07-17,,active,2,49
S004880,A004880,PLN_STARTER,2025-06-02,,active,5,49
S004881,A004881,PLN_STARTER,2024-08-17,,active,4,49
S004882,A004882,PLN_SCALE,2024-02-25,2025-06-25,cancelled,76,799
S004883,A004883,PLN_STARTER,2025-10-04,,active,2,49
S004884,A004884,PLN_GROWTH,2025-05-25,,active,17,199
S004885,A004885,PLN_GROWTH,2024-04-23,,active,20,199
S004886,A004886,PLN_STARTER,2025-04-17,,active,5,49
S004887,A004887,PLN_STARTER,2024-09-02,,active,2,49
S004888,A004888,PLN_STARTER,2024-01-08,2024-09-29,cancelled,2,49
S004889,A004889,PLN_GROWTH,2023-05-10,,active,16,199
S004890,A004890,PLN_GROWTH,2023-06-28,,active,15,199
S004891,A004891,PLN_STARTER,2025-07-14,,active,4,49
S004892,A004892,PLN_STARTER,2024-05-20,,active,4,49
S004893,A004893,PLN_STARTER,2023-12-12,,active,3,49
S004894,A004894,PLN_SCALE,2025-03-16,,active,93,799
S004895,A004895,PLN_GROWTH,2023-10-28,,active,21,207
S004896,A004896,PLN_GROWTH,2024-04-25,,active,7,199
S004897,A004897,PLN_STARTER,2023-06-25,,active,4,49
S004898,A004898,PLN_STARTER,2025-05-24,,active,4,49
S004899,A004899,PLN_GROWTH,2023-02-16,,active,21,207
S004900,A004900,PLN_STARTER,2023-03-16,,active,4,49
S004901,A004901,PLN_STARTER,2024-07-26,,active,4,49
S004902,A004902,PLN_GROWTH,2024-07-31,2025-10-13,cancelled,20,199
S004903,A004903,PLN_SCALE,2025-05-27,,active,104,823
S004904,A004904,PLN_SCALE,2023-02-15,,active,73,799
S004905,A004905,PLN_GROWTH,2024-04-07,,active,14,199
S004906,A004906,PLN_STARTER,2024-12-27,,active,5,49
S004907,A004907,PLN_STARTER,2025-07-27,,active,4,49
S004908,A004908,PLN_STARTER,2024-01-13,,active,4,49
S004909,A004909,PLN_GROWTH,2023-11-08,,active,8,199
S004910,A004910,PLN_STARTER,2024-01-06,2025-05-06,cancelled,2,49
S004911,A004911,PLN_SCALE,2023-04-15,2024-01-21,cancelled,92,799
S004912,A004912,PLN_STARTER,2023-02-01,,active,2,49
S004913,A004913,PLN_GROWTH,2023-04-04,,active,26,247
S004914,A004914,PLN_GROWTH,2025-08-27,,active,22,215
S004915,A004915,PLN_STARTER,2024-12-26,,active,3,49
S004916,A004916,PLN_GROWTH,2024-11-04,,active,18,199
S004917,A004917,PLN_STARTER,2023-07-08,,active,5,49
S004918,A004918,PLN_SCALE,2025-07-10,,active,73,799
S004919,A004919,PLN_STARTER,2023-10-12,2024-05-15,cancelled,4,49
S004920,A004920,PLN_STARTER,2023-10-26,2024-06-16,cancelled,6,59
S004921,A004921,PLN_GROWTH,2023-09-27,2024-09-24,cancelled,23,223
S004922,A004922,PLN_STARTER,2024-11-16,,active,3,49
S004923,A004923,PLN_ENTERPRISE,2023-07-08,,active,493,2499
S004924,A004924,PLN_STARTER,2024-01-31,,active,5,49
S004925,A004925,PLN_SCALE,2024-04-22,,active,114,883
S004926,A004926,PLN_STARTER,2025-07-07,,active,5,49
S004927,A004927,PLN_SCALE,2025-05-31,,active,95,799
S004928,A004928,PLN_STARTER,2024-08-30,,active,5,49
S004929,A004929,PLN_GROWTH,2025-09-15,,active,8,199
S004930,A004930,PLN_GROWTH,2023-07-16,,active,8,199
S004931,A004931,PLN_STARTER,2025-01-25,,active,6,59
S004932,A004932,PLN_GROWTH,2024-06-22,,active,21,207
S004933,A004933,PLN_SCALE,2024-01-07,,active,71,799
S004934,A004934,PLN_STARTER,2023-06-22,,active,2,49
S004935,A004935,PLN_SCALE,2023-03-03,,active,117,901
S004936,A004936,PLN_SCALE,2023-02-08,,active,66,799
S004937,A004937,PLN_SCALE,2023-09-12,,active,66,799
S004938,A004938,PLN_STARTER,2023-11-11,,active,2,49
S004939,A004939,PLN_STARTER,2025-02-16,,active,3,49
S004940,A004940,PLN_SCALE,2023-05-09,2024-04-25,cancelled,116,895
S004941,A004941,PLN_STARTER,2023-06-09,,active,5,49
S004942,A004942,PLN_STARTER,2023-02-10,,active,4,49
S004943,A004943,PLN_STARTER,2024-12-06,,active,5,49
S004944,A004944,PLN_STARTER,2025-08-30,,active,3,49
S004945,A004945,PLN_ENTERPRISE,2023-09-12,,active,381,2499
S004946,A004946,PLN_SCALE,2023-07-25,,active,105,829
S004947,A004947,PLN_GROWTH,2024-01-03,2024-11-27,cancelled,17,199
S004948,A004948,PLN_SCALE,2025-08-11,,active,95,799
S004949,A004949,PLN_STARTER,2023-08-23,,active,2,49
S004950,A004950,PLN_GROWTH,2024-10-20,,active,22,215
S004951,A004951,PLN_STARTER,2023-06-04,2024-05-25,cancelled,6,59
S004952,A004952,PLN_STARTER,2024-02-26,2025-08-05,cancelled,3,49
S004953,A004953,PLN_STARTER,2023-06-04,,active,3,49
S004954,A004954,PLN_STARTER,2024-05-02,,active,6,59
S004955,A004955,PLN_ENTERPRISE,2025-02-12,,active,185,2499
S004956,A004956,PLN_STARTER,2023-02-22,,active,2,49
S004957,A004957,PLN_ENTERPRISE,2025-01-27,,active,321,2499
S004958,A004958,PLN_GROWTH,2024-11-22,,active,26,247
S004959,A004959,PLN_STARTER,2025-01-16,,active,5,49
S004960,A004960,PLN_SCALE,2024-09-15,,active,90,799
S004961,A004961,PLN_GROWTH,2024-07-06,,active,18,199
S004962,A004962,PLN_GROWTH,2025-04-28,,active,11,199
S004963,A004963,PLN_SCALE,2024-01-13,,active,133,997
S004964,A004964,PLN_STARTER,2024-03-27,,active,2,49
S004965,A004965,PLN_STARTER,2024-10-31,,active,1,49
S004966,A004966,PLN_STARTER,2023-12-29,,active,4,49
S004967,A004967,PLN_GROWTH,2024-04-13,,active,19,199
S004968,A004968,PLN_GROWTH,2023-10-27,,active,8,199
S004969,A004969,PLN_STARTER,2023-03-23,2024-04-14,cancelled,5,49
S004970,A004970,PLN_STARTER,2024-11-04,,active,6,59
S004971,A004971,PLN_STARTER,2024-11-12,,active,6,59
S004972,A004972,PLN_GROWTH,2025-08-15,,active,14,199
S004973,A004973,PLN_STARTER,2025-08-02,,active,3,49
S004974,A004974,PLN_STARTER,2023-01-18,,active,5,49
S004975,A004975,PLN_GROWTH,2024-02-11,,active,13,199
S004976,A004976,PLN_STARTER,2023-11-28,,active,4,49
S004977,A004977,PLN_STARTER,2025-09-30,,active,1,49
S004978,A004978,PLN_GROWTH,2023-01-27,2024-04-15,cancelled,16,199
S004979,A004979,PLN_STARTER,2024-08-21,,active,5,49
S004980,A004980,PLN_GROWTH,2025-01-12,,active,9,199
S004981,A004981,PLN_STARTER,2025-05-01,,active,6,59
S004982,A004982,PLN_STARTER,2025-02-04,,active,4,49
S004983,A004983,PLN_ENTERPRISE,2024-09-13,,active,356,2499
S004984,A004984,PLN_STARTER,2025-04-26,,active,5,49
S004985,A004985,PLN_STARTER,2025-03-05,2025-09-24,cancelled,2,49
S004986,A004986,PLN_GROWTH,2024-05-05,,active,7,199
S004987,A004987,PLN_SCALE,2023-04-10,,active,102,811
S004988,A004988,PLN_GROWTH,2023-10-07,,active,23,223
S004989,A004989,PLN_STARTER,2023-03-26,2024-10-28,cancelled,3,49
S004990,A004990,PLN_SCALE,2024-09-26,2025-08-08,cancelled,110,859
S004991,A004991,PLN_GROWTH,2023-03-22,2025-01-04,cancelled,10,199
S004992,A004992,PLN_STARTER,2023-12-23,2025-07-21,cancelled,6,59
S004993,A004993,PLN_ENTERPRISE,2024-01-25,,active,210,2499
S004994,A004994,PLN_STARTER,2023-01-22,2024-04-02,cancelled,5,49
S004995,A004995,PLN_GROWTH,2024-08-07,,active,9,199
S004996,A004996,PLN_STARTER,2025-06-14,2025-11-25,cancelled,6,59
S004997,A004997,PLN_STARTER,2025-04-02,,active,3,49
S004998,A004998,PLN_GROWTH,2025-05-15,,active,22,215
S004999,A004999,PLN_STARTER,2024-05-27,,active,1,49
S005000,A005000,PLN_STARTER,2025-09-04,,active,2,49
